Employee_ID,Age,Gender,Marital_Status,Education_Level,Department,Job_Title,Hire_Date,Years_at_Company,Years_in_Current_Role,Contract_Type,TechniqueSkill,RemoteWork,Evaluation_Period,Performance_Score,ProjectType,ProjectSuccessRate,Salary,Promotion_Within_Last_2_Years,Training_Recommendation,EmpEnvironmentSatisfaction,EmpJobSatisfaction,BurnoutRiskLevel,Attrition
E0001,32,Female,Single,Bachelor,HR,HR Executive,3/30/2011,14,17,Full-time,"Azure, Docker",Yes,Q1/2025,3.7,Cybersecurity Implementation,63.4,50,No,No,5,2,Medium,No
E0002,36,Female,Single,Bachelor,Sales,Sales Executive,12/25/2013,12,15,Part-time,"Vue.js, Angular, C#, React, NoSQL",Yes,Q1/2025,4.0,DevOps Automation,65.1,41,No,No,1,4,Medium,No
E0003,27,Female,Single,Bachelor,QA,Test Analyst,2/24/2022,3,3,Full-time,"GCP, React",No,Q1/2025,3.5,API Development,57.3,19,No,No,3,2,Low,No
E0004,37,Male,Single,Master,QA,QA Engineer,10/12/2015,10,13,Full-time,"C#, Kubernetes, Docker",Yes,Q1/2025,2.8,DevOps Automation,62.1,50,No,Yes,2,1,Medium,Yes
E0005,24,Male,Single,Master,Finance,Finance Manager,8/20/2020,5,6,Full-time,"Docker, GCP, Kubernetes, C#, Angular",Yes,Q1/2025,4.0,Mobile App Design,61.3,37,No,No,2,2,Medium,No
E0006,26,Male,Single,Bachelor,QA,QA Engineer,1/24/2016,9,12,Full-time,"Docker, Azure, Kubernetes, AWS, Angular",No,Q1/2025,5.0,Data Analytics Platform,54.3,26,No,No,1,3,Low,No
E0007,30,Male,Divorced,Master,Sales,Sales Executive,1/8/2011,14,15,Contractor,"GCP, AWS, Azure, React",Yes,Q1/2025,3.5,AI/ML Model Deployment,57.4,59,No,No,1,1,High,No
E0008,29,Female,Married,Bachelor,IT,DevOps Engineer,12/26/2014,11,11,Contractor,"SQL, Kubernetes",No,Q1/2025,3.4,Cloud Migration,66.8,35,No,Yes,5,2,Low,No
E0009,26,Female,Single,Bachelor,Finance,Finance Manager,1/31/2016,9,11,Full-time,"GCP, NoSQL, Vue.js, Kubernetes, AWS",Yes,Q1/2025,4.9,API Development,89.1,35,Yes,No,5,2,Medium,No
E0010,29,Male,Married,College,IT,Software Engineer,12/26/2020,5,8,Full-time,"Angular, GCP, Kubernetes",Yes,Q1/2025,4.3,Cybersecurity Implementation,91.9,26,No,No,4,2,Low,No
E0011,31,Female,Single,Bachelor,QA,QA Engineer,7/15/2011,14,15,Full-time,"Python, Docker",No,Q1/2025,2.6,Cybersecurity Implementation,53.6,59,No,Yes,4,2,Low,No
E0012,30,Male,Single,Master,Marketing,Business Analyst,3/1/2020,5,6,Full-time,"Java, React",Yes,Q1/2025,3.9,Cybersecurity Implementation,61.0,31,No,No,2,4,Low,No
E0013,24,Male,Married,Master,Sales,Account Manager,6/21/2015,10,11,Full-time,"C#, React, Angular, SQL, Python",Yes,Q1/2025,2.9,DevOps Automation,91.9,62,Yes,Yes,4,5,High,Yes
E0014,35,Female,Single,Bachelor,HR,HR Executive,9/10/2023,2,5,Full-time,"Docker, Java, Azure",Yes,Q1/2025,4.0,API Development,66.3,15,No,No,5,5,Low,No
E0015,31,Male,Married,Bachelor,Sales,Account Manager,8/23/2021,4,6,Full-time,"Kubernetes, Vue.js, Java, Python",Yes,Q1/2025,3.6,API Development,81.1,26,No,No,3,2,High,No
E0016,28,Female,Married,Bachelor,HR,Recruiter,2/22/2017,8,9,Full-time,"GCP, AWS",Yes,Q1/2025,4.1,Data Analytics Platform,75.8,27,No,No,5,2,Low,No
E0017,34,Female,Married,Bachelor,QA,Test Analyst,11/5/2012,13,16,Full-time,"Java, GCP",Yes,Q1/2025,4.3,AI/ML Model Deployment,65.7,45,No,No,3,2,Medium,No
E0018,32,Female,Single,College,IT,DevOps Engineer,3/5/2010,15,18,Part-time,"Docker, C#, Python",Yes,Q1/2025,4.0,Cybersecurity Implementation,79.6,50,No,No,1,3,Medium,No
E0019,27,Female,Single,Bachelor,HR,HR Executive,4/28/2015,10,11,Contractor,"Docker, Python, C#",No,Q1/2025,3.7,Cybersecurity Implementation,57.6,50,No,No,1,4,High,No
E0020,36,Female,Single,Master,Marketing,Digital Marketer,5/9/2015,10,11,Part-time,"React, Python, GCP",Yes,Q1/2025,2.6,API Development,86.3,50,No,Yes,5,4,Medium,No
E0021,25,Female,Single,College,Sales,Sales Executive,12/27/2010,15,18,Full-time,"Vue.js, SQL, NoSQL, Docker, AWS",Yes,Q1/2025,4.3,AI/ML Model Deployment,53.4,35,No,No,5,5,Medium,No
E0022,34,Female,Married,Bachelor,Marketing,Content Specialist,6/16/2013,12,14,Contractor,"GCP, Java, Angular, AWS",Yes,Q1/2025,3.0,Mobile App Design,56.5,59,No,Yes,2,2,Low,No
E0023,29,Female,Married,Master,Finance,Finance Manager,7/15/2024,1,1,Full-time,"Angular, NoSQL",Yes,Q1/2025,4.4,Web Application Development,63.1,12,No,Yes,5,4,Medium,No
E0024,30,Female,Married,Bachelor,Sales,Account Manager,6/26/2013,12,13,Part-time,"GCP, Angular, React",No,Q1/2025,2.9,AI/ML Model Deployment,85.1,84,No,Yes,5,1,Low,No
E0025,30,Female,Married,Master,Marketing,Digital Marketer,7/26/2017,8,9,Full-time,"NoSQL, Java",No,Q1/2025,4.2,Web Application Development,46.3,24,No,No,1,4,Low,No
E0026,35,Male,Married,Bachelor,Sales,Account Manager,12/13/2018,7,9,Part-time,"C#, SQL, Kubernetes, GCP, Angular",No,Q1/2025,3.5,Cybersecurity Implementation,54.2,30,No,No,3,2,Low,No
E0027,30,Male,Married,Bachelor,HR,Recruiter,12/14/2018,7,9,Full-time,"Docker, NoSQL",Yes,Q1/2025,4.4,AI/ML Model Deployment,45.5,24,No,No,4,5,High,No
E0028,25,Male,Married,Bachelor,Marketing,Content Specialist,2/10/2021,4,6,Full-time,"Docker, AWS, SQL, Azure, React",Yes,Q1/2025,4.3,Web Application Development,76.0,18,No,No,4,2,Medium,No
E0029,25,Female,Divorced,Bachelor,Marketing,Business Analyst,7/16/2018,7,7,Full-time,"C#, Kubernetes, NoSQL, Python, Angular",Yes,Q1/2025,3.5,DevOps Automation,84.5,30,No,No,4,3,Medium,No
E0030,27,Female,Single,College,IT,Software Engineer,6/12/2014,11,11,Full-time,"NoSQL, GCP",Yes,Q1/2025,3.3,Cybersecurity Implementation,64.2,59,No,Yes,2,2,Low,No
E0031,27,Male,Married,Bachelor,Sales,Account Manager,6/7/2022,3,4,Full-time,"NoSQL, C#",No,Q1/2025,3.5,Data Analytics Platform,48.2,18,No,No,4,4,High,No
E0032,29,Male,Married,Master,HR,HR Executive,9/16/2020,5,7,Full-time,"NoSQL, Azure",No,Q1/2025,2.6,DevOps Automation,81.7,21,No,Yes,3,1,Medium,No
E0033,30,Female,Single,PhD,QA,Test Analyst,2/22/2017,8,9,Full-time,"Azure, AWS, Kubernetes, GCP",Yes,Q1/2025,5.0,Cybersecurity Implementation,80.2,33,No,No,4,2,Medium,No
E0034,22,Female,Married,Bachelor,Marketing,Digital Marketer,1/11/2021,4,6,Full-time,"NoSQL, Angular, Vue.js, SQL",No,Q1/2025,2.3,Cybersecurity Implementation,70.9,17,No,Yes,4,4,Medium,No
E0035,40,Male,Single,Master,Marketing,Content Specialist,8/25/2019,6,8,Full-time,"SQL, React, Angular, Azure, Vue.js",Yes,Q1/2025,4.5,Mobile App Design,81.6,30,No,No,3,4,Low,Yes
E0036,26,Male,Single,Bachelor,IT,DevOps Engineer,1/1/2011,14,16,Full-time,"Angular, SQL, Azure, AWS, NoSQL",No,Q1/2025,4.6,Data Analytics Platform,70.8,49,No,No,3,1,Medium,No
E0037,25,Male,Single,College,Sales,Sales Executive,8/2/2023,2,2,Part-time,"Java, Python, Azure, Angular, Kubernetes",Yes,Q1/2025,3.8,AI/ML Model Deployment,42.5,14,No,No,4,1,Medium,No
E0038,24,Male,Single,Bachelor,IT,DevOps Engineer,6/24/2014,11,12,Part-time,"Java, React, NoSQL, AWS",No,Q1/2025,3.6,Mobile App Design,32.6,42,No,No,3,5,High,No
E0039,33,Male,Married,Bachelor,QA,QA Engineer,7/5/2020,5,7,Full-time,"GCP, Java, C#, React",Yes,Q1/2025,3.2,AI/ML Model Deployment,61.5,34,No,Yes,5,4,Low,No
E0040,28,Male,Married,Master,Marketing,Content Specialist,7/3/2013,12,13,Full-time,"NoSQL, GCP, Azure, React",Yes,Q1/2025,3.2,Cloud Migration,93.3,46,No,Yes,1,1,Low,No
E0041,26,Male,Married,Bachelor,Sales,Account Manager,12/18/2020,5,5,Full-time,"SQL, Docker, Angular, AWS",Yes,Q1/2025,3.6,AI/ML Model Deployment,56.3,44,No,No,5,3,Low,No
E0042,23,Male,Married,Master,Finance,Accountant,9/23/2024,1,1,Full-time,"Kubernetes, AWS, GCP",Yes,Q1/2025,3.8,Mobile App Design,79.5,11,No,Yes,1,4,Low,No
E0043,30,Male,Married,Master,Sales,Account Manager,8/24/2021,4,5,Full-time,"NoSQL, AWS, Python, Kubernetes, Java",Yes,Q1/2025,4.1,Mobile App Design,50.9,28,No,No,1,5,Low,No
E0044,25,Male,Married,Bachelor,Marketing,Business Analyst,7/15/2021,4,5,Full-time,"Angular, AWS, C#",No,Q1/2025,4.1,API Development,59.6,19,No,No,5,2,Medium,No
E0045,31,Male,Single,Bachelor,HR,HR Executive,10/8/2012,13,16,Contractor,"Kubernetes, SQL, Angular",Yes,Q1/2025,4.0,Web Application Development,89.7,59,No,No,5,2,Low,No
E0046,34,Female,Married,Master,IT,System Admin,12/1/2011,14,16,Full-time,"Vue.js, AWS, Angular, Python, GCP",No,Q1/2025,4.1,Cloud Migration,73.1,40,No,No,3,3,Medium,No
E0047,29,Female,Single,Bachelor,HR,HR Executive,8/16/2011,14,17,Full-time,"Python, Vue.js, Kubernetes, Docker, Azure",No,Q1/2025,2.6,Web Application Development,51.1,37,No,Yes,5,3,High,Yes
E0048,33,Female,Single,Bachelor,Marketing,Content Specialist,6/15/2013,12,13,Full-time,"Java, Kubernetes, Angular",Yes,Q1/2025,3.8,API Development,85.3,52,No,No,5,4,High,No
E0049,27,Female,Married,Bachelor,Finance,Accountant,2/9/2016,9,9,Full-time,"React, SQL, Java, Docker",No,Q1/2025,3.1,Cloud Migration,94.5,29,No,Yes,1,1,Low,No
E0050,39,Male,Single,Bachelor,HR,Recruiter,6/28/2016,9,10,Full-time,"C#, NoSQL, Java",No,Q1/2025,5.0,Web Application Development,94.9,25,No,No,4,3,Low,Yes
E0051,32,Female,Married,Bachelor,Sales,Sales Executive,1/19/2010,15,17,Full-time,"Azure, Angular, GCP, Docker",No,Q1/2025,2.9,Cybersecurity Implementation,79.0,53,No,Yes,1,2,Low,No
E0052,29,Male,Single,Bachelor,IT,IT Support,2/28/2012,13,15,Full-time,"Azure, SQL",Yes,Q1/2025,3.8,DevOps Automation,70.2,45,No,No,5,3,Medium,No
E0053,28,Female,Married,Master,QA,QA Engineer,10/18/2020,5,6,Full-time,"NoSQL, Kubernetes, Python, Azure",Yes,Q1/2025,5.0,Data Analytics Platform,28.7,21,No,No,2,2,Low,No
E0054,22,Female,Divorced,Bachelor,Sales,Sales Executive,11/29/2017,8,10,Contractor,"NoSQL, Angular, Vue.js, Java, Kubernetes",No,Q1/2025,3.8,Mobile App Design,87.6,20,No,No,4,1,Low,No
E0055,29,Male,Single,Master,Sales,Account Manager,2/10/2012,13,16,Full-time,"Java, GCP, React, Kubernetes",Yes,Q1/2025,4.2,Cybersecurity Implementation,77.7,67,Yes,No,4,3,Medium,No
E0056,30,Male,Single,College,Marketing,Content Specialist,2/17/2021,4,5,Full-time,"Docker, Kubernetes, Vue.js",No,Q1/2025,3.3,Cloud Migration,52.8,13,No,Yes,4,5,Low,No
E0057,27,Female,Single,Bachelor,Marketing,Digital Marketer,1/15/2019,6,8,Part-time,"GCP, Vue.js",Yes,Q1/2025,4.3,AI/ML Model Deployment,73.1,32,No,No,1,4,Low,No
E0058,30,Male,Married,PhD,IT,System Admin,7/7/2022,3,4,Contractor,"Java, AWS, React",Yes,Q1/2025,4.2,Cloud Migration,89.5,17,No,No,1,3,High,No
E0059,23,Male,Single,Bachelor,HR,HR Executive,5/19/2014,11,12,Part-time,"Python, Vue.js, React",Yes,Q1/2025,3.3,Data Analytics Platform,88.8,56,No,Yes,4,5,Low,No
E0060,32,Male,Single,Bachelor,Finance,Accountant,4/11/2013,12,14,Full-time,"SQL, GCP",Yes,Q1/2025,4.1,AI/ML Model Deployment,53.5,52,No,No,4,1,Low,No
E0061,22,Female,Single,College,Finance,Accountant,3/27/2018,7,7,Full-time,"Docker, Azure, AWS, Angular",Yes,Q1/2025,4.1,API Development,87.0,32,No,No,5,2,Low,No
E0062,31,Female,Single,Master,Marketing,Digital Marketer,9/13/2012,13,13,Full-time,"Vue.js, GCP, Angular, NoSQL, C#",No,Q1/2025,3.1,API Development,55.6,54,Yes,Yes,1,3,Medium,No
E0063,29,Female,Married,Bachelor,Sales,Sales Executive,8/1/2023,2,4,Full-time,"SQL, Python, Angular, Azure, GCP",Yes,Q1/2025,3.4,Cloud Migration,31.2,16,No,Yes,1,3,Medium,No
E0064,40,Male,Married,Bachelor,Marketing,Business Analyst,9/3/2016,9,12,Full-time,"Azure, GCP",No,Q1/2025,5.0,Cloud Migration,94.5,20,No,No,3,3,Low,Yes
E0065,33,Male,Single,Bachelor,IT,DevOps Engineer,11/27/2016,9,11,Full-time,"Docker, NoSQL, Kubernetes",Yes,Q1/2025,2.8,DevOps Automation,91.6,31,No,Yes,5,1,High,Yes
E0066,28,Male,Married,College,IT,System Admin,3/3/2017,8,10,Full-time,"Azure, Kubernetes, Docker, Angular, React",No,Q1/2025,3.5,Mobile App Design,56.6,26,No,No,5,4,Medium,No
E0067,29,Male,Single,PhD,IT,Software Engineer,5/13/2021,4,4,Full-time,"NoSQL, C#, Angular",Yes,Q1/2025,4.1,Web Application Development,72.4,13,No,No,2,4,Medium,No
E0068,23,Male,Married,Bachelor,Sales,Sales Executive,8/6/2019,6,7,Part-time,"Docker, Python",Yes,Q1/2025,4.6,Mobile App Design,91.9,28,No,No,4,3,Low,No
E0069,30,Male,Single,Master,Finance,Financial Analyst,2/25/2014,11,11,Contractor,"Docker, Java",Yes,Q1/2025,4.1,API Development,57.5,45,No,No,3,2,Low,No
E0070,34,Male,Married,Bachelor,Finance,Accountant,7/7/2022,3,6,Full-time,"React, Java, C#",Yes,Q1/2025,3.3,API Development,88.4,19,No,Yes,4,4,Medium,No
E0071,38,Female,Single,Master,Finance,Finance Manager,9/21/2017,8,11,Part-time,"C#, Kubernetes, Java, SQL",Yes,Q1/2025,3.4,AI/ML Model Deployment,90.4,35,No,Yes,3,4,Low,Yes
E0072,28,Male,Married,College,IT,IT Support,3/29/2015,10,12,Full-time,"Kubernetes, Azure",No,Q1/2025,3.6,Cloud Migration,48.0,45,No,No,3,1,Medium,No
E0073,31,Male,Single,Bachelor,Marketing,Business Analyst,12/30/2011,14,14,Full-time,"Vue.js, Angular, Docker, GCP",No,Q1/2025,5.0,DevOps Automation,80.5,51,No,No,5,4,Low,No
E0074,39,Female,Married,Master,HR,Recruiter,6/7/2016,9,10,Full-time,"Vue.js, Angular, GCP",No,Q1/2025,3.1,API Development,66.8,31,No,Yes,3,2,Medium,Yes
E0075,28,Female,Married,Bachelor,Finance,Accountant,11/21/2022,3,5,Full-time,"Vue.js, Angular",Yes,Q1/2025,3.3,Web Application Development,70.6,14,No,Yes,2,2,Low,No
E0076,33,Female,Single,Master,QA,QA Engineer,8/17/2014,11,13,Full-time,"Azure, Docker, C#",Yes,Q1/2025,3.5,Web Application Development,87.4,52,No,No,2,4,Medium,No
E0077,40,Female,Married,Bachelor,HR,Recruiter,10/7/2015,10,10,Contractor,"Vue.js, GCP, Azure",No,Q1/2025,3.5,Mobile App Design,44.8,36,No,No,2,2,Medium,Yes
E0078,36,Male,Single,Bachelor,Sales,Sales Executive,8/18/2014,11,11,Part-time,"Angular, Java",No,Q1/2025,3.8,Cloud Migration,69.2,50,Yes,No,2,4,High,No
E0079,39,Female,Single,Bachelor,Sales,Sales Executive,8/10/2019,6,6,Contractor,"React, Python, Vue.js, Java",No,Q1/2025,4.0,Cloud Migration,76.9,30,Yes,No,4,2,Medium,Yes
E0080,28,Male,Married,Master,IT,System Admin,12/9/2019,6,8,Part-time,"Java, Angular, React, SQL, NoSQL",Yes,Q1/2025,4.2,API Development,56.7,34,No,No,4,5,Medium,No
E0081,24,Female,Married,Master,Sales,Account Manager,2/22/2011,14,14,Full-time,"Azure, Docker, C#",No,Q1/2025,3.9,API Development,65.8,60,No,No,5,5,Low,No
E0082,30,Female,Single,Bachelor,Sales,Account Manager,2/6/2013,12,14,Full-time,"Vue.js, React",No,Q1/2025,4.1,DevOps Automation,50.8,57,Yes,No,5,3,Medium,No
E0083,26,Male,Married,Bachelor,QA,Test Analyst,1/23/2018,7,8,Part-time,"SQL, Kubernetes",Yes,Q1/2025,3.3,Cybersecurity Implementation,90.2,25,No,Yes,3,5,Low,No
E0084,26,Female,Single,College,QA,QA Engineer,9/17/2016,9,10,Full-time,"GCP, Vue.js",Yes,Q1/2025,3.1,Mobile App Design,84.8,28,No,Yes,4,3,High,Yes
E0085,24,Female,Single,Master,Finance,Financial Analyst,2/14/2016,9,12,Full-time,"Docker, Azure",No,Q1/2025,4.6,DevOps Automation,95.0,22,Yes,No,3,3,Low,No
E0086,28,Female,Single,Bachelor,Marketing,Content Specialist,8/30/2018,7,8,Full-time,"Angular, GCP, Python, Java, Docker",Yes,Q1/2025,4.1,Cloud Migration,33.8,24,No,No,4,1,Low,No
E0087,29,Male,Married,Bachelor,Finance,Accountant,8/2/2010,15,15,Full-time,"Vue.js, Kubernetes, Java, Azure",Yes,Q1/2025,3.5,DevOps Automation,88.7,51,No,No,1,1,Medium,No
E0088,27,Female,Single,Bachelor,Sales,Account Manager,5/3/2024,1,4,Full-time,"SQL, Kubernetes, React, Java",Yes,Q1/2025,4.9,Cloud Migration,92.2,11,No,Yes,1,3,Medium,No
E0089,26,Female,Married,Bachelor,Sales,Sales Executive,6/20/2014,11,13,Full-time,"NoSQL, Vue.js, AWS",Yes,Q1/2025,4.0,Cybersecurity Implementation,88.4,50,No,No,3,5,Medium,No
E0090,35,Male,Divorced,Bachelor,IT,Software Engineer,10/24/2014,11,12,Full-time,"AWS, Docker, SQL, Azure, Java",Yes,Q1/2025,4.3,Web Application Development,59.0,60,No,No,3,2,High,No
E0091,25,Female,Married,Bachelor,HR,Recruiter,2/14/2014,11,12,Contractor,"Java, AWS",Yes,Q1/2025,4.3,DevOps Automation,91.0,48,No,No,5,3,Medium,No
E0092,46,Male,Married,Bachelor,HR,Recruiter,4/14/2012,13,16,Full-time,"Azure, NoSQL, C#",Yes,Q1/2025,4.2,AI/ML Model Deployment,81.1,47,Yes,No,5,3,Medium,Yes
E0093,31,Female,Single,Bachelor,Marketing,Business Analyst,11/22/2013,12,13,Full-time,"Kubernetes, React, GCP, Docker",Yes,Q1/2025,3.7,Cloud Migration,54.7,51,No,No,4,2,Low,No
E0094,35,Male,Married,Bachelor,Sales,Account Manager,6/7/2013,12,14,Full-time,"Vue.js, React",Yes,Q1/2025,3.9,Cybersecurity Implementation,65.0,68,Yes,No,3,4,High,No
E0095,22,Male,Divorced,Master,Sales,Account Manager,1/12/2016,9,9,Full-time,"AWS, Kubernetes, SQL, Angular, GCP",Yes,Q1/2025,4.0,Cybersecurity Implementation,47.2,28,No,No,1,1,Low,No
E0096,33,Female,Married,Bachelor,Sales,Sales Executive,12/26/2020,5,5,Full-time,"SQL, Vue.js, Docker, NoSQL",Yes,Q1/2025,4.0,DevOps Automation,92.2,28,No,No,4,5,Low,No
E0097,34,Female,Married,Bachelor,Finance,Accountant,7/10/2015,10,10,Contractor,"Vue.js, NoSQL, AWS, SQL, C#",Yes,Q1/2025,4.1,AI/ML Model Deployment,84.7,54,Yes,No,3,4,Medium,No
E0098,31,Male,Married,Bachelor,Finance,Financial Analyst,10/31/2019,6,7,Full-time,"Azure, Vue.js, AWS, GCP",Yes,Q1/2025,2.9,Web Application Development,83.5,21,No,Yes,1,4,Medium,No
E0099,35,Female,Married,Bachelor,IT,IT Support,11/29/2024,1,4,Contractor,"SQL, Python, Azure",Yes,Q1/2025,3.9,Cybersecurity Implementation,88.4,12,No,Yes,1,2,Low,No
E0100,29,Male,Single,Bachelor,Marketing,Business Analyst,10/2/2016,9,11,Contractor,"SQL, C#",Yes,Q1/2025,3.4,Web Application Development,83.8,35,No,Yes,2,4,High,No
E0101,22,Male,Single,Master,QA,Test Analyst,6/19/2019,6,6,Full-time,"Angular, AWS, NoSQL",Yes,Q1/2025,4.7,Cybersecurity Implementation,59.9,27,No,No,3,4,Low,No
E0102,22,Female,Married,Bachelor,IT,IT Support,1/23/2019,6,7,Part-time,"Angular, Python, NoSQL",No,Q1/2025,3.8,Web Application Development,78.5,35,No,No,4,2,Low,No
E0103,31,Female,Married,Bachelor,HR,HR Executive,5/13/2024,1,4,Full-time,"GCP, React, Python",Yes,Q1/2025,3.3,API Development,80.8,11,No,Yes,1,5,High,No
E0104,33,Male,Married,Master,Marketing,Digital Marketer,12/25/2014,11,13,Full-time,"Vue.js, Angular, GCP, Python",No,Q1/2025,2.9,AI/ML Model Deployment,85.8,51,No,Yes,2,1,High,Yes
E0105,28,Male,Single,Master,Sales,Sales Executive,3/13/2022,3,4,Full-time,"Vue.js, Angular",Yes,Q1/2025,4.1,Web Application Development,70.8,16,No,No,1,3,Low,No
E0106,30,Male,Single,Bachelor,QA,Test Analyst,7/7/2024,1,1,Full-time,"C#, Azure, GCP",No,Q1/2025,4.3,API Development,54.2,9,No,Yes,2,2,Low,No
E0107,26,Female,Single,Bachelor,Marketing,Digital Marketer,7/18/2014,11,11,Full-time,"Angular, GCP",Yes,Q1/2025,3.2,API Development,75.5,59,No,Yes,4,5,High,No
E0108,39,Female,Married,Bachelor,QA,Test Analyst,1/21/2018,7,8,Full-time,"C#, Kubernetes, NoSQL",Yes,Q1/2025,3.7,Web Application Development,72.2,31,No,No,2,2,Medium,Yes
E0109,28,Female,Married,Bachelor,Finance,Finance Manager,11/15/2019,6,8,Full-time,"Python, AWS",No,Q1/2025,3.4,Cloud Migration,88.2,37,No,Yes,4,1,Medium,No
E0110,23,Female,Single,Master,Marketing,Content Specialist,1/7/2017,8,8,Full-time,"Kubernetes, Azure, Python, AWS, NoSQL",No,Q1/2025,3.3,Mobile App Design,36.8,34,No,Yes,2,5,Low,No
E0111,23,Male,Married,Bachelor,IT,Software Engineer,6/13/2018,7,10,Full-time,"C#, NoSQL, GCP, Docker, Vue.js",No,Q1/2025,3.3,Mobile App Design,60.8,28,Yes,Yes,5,2,Medium,No
E0112,39,Male,Single,Bachelor,Finance,Accountant,1/18/2020,5,8,Contractor,"NoSQL, Python",No,Q1/2025,4.8,Mobile App Design,60.3,21,No,No,3,2,Low,Yes
E0113,26,Female,Married,Bachelor,QA,Test Analyst,10/30/2022,3,6,Full-time,"Java, Azure",Yes,Q1/2025,3.6,AI/ML Model Deployment,68.6,17,No,No,5,2,Medium,No
E0114,37,Female,Single,PhD,HR,Recruiter,10/11/2010,15,16,Full-time,"GCP, AWS, React",Yes,Q1/2025,3.1,Cloud Migration,37.7,38,No,Yes,5,4,Low,Yes
E0115,36,Male,Married,Bachelor,Finance,Financial Analyst,10/8/2013,12,12,Full-time,"Angular, Docker, C#",No,Q1/2025,3.5,Cybersecurity Implementation,59.8,59,No,No,2,4,High,No
E0116,36,Female,Divorced,Bachelor,HR,Recruiter,3/20/2020,5,5,Full-time,"GCP, Java, Kubernetes, Vue.js",Yes,Q1/2025,4.0,AI/ML Model Deployment,78.3,33,No,No,5,5,Low,No
E0117,22,Male,Married,Bachelor,QA,QA Engineer,6/8/2011,14,15,Full-time,"Angular, Python, React, GCP",No,Q1/2025,3.3,Cybersecurity Implementation,52.3,49,No,Yes,2,4,High,No
E0118,39,Female,Married,Bachelor,Finance,Finance Manager,1/23/2010,15,15,Full-time,"AWS, Kubernetes, SQL, Java",No,Q1/2025,3.8,Cybersecurity Implementation,63.9,51,No,No,1,5,High,Yes
E0119,27,Female,Single,Bachelor,Finance,Finance Manager,4/22/2011,14,16,Full-time,"React, Vue.js, NoSQL",Yes,Q1/2025,4.2,Web Application Development,85.2,72,No,No,3,3,Medium,No
E0120,32,Male,Married,Master,Marketing,Content Specialist,5/16/2021,4,4,Full-time,"C#, AWS, GCP, Python, SQL",Yes,Q1/2025,1.7,AI/ML Model Deployment,39.1,12,No,Yes,2,1,Medium,No
E0121,27,Male,Married,Bachelor,Finance,Finance Manager,1/16/2024,1,4,Full-time,"Python, AWS",Yes,Q1/2025,4.3,Data Analytics Platform,43.8,11,No,Yes,1,5,Medium,No
E0122,38,Female,Married,Master,IT,Software Engineer,2/10/2011,14,15,Full-time,"Azure, AWS, Angular",No,Q1/2025,3.2,API Development,97.7,40,No,Yes,4,5,Low,Yes
E0123,37,Female,Single,Master,IT,Software Engineer,11/19/2012,13,13,Full-time,"AWS, Kubernetes, Python, GCP, C#",Yes,Q1/2025,4.3,DevOps Automation,60.9,44,No,No,1,5,High,Yes
E0124,34,Male,Married,Bachelor,Finance,Financial Analyst,9/16/2014,11,11,Full-time,"GCP, Angular",No,Q1/2025,4.4,Cloud Migration,76.8,43,Yes,No,2,5,Low,No
E0125,24,Female,Married,Master,Sales,Sales Executive,9/27/2014,11,14,Full-time,"GCP, AWS, Vue.js, Docker, C#",No,Q1/2025,2.6,DevOps Automation,58.4,46,Yes,Yes,2,1,Low,No
E0126,22,Female,Divorced,Bachelor,Sales,Sales Executive,2/15/2014,11,14,Full-time,"Kubernetes, React, Vue.js, AWS, Docker",Yes,Q1/2025,3.9,API Development,64.2,57,No,No,2,1,Low,No
E0127,34,Male,Married,Bachelor,QA,Test Analyst,4/27/2016,9,10,Full-time,"Python, Angular",Yes,Q1/2025,4.2,Cloud Migration,77.5,21,No,No,4,5,Medium,No
E0128,33,Male,Single,Bachelor,IT,System Admin,1/7/2017,8,10,Full-time,"Docker, Java, AWS, React, GCP",Yes,Q1/2025,2.9,Cloud Migration,80.3,33,No,Yes,4,2,Low,No
E0129,31,Male,Single,Bachelor,IT,System Admin,3/2/2011,14,15,Contractor,"Azure, NoSQL, React, Kubernetes, Java",Yes,Q1/2025,3.0,DevOps Automation,38.4,52,No,Yes,3,4,Low,No
E0130,25,Female,Married,PhD,HR,Recruiter,2/12/2015,10,13,Full-time,"Kubernetes, Vue.js, C#",No,Q1/2025,4.2,Web Application Development,47.2,49,No,No,3,4,Low,No
E0131,40,Female,Single,Master,HR,HR Executive,5/3/2017,8,8,Full-time,"SQL, React, Kubernetes, Angular, Java",No,Q1/2025,3.6,Cloud Migration,80.5,26,No,No,3,2,Medium,Yes
E0132,32,Female,Single,PhD,Marketing,Business Analyst,4/28/2014,11,11,Full-time,"AWS, Python, Vue.js, NoSQL, Java",Yes,Q1/2025,3.5,Cloud Migration,81.5,38,No,No,5,4,High,No
E0133,29,Male,Married,Bachelor,IT,System Admin,4/18/2011,14,14,Full-time,"Kubernetes, Vue.js, Docker",Yes,Q1/2025,3.2,DevOps Automation,49.5,52,No,Yes,3,4,High,No
E0134,24,Male,Married,Master,Sales,Account Manager,11/6/2012,13,14,Full-time,"AWS, Kubernetes, Vue.js",Yes,Q1/2025,4.1,DevOps Automation,47.1,60,No,No,1,1,Medium,No
E0135,34,Female,Married,Bachelor,QA,QA Engineer,11/22/2013,12,12,Full-time,"Vue.js, AWS, Docker",No,Q1/2025,3.4,Cloud Migration,79.2,40,No,Yes,4,4,Low,No
E0136,30,Female,Single,Bachelor,Marketing,Content Specialist,2/13/2010,15,17,Full-time,"Azure, Java",No,Q1/2025,3.9,DevOps Automation,59.3,40,No,No,3,4,Medium,No
E0137,28,Female,Married,Bachelor,Finance,Accountant,9/5/2019,6,8,Full-time,"Azure, C#, GCP, Angular, Java",No,Q1/2025,3.9,Cybersecurity Implementation,51.5,31,Yes,No,3,2,Medium,No
E0138,25,Male,Single,Bachelor,HR,Recruiter,11/24/2023,2,5,Full-time,"AWS, C#, Kubernetes",Yes,Q1/2025,3.2,Web Application Development,81.9,16,Yes,Yes,3,1,Low,No
E0139,37,Male,Single,Bachelor,QA,Test Analyst,5/20/2011,14,17,Full-time,"SQL, Kubernetes, NoSQL, C#, Java",Yes,Q1/2025,2.3,Data Analytics Platform,80.2,38,No,Yes,5,3,Low,Yes
E0140,32,Male,Married,Master,Finance,Finance Manager,12/17/2012,13,16,Full-time,"NoSQL, AWS, Vue.js, SQL",No,Q1/2025,2.9,Cybersecurity Implementation,83.8,61,Yes,Yes,2,3,High,Yes
E0141,28,Male,Single,Master,IT,IT Support,1/30/2019,6,9,Contractor,"React, SQL, Azure",No,Q1/2025,2.5,Cloud Migration,44.2,28,No,Yes,2,2,Medium,No
E0142,37,Female,Married,Bachelor,HR,Recruiter,9/24/2014,11,14,Full-time,"AWS, GCP, Java, C#",No,Q1/2025,5.0,Data Analytics Platform,86.7,39,No,No,2,2,Low,Yes
E0143,27,Male,Single,Master,Marketing,Digital Marketer,6/6/2012,13,16,Full-time,"GCP, Docker, SQL, Kubernetes",Yes,Q1/2025,4.7,Mobile App Design,66.4,58,No,No,3,4,High,No
E0144,24,Male,Single,Master,QA,QA Engineer,11/25/2018,7,7,Full-time,"Java, AWS, Docker, React",No,Q1/2025,4.4,Data Analytics Platform,51.1,31,No,No,3,5,Medium,No
E0145,23,Female,Single,Bachelor,QA,QA Engineer,4/22/2020,5,7,Full-time,"Python, Java, C#, Kubernetes, Azure",Yes,Q1/2025,4.1,Cloud Migration,86.5,24,No,No,3,1,Medium,No
E0146,26,Male,Single,Master,HR,HR Executive,12/19/2010,15,15,Full-time,"Docker, GCP, Java",No,Q1/2025,4.3,Web Application Development,68.4,43,No,No,2,5,Medium,No
E0147,38,Male,Married,Master,Marketing,Business Analyst,6/30/2024,1,3,Full-time,"Docker, Java, SQL",Yes,Q1/2025,3.8,Cloud Migration,85.3,11,No,Yes,2,2,Low,Yes
E0148,38,Female,Married,Bachelor,Sales,Sales Executive,3/19/2017,8,10,Contractor,"React, Java, SQL, C#, GCP",Yes,Q1/2025,4.4,Mobile App Design,59.9,20,No,No,2,3,Medium,Yes
E0149,27,Male,Married,Master,Sales,Sales Executive,1/2/2024,1,2,Full-time,"SQL, Docker, Angular",No,Q1/2025,3.2,Mobile App Design,72.8,9,No,Yes,5,1,Medium,No
E0150,25,Female,Divorced,Master,HR,Recruiter,2/23/2021,4,4,Full-time,"NoSQL, Kubernetes, Java",Yes,Q1/2025,4.0,Data Analytics Platform,66.0,17,Yes,No,1,4,Medium,No
E0151,33,Female,Married,Bachelor,QA,Test Analyst,7/4/2015,10,12,Full-time,"Angular, Java, NoSQL",Yes,Q1/2025,2.8,DevOps Automation,37.2,46,No,Yes,1,3,Medium,No
E0152,32,Female,Married,College,IT,IT Support,10/23/2011,14,15,Full-time,"Angular, GCP",No,Q1/2025,3.7,API Development,55.2,42,No,No,1,2,Low,No
E0153,26,Male,Married,Master,Sales,Sales Executive,5/23/2019,6,8,Full-time,"SQL, Java, Python, Vue.js",No,Q1/2025,4.3,Data Analytics Platform,81.0,25,No,No,1,4,Low,No
E0154,26,Male,Single,Bachelor,Sales,Sales Executive,4/14/2023,2,5,Full-time,"React, SQL",Yes,Q1/2025,4.1,Cybersecurity Implementation,42.2,13,No,No,4,2,Low,No
E0155,31,Female,Single,Master,QA,Test Analyst,10/27/2022,3,4,Full-time,"SQL, Vue.js, Angular, Java, NoSQL",Yes,Q1/2025,3.4,Cybersecurity Implementation,84.9,16,No,Yes,4,1,High,No
E0156,23,Female,Married,Bachelor,IT,IT Support,7/14/2010,15,17,Full-time,"Azure, Angular, NoSQL, React",Yes,Q1/2025,4.1,Cybersecurity Implementation,61.6,51,Yes,No,4,1,Low,No
E0157,29,Male,Married,Master,Sales,Sales Executive,3/13/2020,5,8,Full-time,"Java, React, AWS, SQL",Yes,Q1/2025,3.9,Data Analytics Platform,74.7,25,Yes,No,2,5,Low,No
E0158,33,Female,Single,Master,Finance,Accountant,11/16/2010,15,16,Full-time,"Java, Azure, SQL, Python, Docker",No,Q1/2025,4.0,Data Analytics Platform,94.0,44,No,No,4,3,Low,No
E0159,31,Male,Single,Bachelor,Finance,Accountant,9/4/2021,4,7,Full-time,"Kubernetes, Vue.js, Docker, Java, AWS",Yes,Q1/2025,5.0,Data Analytics Platform,94.7,13,No,No,1,1,Low,No
E0160,22,Female,Married,Bachelor,IT,DevOps Engineer,5/3/2018,7,7,Full-time,"Vue.js, Docker, AWS",Yes,Q1/2025,3.6,Cloud Migration,59.0,31,No,No,4,5,Medium,No
E0161,26,Male,Single,Master,HR,HR Executive,4/5/2022,3,6,Full-time,"C#, React, Docker",Yes,Q1/2025,2.5,API Development,60.1,20,No,Yes,2,4,Medium,No
E0162,38,Male,Married,Master,IT,Software Engineer,12/7/2019,6,9,Full-time,"SQL, Docker, Kubernetes, Python, NoSQL",No,Q1/2025,3.1,Cybersecurity Implementation,77.9,23,No,Yes,4,2,Low,Yes
E0163,26,Female,Single,Bachelor,Marketing,Business Analyst,6/18/2020,5,8,Full-time,"Docker, C#, NoSQL, React",No,Q1/2025,3.8,AI/ML Model Deployment,64.8,34,No,No,3,4,Medium,No
E0164,37,Male,Married,Bachelor,Marketing,Digital Marketer,12/29/2022,3,6,Full-time,"Python, Angular, NoSQL",No,Q1/2025,2.9,Cybersecurity Implementation,42.0,13,Yes,Yes,2,3,Medium,Yes
E0165,31,Female,Married,Master,HR,Recruiter,4/30/2015,10,11,Contractor,"C#, React, Azure",Yes,Q1/2025,3.6,DevOps Automation,91.7,38,No,No,5,2,Medium,No
E0166,29,Female,Divorced,Bachelor,HR,Recruiter,6/13/2020,5,8,Full-time,"Azure, React, Python",Yes,Q1/2025,3.5,Cybersecurity Implementation,50.7,33,No,No,2,3,Low,No
E0167,24,Male,Married,Bachelor,IT,System Admin,4/22/2018,7,8,Full-time,"Azure, Java, Vue.js, Angular, GCP",Yes,Q1/2025,3.3,Web Application Development,82.0,33,No,Yes,5,5,Medium,No
E0168,27,Male,Married,Bachelor,Sales,Account Manager,4/4/2015,10,11,Full-time,"SQL, Azure",Yes,Q1/2025,4.8,Cloud Migration,67.8,82,No,No,5,2,Medium,No
E0169,30,Male,Single,Bachelor,IT,DevOps Engineer,1/29/2011,14,15,Contractor,"GCP, Java, NoSQL",No,Q1/2025,3.2,Web Application Development,79.0,43,No,Yes,2,1,Low,No
E0170,25,Female,Married,College,Marketing,Business Analyst,2/5/2024,1,1,Contractor,"Kubernetes, Docker, Vue.js, AWS, SQL",Yes,Q1/2025,3.2,Cloud Migration,71.5,12,Yes,Yes,1,3,Low,No
E0171,37,Male,Single,Bachelor,Marketing,Content Specialist,9/9/2014,11,13,Full-time,"Vue.js, Azure",No,Q1/2025,3.5,Mobile App Design,87.6,36,No,No,4,2,Low,Yes
E0172,35,Male,Divorced,Bachelor,Finance,Finance Manager,6/19/2018,7,8,Full-time,"React, Java, Python, Docker",Yes,Q1/2025,4.2,AI/ML Model Deployment,41.0,39,Yes,No,1,3,Medium,No
E0173,24,Female,Single,College,HR,HR Executive,12/20/2018,7,10,Contractor,"Java, Angular, Docker, Kubernetes, Azure",No,Q1/2025,3.4,Mobile App Design,43.8,21,No,Yes,4,3,Low,No
E0174,43,Male,Single,Bachelor,Sales,Sales Executive,5/8/2018,7,9,Full-time,"Java, GCP",Yes,Q1/2025,4.3,AI/ML Model Deployment,77.2,29,No,No,4,5,Medium,Yes
E0175,25,Female,Married,Bachelor,Sales,Sales Executive,1/13/2019,6,9,Contractor,"AWS, Azure",No,Q1/2025,3.9,API Development,68.0,35,No,No,2,2,Medium,No
E0176,33,Male,Single,PhD,Marketing,Content Specialist,7/24/2010,15,15,Part-time,"Vue.js, SQL, Java, GCP",Yes,Q1/2025,3.4,Data Analytics Platform,92.2,52,No,Yes,1,5,Medium,No
E0177,32,Female,Single,Bachelor,Finance,Finance Manager,1/17/2011,14,15,Full-time,"Java, Azure",No,Q1/2025,3.6,DevOps Automation,83.7,77,No,No,4,5,Medium,No
E0178,35,Male,Single,Bachelor,Finance,Finance Manager,6/7/2013,12,14,Full-time,"Vue.js, SQL, React, Python, Kubernetes",No,Q1/2025,4.6,DevOps Automation,71.5,70,No,No,3,4,High,No
E0179,33,Female,Divorced,Bachelor,Sales,Account Manager,8/30/2015,10,12,Full-time,"Azure, GCP, Java, React, Kubernetes",Yes,Q1/2025,3.4,DevOps Automation,76.1,61,No,Yes,2,1,Low,No
E0180,22,Female,Single,Master,Finance,Accountant,5/29/2022,3,3,Full-time,"Python, React, NoSQL",Yes,Q1/2025,2.9,Data Analytics Platform,61.9,18,No,Yes,5,4,Medium,No
E0181,30,Male,Single,Bachelor,Finance,Financial Analyst,4/17/2022,3,6,Contractor,"Azure, AWS, Vue.js, GCP, C#",No,Q1/2025,4.3,Data Analytics Platform,49.3,13,No,No,2,5,Medium,No
E0182,29,Male,Single,Bachelor,HR,Recruiter,9/20/2013,12,12,Full-time,"NoSQL, GCP",Yes,Q1/2025,2.2,AI/ML Model Deployment,81.8,47,No,Yes,3,3,Low,No
E0183,28,Male,Single,Bachelor,Marketing,Digital Marketer,1/24/2016,9,9,Part-time,"Azure, Java, Python, AWS, Vue.js",Yes,Q1/2025,4.2,Data Analytics Platform,74.9,24,Yes,No,1,3,High,No
E0184,32,Female,Married,Bachelor,QA,Test Analyst,4/2/2013,12,15,Full-time,"Python, Azure, Docker",No,Q1/2025,5.0,AI/ML Model Deployment,53.6,43,No,No,3,3,High,No
E0185,30,Male,Married,Bachelor,Finance,Accountant,8/17/2011,14,14,Full-time,"GCP, AWS, NoSQL",No,Q1/2025,4.5,Data Analytics Platform,75.6,37,No,No,5,2,Low,No
E0186,24,Male,Married,Master,Finance,Accountant,9/19/2012,13,16,Part-time,"React, Vue.js",Yes,Q1/2025,3.9,Mobile App Design,82.2,52,No,No,3,3,Medium,No
E0187,27,Male,Single,College,QA,QA Engineer,3/29/2013,12,15,Part-time,"GCP, Docker",Yes,Q1/2025,3.5,Cloud Migration,93.5,40,No,No,3,4,High,No
E0188,28,Female,Divorced,Bachelor,QA,QA Engineer,11/10/2022,3,6,Full-time,"Vue.js, GCP, Python",Yes,Q1/2025,4.6,Cloud Migration,69.3,20,No,No,4,1,Low,No
E0189,22,Male,Single,Bachelor,Marketing,Digital Marketer,4/14/2013,12,15,Full-time,"SQL, Vue.js, Python",No,Q1/2025,3.1,AI/ML Model Deployment,58.7,51,Yes,Yes,2,2,Medium,No
E0190,28,Male,Single,Bachelor,Finance,Financial Analyst,9/20/2016,9,12,Full-time,"Angular, NoSQL",Yes,Q1/2025,3.9,Mobile App Design,36.8,21,No,No,3,4,Low,No
E0191,32,Male,Married,Master,Marketing,Content Specialist,7/4/2020,5,8,Full-time,"React, SQL, Python",Yes,Q1/2025,3.6,DevOps Automation,79.2,33,No,No,1,4,High,No
E0192,29,Male,Married,College,IT,Software Engineer,3/2/2016,9,10,Full-time,"Docker, Kubernetes",Yes,Q1/2025,4.5,Web Application Development,68.4,23,No,No,1,3,Low,No
E0193,26,Male,Married,Bachelor,QA,QA Engineer,2/21/2012,13,16,Part-time,"AWS, SQL",No,Q1/2025,3.4,API Development,72.6,42,No,Yes,2,3,Medium,No
E0194,35,Female,Single,Bachelor,HR,HR Executive,5/20/2015,10,13,Full-time,"SQL, Kubernetes, Vue.js",Yes,Q1/2025,4.1,API Development,72.1,44,No,No,2,1,Medium,No
E0195,28,Male,Married,Master,QA,QA Engineer,1/28/2020,5,6,Contractor,"Angular, Kubernetes, Python, Java",No,Q1/2025,3.7,DevOps Automation,89.5,32,No,No,1,1,High,No
E0196,24,Female,Single,Bachelor,QA,QA Engineer,11/22/2023,2,4,Full-time,"Azure, Angular, Java, Vue.js, NoSQL",Yes,Q1/2025,4.0,Web Application Development,73.3,17,No,No,4,4,Medium,No
E0197,34,Female,Single,Bachelor,IT,DevOps Engineer,7/18/2017,8,10,Full-time,"NoSQL, Azure, GCP, Kubernetes, C#",No,Q1/2025,3.7,Cloud Migration,36.6,35,No,No,1,4,Low,No
E0198,25,Male,Married,College,QA,QA Engineer,8/23/2018,7,7,Full-time,"Docker, GCP",No,Q1/2025,3.6,Mobile App Design,50.3,25,No,No,5,5,Low,No
E0199,27,Female,Single,Master,Marketing,Content Specialist,4/7/2012,13,16,Full-time,"React, Vue.js, Angular, Python",Yes,Q1/2025,4.4,Mobile App Design,72.0,36,Yes,No,4,5,Low,No
E0200,27,Female,Single,Bachelor,Marketing,Business Analyst,9/29/2021,4,5,Full-time,"Python, AWS, SQL, NoSQL, Java",No,Q1/2025,3.9,Cybersecurity Implementation,37.0,12,No,No,3,3,Medium,No
E0201,29,Female,Married,Bachelor,Finance,Finance Manager,3/3/2014,11,13,Full-time,"SQL, Kubernetes, Java, GCP",No,Q1/2025,4.0,DevOps Automation,63.1,58,No,No,3,5,Medium,No
E0202,22,Female,Single,Bachelor,HR,Recruiter,11/6/2014,11,14,Full-time,"React, Java, Docker",Yes,Q1/2025,5.0,API Development,86.4,54,No,No,5,1,Medium,No
E0203,26,Male,Married,PhD,HR,Recruiter,8/5/2019,6,9,Full-time,"AWS, Docker",No,Q1/2025,3.5,Cloud Migration,75.9,33,No,No,1,4,Medium,No
E0204,28,Female,Single,Master,Marketing,Business Analyst,8/8/2020,5,8,Full-time,"Docker, Vue.js, Angular, Kubernetes",No,Q1/2025,3.5,Data Analytics Platform,71.4,22,No,No,3,5,Medium,No
E0205,30,Male,Married,Bachelor,Sales,Sales Executive,4/8/2010,15,15,Full-time,"SQL, Java, Vue.js, AWS",Yes,Q1/2025,3.2,Mobile App Design,76.3,38,No,Yes,1,4,Low,No
E0206,33,Female,Single,Master,HR,Recruiter,2/6/2016,9,11,Full-time,"SQL, Angular",Yes,Q1/2025,3.5,DevOps Automation,58.6,20,Yes,No,5,2,Medium,No
E0207,27,Female,Single,Master,QA,Test Analyst,3/14/2012,13,14,Full-time,"Docker, NoSQL, GCP, Vue.js, AWS",Yes,Q1/2025,3.4,Cybersecurity Implementation,58.0,39,No,Yes,4,2,High,No
E0208,37,Female,Married,Master,Finance,Finance Manager,4/28/2012,13,16,Full-time,"Angular, Kubernetes, C#",No,Q1/2025,5.0,Cloud Migration,87.4,51,No,No,4,1,Low,Yes
E0209,28,Female,Single,Bachelor,Sales,Sales Executive,12/2/2014,11,14,Full-time,"Python, C#, Vue.js",Yes,Q1/2025,4.5,Web Application Development,16.8,39,No,No,3,1,Medium,No
E0210,25,Male,Single,Bachelor,IT,DevOps Engineer,5/4/2014,11,13,Full-time,"Java, Vue.js, React, GCP, SQL",Yes,Q1/2025,3.7,Web Application Development,80.4,46,No,No,1,1,Medium,No
E0211,31,Male,Married,Bachelor,Finance,Accountant,8/15/2017,8,8,Full-time,"Docker, Java, NoSQL, Angular",Yes,Q1/2025,4.1,DevOps Automation,91.9,35,No,No,4,4,Low,No
E0212,32,Female,Single,Bachelor,IT,DevOps Engineer,2/1/2023,2,2,Full-time,"React, GCP",No,Q1/2025,2.7,API Development,61.0,17,No,Yes,4,1,Medium,No
E0213,23,Male,Single,Bachelor,IT,Software Engineer,7/10/2012,13,16,Full-time,"AWS, Java, Azure, React",No,Q1/2025,3.9,Web Application Development,91.1,35,No,No,3,1,Low,No
E0214,26,Male,Single,Master,IT,Software Engineer,6/6/2017,8,9,Full-time,"Angular, GCP",Yes,Q1/2025,4.0,Web Application Development,82.9,27,No,No,1,4,Low,No
E0215,22,Male,Married,Master,Finance,Financial Analyst,5/15/2024,1,3,Full-time,"Python, AWS, SQL, C#",Yes,Q1/2025,3.6,API Development,77.3,10,No,Yes,3,2,Low,No
E0216,26,Female,Married,Bachelor,HR,Recruiter,5/9/2011,14,15,Full-time,"NoSQL, AWS",Yes,Q1/2025,3.3,Data Analytics Platform,90.3,52,Yes,Yes,1,2,Medium,No
E0217,28,Male,Single,Bachelor,QA,QA Engineer,1/24/2021,4,4,Full-time,"React, Vue.js",Yes,Q1/2025,3.4,Cloud Migration,93.0,18,No,Yes,3,4,Low,No
E0218,33,Male,Married,Master,QA,Test Analyst,12/18/2020,5,6,Part-time,"GCP, SQL, Vue.js",No,Q1/2025,4.4,DevOps Automation,71.0,33,No,No,5,1,Low,No
E0219,34,Female,Married,Master,HR,HR Executive,11/18/2011,14,15,Full-time,"SQL, Java",No,Q1/2025,4.2,Mobile App Design,39.3,37,No,No,1,5,Low,No
E0220,32,Female,Married,Bachelor,HR,Recruiter,5/15/2015,10,13,Full-time,"C#, Kubernetes, AWS, GCP",Yes,Q1/2025,4.0,Cybersecurity Implementation,79.7,46,No,No,5,2,Low,No
E0221,28,Male,Married,Bachelor,HR,Recruiter,11/2/2022,3,4,Full-time,"React, Java, Angular, Vue.js, NoSQL",Yes,Q1/2025,3.9,Mobile App Design,47.2,14,No,No,1,1,High,No
E0222,30,Male,Married,Bachelor,Sales,Account Manager,8/25/2013,12,13,Full-time,"Docker, GCP, NoSQL",Yes,Q1/2025,3.3,Data Analytics Platform,53.6,58,No,Yes,2,5,Low,No
E0223,29,Female,Single,Master,Finance,Accountant,3/3/2018,7,8,Full-time,"Java, AWS, GCP",Yes,Q1/2025,3.2,Cloud Migration,80.8,28,No,Yes,1,2,Low,No
E0224,29,Male,Single,Bachelor,Marketing,Content Specialist,2/24/2015,10,11,Full-time,"Python, React, NoSQL, C#, Azure",Yes,Q1/2025,4.4,Cloud Migration,90.9,60,No,No,2,5,High,No
E0225,30,Female,Married,College,QA,Test Analyst,9/15/2014,11,12,Full-time,"Kubernetes, C#, React, Docker, SQL",No,Q1/2025,3.5,Cloud Migration,42.6,43,No,No,4,5,Medium,No
E0226,43,Male,Single,Bachelor,HR,Recruiter,8/10/2022,3,4,Full-time,"Kubernetes, Azure, SQL",Yes,Q1/2025,3.2,Web Application Development,68.8,20,No,Yes,5,5,Medium,Yes
E0227,28,Female,Married,Bachelor,Finance,Financial Analyst,7/5/2013,12,13,Part-time,"React, Kubernetes, Docker, Vue.js, Java",Yes,Q1/2025,3.9,Cybersecurity Implementation,58.6,40,No,No,5,4,Low,No
E0228,32,Male,Married,College,Finance,Accountant,4/11/2023,2,4,Full-time,"SQL, Vue.js, Docker",Yes,Q1/2025,4.3,Data Analytics Platform,51.2,13,No,No,4,5,Low,No
E0229,23,Male,Married,Master,Marketing,Business Analyst,4/19/2024,1,4,Full-time,"Angular, NoSQL, Azure, Vue.js, Docker",No,Q1/2025,4.2,Web Application Development,71.9,10,No,Yes,2,1,Low,No
E0230,35,Male,Single,Bachelor,QA,QA Engineer,3/14/2023,2,3,Full-time,"NoSQL, Java",No,Q1/2025,3.8,API Development,37.9,13,No,No,3,1,Medium,No
E0231,22,Female,Married,Bachelor,QA,Test Analyst,6/30/2011,14,15,Contractor,"NoSQL, C#",No,Q1/2025,4.1,Cybersecurity Implementation,97.0,48,No,No,5,3,Low,No
E0232,37,Female,Married,Bachelor,Finance,Accountant,2/8/2017,8,8,Full-time,"C#, Java",No,Q1/2025,3.3,Mobile App Design,82.5,30,No,Yes,5,1,Medium,Yes
E0233,28,Male,Single,Bachelor,Finance,Finance Manager,10/21/2013,12,14,Full-time,"React, Azure, NoSQL, Kubernetes",No,Q1/2025,3.3,Data Analytics Platform,49.8,82,No,Yes,1,5,Low,No
E0234,26,Male,Married,Master,Sales,Account Manager,3/9/2012,13,14,Full-time,"Azure, Kubernetes, React, Vue.js, SQL",No,Q1/2025,4.1,Web Application Development,84.0,61,No,No,4,2,Medium,No
E0235,25,Male,Single,PhD,Finance,Finance Manager,5/19/2016,9,10,Full-time,"React, Angular, Java, Docker",No,Q1/2025,3.6,Cloud Migration,63.0,32,No,No,2,5,Low,No
E0236,25,Female,Married,Master,Marketing,Business Analyst,3/28/2021,4,4,Full-time,"Angular, React, SQL",Yes,Q1/2025,3.7,Cloud Migration,64.5,16,Yes,No,1,4,Medium,No
E0237,35,Female,Married,College,Marketing,Digital Marketer,5/30/2021,4,4,Full-time,"Kubernetes, C#, AWS, Angular",Yes,Q1/2025,3.6,AI/ML Model Deployment,50.7,15,No,No,4,5,Low,No
E0238,27,Male,Married,Master,Marketing,Content Specialist,12/19/2011,14,16,Full-time,"SQL, Python, NoSQL, React",Yes,Q1/2025,4.1,DevOps Automation,79.9,49,No,No,2,5,Low,No
E0239,27,Male,Divorced,Bachelor,HR,Recruiter,7/23/2022,3,5,Full-time,"Vue.js, Docker, Angular, Kubernetes",Yes,Q1/2025,3.7,API Development,84.3,12,No,No,2,5,Low,No
E0240,32,Male,Single,PhD,HR,Recruiter,6/15/2013,12,12,Full-time,"Kubernetes, C#, GCP, AWS, Azure",No,Q1/2025,3.6,Data Analytics Platform,65.2,35,No,No,5,1,Low,No
E0241,33,Female,Single,Master,Marketing,Business Analyst,5/11/2017,8,8,Full-time,"Angular, Vue.js, SQL, AWS",Yes,Q1/2025,4.4,AI/ML Model Deployment,60.1,34,No,No,5,2,Medium,No
E0242,33,Female,Married,PhD,Sales,Account Manager,6/18/2020,5,5,Full-time,"NoSQL, SQL, Kubernetes, Java, Docker",No,Q1/2025,5.0,Cloud Migration,40.0,42,No,No,3,4,Medium,No
E0243,25,Female,Married,College,HR,Recruiter,8/21/2015,10,10,Full-time,"SQL, Angular, Azure, Docker",Yes,Q1/2025,3.9,Web Application Development,82.1,39,No,No,1,2,Medium,No
E0244,26,Female,Married,Master,IT,DevOps Engineer,4/6/2011,14,14,Full-time,"Java, Kubernetes",Yes,Q1/2025,4.0,API Development,60.3,53,No,No,2,1,Medium,No
E0245,33,Female,Single,Bachelor,Sales,Account Manager,12/11/2020,5,8,Full-time,"Python, NoSQL, GCP",Yes,Q1/2025,5.0,Web Application Development,71.9,30,No,No,5,4,Low,No
E0246,25,Female,Married,Bachelor,Marketing,Business Analyst,10/15/2017,8,11,Full-time,"Vue.js, Kubernetes, AWS, React",No,Q1/2025,3.8,DevOps Automation,61.7,32,No,No,3,1,Low,No
E0247,27,Female,Married,Bachelor,Marketing,Business Analyst,9/10/2018,7,10,Full-time,"NoSQL, Kubernetes, Angular, Python, Docker",No,Q1/2025,3.9,DevOps Automation,76.5,29,No,No,5,4,Low,No
E0248,30,Male,Married,Bachelor,Marketing,Content Specialist,12/11/2019,6,7,Full-time,"AWS, Azure, GCP",Yes,Q1/2025,4.6,Mobile App Design,57.8,35,No,No,2,2,Low,No
E0249,22,Female,Married,Bachelor,Finance,Financial Analyst,12/11/2011,14,14,Full-time,"Python, AWS, NoSQL",Yes,Q1/2025,4.1,Data Analytics Platform,84.8,54,No,No,1,2,Low,No
E0250,32,Male,Single,Bachelor,Marketing,Digital Marketer,5/31/2017,8,9,Full-time,"Vue.js, Java",No,Q1/2025,4.0,Data Analytics Platform,65.3,33,No,No,5,4,Low,No
E0251,32,Female,Single,Bachelor,IT,Software Engineer,9/19/2022,3,5,Full-time,"React, SQL, Python, NoSQL, Kubernetes",No,Q1/2025,4.3,Web Application Development,84.0,14,No,No,3,3,Low,No
E0252,26,Female,Married,Bachelor,IT,System Admin,2/2/2016,9,11,Full-time,"Vue.js, Python, GCP",Yes,Q1/2025,3.7,Mobile App Design,57.4,32,Yes,No,3,5,Low,No
E0253,36,Female,Single,College,QA,Test Analyst,10/19/2013,12,13,Full-time,"NoSQL, Java, React, C#",Yes,Q1/2025,3.3,AI/ML Model Deployment,88.6,55,No,Yes,2,5,Medium,Yes
E0254,32,Male,Single,PhD,QA,Test Analyst,3/8/2016,9,11,Full-time,"SQL, Docker",Yes,Q1/2025,3.3,AI/ML Model Deployment,67.6,31,No,Yes,5,3,Medium,No
E0255,28,Female,Married,Bachelor,Sales,Account Manager,8/30/2019,6,6,Part-time,"Java, AWS, C#",Yes,Q1/2025,3.4,DevOps Automation,86.3,36,Yes,Yes,5,4,Medium,No
E0256,33,Female,Married,Bachelor,Finance,Accountant,4/13/2016,9,11,Full-time,"React, AWS, GCP, Kubernetes, SQL",Yes,Q1/2025,3.6,Mobile App Design,68.7,32,No,No,1,5,Medium,No
E0257,29,Male,Married,Bachelor,IT,DevOps Engineer,11/26/2016,9,11,Full-time,"Python, Azure",No,Q1/2025,3.6,Data Analytics Platform,71.0,20,No,No,5,1,Low,No
E0258,22,Female,Married,Master,IT,IT Support,6/5/2012,13,16,Full-time,"AWS, SQL, Docker, Vue.js",No,Q1/2025,3.5,AI/ML Model Deployment,96.6,39,Yes,No,3,1,High,No
E0259,35,Female,Single,Master,Finance,Financial Analyst,7/26/2018,7,8,Full-time,"Azure, GCP, C#",Yes,Q1/2025,3.2,DevOps Automation,83.4,20,No,Yes,4,1,Low,No
E0260,34,Male,Single,Bachelor,HR,Recruiter,12/21/2023,2,2,Contractor,"Vue.js, Docker, GCP, SQL",No,Q1/2025,5.0,Cybersecurity Implementation,83.2,18,No,No,3,3,High,No
E0261,22,Male,Single,Master,Sales,Sales Executive,8/19/2019,6,9,Full-time,"Python, Angular, React, GCP",No,Q1/2025,4.6,Cloud Migration,65.0,23,Yes,No,3,2,Low,No
E0262,29,Male,Married,Bachelor,Sales,Sales Executive,1/26/2017,8,10,Full-time,"SQL, Java, Vue.js",No,Q1/2025,4.2,API Development,87.3,34,No,No,1,5,Low,No
E0263,36,Female,Married,Bachelor,Marketing,Digital Marketer,11/1/2021,4,5,Part-time,"SQL, GCP, Azure",No,Q1/2025,3.9,Data Analytics Platform,87.9,13,Yes,No,5,5,Low,Yes
E0264,36,Female,Single,College,QA,Test Analyst,7/8/2010,15,17,Full-time,"React, Docker",Yes,Q1/2025,2.7,Cloud Migration,94.6,41,Yes,Yes,5,1,Medium,Yes
E0265,35,Male,Single,Bachelor,QA,QA Engineer,5/17/2016,9,9,Full-time,"Kubernetes, Docker, GCP",Yes,Q1/2025,3.2,Cybersecurity Implementation,68.5,31,No,Yes,4,3,Medium,No
E0266,37,Female,Single,Bachelor,Sales,Account Manager,11/3/2010,15,16,Full-time,"NoSQL, Angular",Yes,Q1/2025,4.1,Cloud Migration,74.4,60,Yes,No,2,2,Medium,Yes
E0267,31,Male,Married,College,QA,QA Engineer,12/21/2015,10,11,Contractor,"Angular, Python, Vue.js",No,Q1/2025,3.7,Web Application Development,51.8,41,Yes,No,2,5,Low,No
E0268,24,Female,Married,Bachelor,Finance,Finance Manager,11/13/2021,4,7,Full-time,"Docker, Azure",No,Q1/2025,4.2,Data Analytics Platform,80.3,25,Yes,No,2,5,Low,No
E0269,30,Male,Married,College,QA,Test Analyst,10/30/2011,14,17,Part-time,"Java, Python, Angular, Docker",Yes,Q1/2025,4.2,DevOps Automation,51.2,35,No,No,5,1,Low,No
E0270,33,Female,Single,Master,IT,Software Engineer,2/2/2024,1,2,Contractor,"Vue.js, Kubernetes, Docker, C#",Yes,Q1/2025,3.8,Data Analytics Platform,38.8,11,No,Yes,5,3,Medium,No
E0271,30,Female,Married,Master,IT,System Admin,10/24/2013,12,12,Full-time,"GCP, C#, Java, Docker, AWS",No,Q1/2025,3.4,Mobile App Design,60.5,44,No,Yes,4,3,High,No
E0272,39,Male,Married,Bachelor,HR,HR Executive,11/11/2021,4,4,Full-time,"Docker, C#, GCP",No,Q1/2025,3.7,API Development,76.6,20,No,No,1,2,Low,Yes
E0273,25,Female,Married,Master,Marketing,Digital Marketer,1/31/2015,10,11,Full-time,"C#, React, Java, NoSQL",Yes,Q1/2025,4.8,Cybersecurity Implementation,70.2,35,No,No,1,3,Low,No
E0274,32,Female,Single,Master,Marketing,Business Analyst,6/12/2017,8,10,Full-time,"Kubernetes, NoSQL, C#, GCP, React",Yes,Q1/2025,3.8,Data Analytics Platform,73.3,35,No,No,2,2,Low,No
E0275,28,Female,Divorced,Master,Marketing,Business Analyst,2/8/2021,4,4,Part-time,"Docker, NoSQL, Python",No,Q1/2025,3.6,Mobile App Design,62.5,14,No,No,5,5,Medium,No
E0276,30,Female,Married,College,IT,IT Support,6/30/2019,6,7,Part-time,"React, AWS",Yes,Q1/2025,4.1,Mobile App Design,86.7,27,No,No,1,2,Low,No
E0277,25,Male,Single,Master,Marketing,Content Specialist,1/16/2018,7,7,Full-time,"SQL, AWS",No,Q1/2025,3.8,API Development,79.9,30,No,No,2,5,High,No
E0278,24,Female,Single,Bachelor,Marketing,Content Specialist,2/8/2022,3,5,Full-time,"Kubernetes, Java, Angular",Yes,Q1/2025,4.4,API Development,85.7,19,No,No,3,1,Medium,No
E0279,27,Male,Married,Bachelor,HR,Recruiter,11/8/2022,3,6,Full-time,"Vue.js, Azure, GCP",No,Q1/2025,3.5,Cloud Migration,69.9,19,No,No,4,3,Low,No
E0280,34,Female,Single,Bachelor,IT,DevOps Engineer,1/22/2013,12,13,Full-time,"Python, Kubernetes, SQL, GCP",Yes,Q1/2025,3.8,Cybersecurity Implementation,74.3,35,No,No,4,4,Low,No
E0281,33,Male,Married,Bachelor,Finance,Financial Analyst,2/1/2022,3,6,Full-time,"Python, GCP, Vue.js",Yes,Q1/2025,4.0,DevOps Automation,71.7,15,Yes,No,4,2,Low,No
E0282,32,Male,Married,Bachelor,Finance,Finance Manager,9/18/2021,4,4,Contractor,"Python, Java, Angular, Vue.js",Yes,Q1/2025,5.0,Mobile App Design,76.1,21,Yes,No,4,2,Low,No
E0283,40,Female,Single,Bachelor,HR,HR Executive,2/23/2021,4,4,Full-time,"Kubernetes, SQL",No,Q1/2025,4.5,DevOps Automation,75.2,14,No,No,5,3,High,Yes
E0284,29,Female,Single,Master,Marketing,Digital Marketer,12/15/2024,1,3,Part-time,"SQL, Angular, React",Yes,Q1/2025,3.6,API Development,50.5,12,No,Yes,5,4,Low,No
E0285,24,Male,Married,Bachelor,IT,DevOps Engineer,2/21/2014,11,11,Full-time,"Angular, NoSQL",Yes,Q1/2025,3.5,API Development,94.5,35,No,No,4,5,Medium,No
E0286,40,Male,Single,Bachelor,Sales,Account Manager,5/13/2015,10,10,Full-time,"Kubernetes, C#, GCP",Yes,Q1/2025,4.1,Web Application Development,65.2,57,No,No,1,5,Low,Yes
E0287,25,Female,Single,Bachelor,HR,Recruiter,1/22/2024,1,4,Full-time,"Angular, Python, Vue.js",No,Q1/2025,3.8,Cloud Migration,47.6,10,Yes,Yes,3,3,Medium,No
E0288,31,Male,Single,Master,Sales,Account Manager,7/18/2019,6,7,Contractor,"AWS, Angular, C#",Yes,Q1/2025,3.6,Cybersecurity Implementation,82.2,37,No,No,1,4,High,No
E0289,29,Male,Single,Bachelor,Finance,Financial Analyst,11/6/2023,2,2,Full-time,"AWS, GCP",No,Q1/2025,4.1,Web Application Development,67.7,12,No,No,5,1,Low,No
E0290,33,Female,Married,Bachelor,IT,System Admin,7/30/2011,14,16,Part-time,"AWS, GCP",No,Q1/2025,5.0,Cybersecurity Implementation,96.7,48,No,No,3,3,Medium,No
E0291,42,Female,Married,Bachelor,HR,Recruiter,10/3/2013,12,14,Full-time,"React, AWS",Yes,Q1/2025,4.0,Cloud Migration,77.9,53,No,No,5,2,Low,Yes
E0292,38,Male,Married,Bachelor,IT,DevOps Engineer,8/27/2023,2,4,Full-time,"Java, Docker",Yes,Q1/2025,4.6,Cloud Migration,70.3,15,No,No,5,4,Medium,Yes
E0293,25,Male,Married,Master,QA,QA Engineer,9/5/2018,7,7,Full-time,"NoSQL, SQL",Yes,Q1/2025,3.0,Web Application Development,97.2,25,No,Yes,2,2,High,Yes
E0294,36,Female,Married,Bachelor,QA,Test Analyst,7/1/2020,5,6,Full-time,"Java, Kubernetes",Yes,Q1/2025,4.0,Cloud Migration,87.0,33,No,No,5,5,Low,No
E0295,31,Male,Married,Master,Sales,Sales Executive,6/9/2015,10,12,Full-time,"Azure, Docker, React, NoSQL, GCP",Yes,Q1/2025,3.6,API Development,63.8,37,No,No,5,4,Medium,No
E0296,29,Male,Married,Bachelor,HR,HR Executive,4/18/2012,13,14,Full-time,"Java, Azure, SQL, Kubernetes, Vue.js",Yes,Q1/2025,4.3,Cloud Migration,41.2,50,No,No,1,5,Low,No
E0297,35,Female,Married,Bachelor,Marketing,Business Analyst,4/28/2021,4,7,Full-time,"Azure, GCP, Python",No,Q1/2025,2.8,Data Analytics Platform,75.6,19,No,Yes,4,2,Low,No
E0298,29,Female,Single,Master,QA,Test Analyst,2/17/2021,4,5,Full-time,"Java, Azure, Python, SQL",No,Q1/2025,4.8,Data Analytics Platform,87.0,20,No,No,5,1,Low,No
E0299,22,Female,Divorced,Bachelor,Sales,Sales Executive,8/24/2017,8,10,Full-time,"GCP, Vue.js, Docker, NoSQL, Azure",Yes,Q1/2025,3.5,Web Application Development,84.2,23,No,No,4,3,Medium,No
E0300,34,Male,Divorced,Bachelor,HR,HR Executive,4/27/2012,13,13,Full-time,"SQL, Kubernetes, GCP",Yes,Q1/2025,5.0,Cloud Migration,44.2,53,No,No,4,5,High,No
E0301,29,Female,Single,Bachelor,Marketing,Digital Marketer,2/21/2018,7,10,Full-time,"Azure, Python, NoSQL, Kubernetes, React",No,Q1/2025,3.1,DevOps Automation,81.1,33,No,Yes,5,4,Medium,No
E0302,22,Male,Single,Bachelor,HR,Recruiter,1/21/2023,2,4,Full-time,"React, Kubernetes",No,Q1/2025,4.3,Data Analytics Platform,70.7,19,Yes,No,3,5,Medium,No
E0303,36,Male,Married,Bachelor,QA,Test Analyst,1/8/2014,11,11,Full-time,"Angular, C#, Python, Azure",No,Q1/2025,3.7,AI/ML Model Deployment,84.6,58,No,No,2,5,Low,No
E0304,29,Other,Married,Bachelor,Sales,Account Manager,6/13/2023,2,2,Full-time,"NoSQL, Angular",Yes,Q1/2025,3.5,Data Analytics Platform,82.3,23,Yes,No,1,5,Low,No
E0305,23,Female,Single,Bachelor,HR,Recruiter,8/5/2020,5,6,Full-time,"NoSQL, AWS, Python",Yes,Q1/2025,4.2,Cloud Migration,60.4,22,No,No,4,4,Low,No
E0306,32,Male,Married,Bachelor,QA,Test Analyst,5/16/2014,11,11,Full-time,"Python, C#",Yes,Q1/2025,4.8,Web Application Development,69.7,35,No,No,5,2,Low,No
E0307,27,Female,Single,Bachelor,Marketing,Content Specialist,7/5/2016,9,10,Contractor,"Docker, GCP, Vue.js, AWS, Python",Yes,Q1/2025,2.3,Mobile App Design,74.1,21,No,Yes,3,3,Low,No
E0308,31,Female,Single,Bachelor,Marketing,Business Analyst,10/11/2021,4,7,Full-time,"AWS, Vue.js, GCP",No,Q1/2025,5.0,AI/ML Model Deployment,71.1,20,Yes,No,1,1,Low,No
E0309,35,Female,Married,Bachelor,QA,Test Analyst,11/26/2023,2,2,Full-time,"Azure, Java",Yes,Q1/2025,3.2,API Development,95.0,15,No,Yes,1,5,Low,No
E0310,32,Female,Married,Bachelor,HR,HR Executive,8/14/2013,12,15,Full-time,"Kubernetes, GCP, Java, NoSQL",No,Q1/2025,4.0,DevOps Automation,85.2,53,No,No,1,3,Medium,No
E0311,35,Male,Single,College,Sales,Sales Executive,12/19/2010,15,15,Full-time,"Azure, Docker, C#",No,Q1/2025,3.7,Mobile App Design,83.9,46,No,No,1,4,Medium,No
E0312,29,Male,Single,Bachelor,Sales,Account Manager,2/4/2015,10,12,Part-time,"GCP, NoSQL, Python",No,Q1/2025,4.4,Data Analytics Platform,80.4,81,No,No,4,5,Low,No
E0313,27,Female,Married,Bachelor,Marketing,Business Analyst,11/10/2014,11,14,Full-time,"Docker, SQL",No,Q1/2025,3.8,DevOps Automation,65.8,35,No,No,4,1,Medium,No
E0314,35,Female,Single,Bachelor,Sales,Sales Executive,8/4/2015,10,10,Full-time,"GCP, React, C#, AWS",Yes,Q1/2025,4.3,Data Analytics Platform,84.0,51,No,No,1,3,Low,No
E0315,25,Female,Single,Bachelor,IT,DevOps Engineer,3/30/2017,8,11,Full-time,"Kubernetes, Docker, Java",No,Q1/2025,3.5,Web Application Development,76.4,28,Yes,No,1,3,Medium,No
E0316,31,Male,Single,Master,QA,Test Analyst,12/21/2024,1,3,Full-time,"Java, Python, C#",Yes,Q1/2025,4.0,AI/ML Model Deployment,80.8,9,No,Yes,2,1,Low,No
E0317,34,Male,Single,Master,Marketing,Business Analyst,4/22/2010,15,16,Part-time,"Java, NoSQL",Yes,Q1/2025,3.7,Cybersecurity Implementation,69.0,53,No,No,4,3,Low,No
E0318,36,Female,Married,Bachelor,HR,HR Executive,4/19/2015,10,11,Full-time,"Java, Angular",Yes,Q1/2025,2.9,DevOps Automation,46.1,52,No,Yes,2,5,Low,No
E0319,23,Male,Married,Bachelor,HR,HR Executive,1/20/2023,2,3,Full-time,"C#, Java",No,Q1/2025,4.5,Mobile App Design,62.7,19,No,No,4,2,Low,No
E0320,22,Female,Married,Bachelor,HR,HR Executive,2/17/2010,15,18,Full-time,"GCP, Angular",Yes,Q1/2025,4.3,Cybersecurity Implementation,73.3,55,No,No,1,5,Low,No
E0321,35,Female,Married,Bachelor,QA,QA Engineer,9/24/2016,9,9,Full-time,"NoSQL, C#",No,Q1/2025,5.0,Cloud Migration,57.9,26,No,No,1,1,Medium,No
E0322,35,Male,Single,Bachelor,Marketing,Content Specialist,8/15/2011,14,14,Full-time,"C#, Python, Kubernetes",Yes,Q1/2025,3.8,Web Application Development,87.6,38,No,No,4,2,Medium,No
E0323,33,Female,Single,Bachelor,HR,HR Executive,9/29/2014,11,14,Full-time,"Docker, React, Java",Yes,Q1/2025,3.8,Mobile App Design,74.2,47,No,No,5,4,Low,No
E0324,29,Male,Single,Bachelor,Sales,Account Manager,2/4/2020,5,5,Full-time,"SQL, Azure",Yes,Q1/2025,2.8,Web Application Development,67.0,29,No,Yes,3,2,High,Yes
E0325,22,Female,Married,Bachelor,Finance,Accountant,10/5/2010,15,15,Full-time,"React, Azure, Kubernetes, GCP, Angular",Yes,Q1/2025,3.5,Cybersecurity Implementation,84.3,36,No,No,2,5,High,No
E0326,39,Female,Married,Bachelor,IT,Software Engineer,5/30/2014,11,11,Full-time,"Docker, AWS",Yes,Q1/2025,4.3,Web Application Development,92.7,59,No,No,5,1,Medium,Yes
E0327,30,Male,Single,Bachelor,HR,HR Executive,12/21/2023,2,4,Full-time,"C#, SQL, Kubernetes, Azure",No,Q1/2025,3.8,Web Application Development,74.0,17,No,No,4,2,Medium,No
E0328,32,Male,Single,Bachelor,QA,QA Engineer,9/20/2015,10,12,Part-time,"AWS, Python, Angular, Docker",No,Q1/2025,4.0,API Development,76.4,36,No,No,1,5,High,No
E0329,40,Female,Married,Bachelor,Sales,Account Manager,6/19/2010,15,16,Full-time,"GCP, AWS, Java",Yes,Q1/2025,4.0,DevOps Automation,86.2,60,No,No,4,5,High,Yes
E0330,36,Female,Married,Master,Sales,Account Manager,9/20/2015,10,13,Full-time,"Angular, Python, Java, Vue.js, Azure",Yes,Q1/2025,4.7,Web Application Development,84.8,60,No,No,5,3,Low,No
E0331,26,Male,Married,Bachelor,IT,DevOps Engineer,9/16/2010,15,16,Full-time,"C#, Angular, Java, GCP, NoSQL",Yes,Q1/2025,2.8,Cloud Migration,31.2,53,No,Yes,1,3,Low,No
E0332,30,Female,Married,Bachelor,Marketing,Digital Marketer,3/13/2012,13,15,Full-time,"React, Java, Python, NoSQL",No,Q1/2025,3.9,Mobile App Design,81.8,36,No,No,3,4,Medium,No
E0333,26,Female,Married,Bachelor,Sales,Sales Executive,6/14/2015,10,10,Full-time,"React, Kubernetes, Vue.js, Angular",No,Q1/2025,4.0,DevOps Automation,88.7,47,No,No,2,5,High,No
E0334,29,Female,Single,PhD,QA,QA Engineer,11/19/2017,8,10,Full-time,"Vue.js, Azure",Yes,Q1/2025,4.1,Cloud Migration,86.5,31,No,No,1,3,High,No
E0335,31,Male,Single,PhD,Finance,Financial Analyst,4/26/2010,15,15,Contractor,"Kubernetes, C#, NoSQL, Vue.js, SQL",Yes,Q1/2025,5.0,Web Application Development,62.0,49,No,No,5,2,Medium,No
E0336,26,Female,Married,Bachelor,IT,IT Support,11/7/2013,12,12,Full-time,"Angular, Python",Yes,Q1/2025,3.5,DevOps Automation,63.4,41,No,No,5,2,Medium,No
E0337,30,Male,Married,Bachelor,IT,Software Engineer,2/15/2014,11,14,Part-time,"AWS, Docker",Yes,Q1/2025,4.0,DevOps Automation,83.6,46,No,No,4,3,Low,No
E0338,26,Male,Single,Bachelor,Marketing,Business Analyst,9/10/2020,5,5,Full-time,"SQL, Docker, Kubernetes, Angular, C#",No,Q1/2025,4.2,Cloud Migration,86.1,22,No,No,2,2,Low,No
E0339,35,Other,Married,Bachelor,Finance,Financial Analyst,7/23/2022,3,5,Full-time,"Docker, C#, AWS, Kubernetes",No,Q1/2025,4.1,Cloud Migration,42.1,15,No,No,4,1,Medium,No
E0340,40,Male,Married,Bachelor,QA,Test Analyst,2/8/2015,10,10,Full-time,"C#, Angular",Yes,Q1/2025,3.5,API Development,70.2,44,No,No,3,4,Low,Yes
E0341,29,Female,Married,College,Sales,Account Manager,12/22/2016,9,12,Full-time,"Azure, Kubernetes, NoSQL, Docker",No,Q1/2025,4.5,DevOps Automation,42.3,32,No,No,1,3,Low,No
E0342,38,Male,Single,Master,HR,Recruiter,7/25/2010,15,17,Full-time,"Docker, GCP, Vue.js, Python",Yes,Q1/2025,3.5,Cloud Migration,89.4,42,Yes,No,2,5,Low,Yes
E0343,29,Male,Married,Master,Sales,Account Manager,8/7/2013,12,15,Full-time,"C#, Python, NoSQL, AWS",Yes,Q1/2025,5.0,Mobile App Design,70.2,64,No,No,2,1,Low,No
E0344,22,Female,Married,Master,Finance,Finance Manager,7/27/2017,8,11,Part-time,"Docker, Kubernetes",No,Q1/2025,2.9,AI/ML Model Deployment,68.2,44,No,Yes,3,2,Medium,No
E0345,34,Female,Married,Master,Sales,Sales Executive,5/1/2016,9,12,Full-time,"React, C#",No,Q1/2025,4.5,Data Analytics Platform,79.5,27,No,No,1,4,Medium,No
E0346,36,Female,Single,Master,Marketing,Content Specialist,1/5/2013,12,15,Full-time,"Kubernetes, Java",No,Q1/2025,3.9,Data Analytics Platform,69.0,36,Yes,No,1,1,High,No
E0347,34,Male,Married,Bachelor,Sales,Sales Executive,2/11/2024,1,1,Full-time,"Azure, Vue.js, SQL, C#",No,Q1/2025,3.0,API Development,71.4,9,No,Yes,5,2,Medium,No
E0348,24,Female,Single,Master,IT,Software Engineer,4/18/2011,14,16,Full-time,"Vue.js, SQL, Azure, C#, Kubernetes",No,Q1/2025,4.5,DevOps Automation,93.9,36,No,No,5,2,Low,No
E0349,36,Female,Single,Bachelor,Finance,Accountant,10/21/2023,2,5,Full-time,"AWS, SQL, Python, Java",Yes,Q1/2025,3.7,Data Analytics Platform,59.3,12,No,No,3,4,Low,No
E0350,33,Male,Divorced,Bachelor,IT,IT Support,5/12/2017,8,10,Full-time,"GCP, Java, Docker, Kubernetes, AWS",No,Q1/2025,4.2,Cloud Migration,79.2,24,No,No,5,1,Medium,No
E0351,24,Female,Single,Bachelor,HR,Recruiter,10/30/2013,12,13,Full-time,"Java, React, Docker, Kubernetes, Angular",No,Q1/2025,4.2,Mobile App Design,88.4,38,No,No,5,4,High,No
E0352,23,Female,Single,Bachelor,IT,System Admin,6/16/2022,3,4,Full-time,"Python, Java, NoSQL",No,Q1/2025,4.2,Cloud Migration,78.0,12,No,No,3,2,Low,No
E0353,28,Female,Married,Bachelor,Finance,Financial Analyst,10/15/2022,3,3,Full-time,"Kubernetes, AWS, Angular, SQL, Vue.js",No,Q1/2025,4.8,Mobile App Design,53.1,16,No,No,3,4,Low,No
E0354,33,Male,Single,Bachelor,Sales,Sales Executive,6/2/2016,9,10,Full-time,"SQL, Docker, Kubernetes, Java",Yes,Q1/2025,3.7,Web Application Development,55.6,20,No,No,5,1,Low,No
E0355,26,Female,Divorced,Bachelor,Sales,Account Manager,7/23/2011,14,17,Full-time,"C#, Vue.js",Yes,Q1/2025,4.5,DevOps Automation,93.0,50,Yes,No,3,3,Low,No
E0356,31,Male,Single,Bachelor,Sales,Sales Executive,1/10/2020,5,5,Full-time,"Java, Vue.js, C#, Python",Yes,Q1/2025,3.3,Mobile App Design,72.3,30,No,Yes,4,3,Low,No
E0357,26,Male,Single,Bachelor,Finance,Financial Analyst,4/28/2017,8,8,Full-time,"Java, SQL, GCP, React, Vue.js",Yes,Q1/2025,4.0,Data Analytics Platform,75.4,31,No,No,2,4,Medium,No
E0358,31,Female,Single,Master,HR,Recruiter,2/25/2012,13,13,Full-time,"NoSQL, React, Azure, Java, GCP",Yes,Q1/2025,4.1,Web Application Development,78.9,51,No,No,1,3,Medium,No
E0359,24,Male,Married,Bachelor,Marketing,Digital Marketer,6/22/2016,9,11,Full-time,"GCP, AWS, C#, Python, SQL",No,Q1/2025,3.3,Cybersecurity Implementation,45.0,22,No,Yes,4,3,High,No
E0360,24,Female,Married,Master,Marketing,Business Analyst,12/8/2012,13,15,Full-time,"Vue.js, Kubernetes, C#",Yes,Q1/2025,2.7,Mobile App Design,65.3,57,No,Yes,1,2,Medium,No
E0361,24,Male,Single,Bachelor,QA,QA Engineer,5/23/2014,11,11,Full-time,"React, Python, NoSQL",No,Q1/2025,2.5,Web Application Development,92.9,55,No,Yes,4,1,Low,No
E0362,37,Male,Single,Master,Sales,Sales Executive,3/9/2010,15,18,Contractor,"NoSQL, Python, SQL, Java, Vue.js",No,Q1/2025,3.6,DevOps Automation,84.5,55,No,No,1,4,High,Yes
E0363,27,Female,Single,Bachelor,QA,QA Engineer,1/30/2012,13,14,Full-time,"Kubernetes, Java, React, Azure",Yes,Q1/2025,4.5,DevOps Automation,66.6,40,No,No,2,4,Low,No
E0364,31,Male,Single,Bachelor,Marketing,Digital Marketer,4/6/2018,7,10,Full-time,"SQL, Java, Vue.js, AWS",Yes,Q1/2025,3.5,Cloud Migration,73.4,22,No,No,3,3,Low,No
E0365,33,Female,Married,Master,QA,QA Engineer,8/16/2015,10,13,Full-time,"Angular, GCP, Vue.js, Java, AWS",No,Q1/2025,3.9,AI/ML Model Deployment,40.7,44,No,No,3,3,Low,No
E0366,34,Female,Single,Bachelor,HR,Recruiter,1/6/2014,11,14,Full-time,"NoSQL, Python, Angular, Java, Kubernetes",Yes,Q1/2025,4.0,Mobile App Design,73.9,53,No,No,3,5,Low,No
E0367,32,Male,Married,Bachelor,Sales,Account Manager,6/27/2021,4,5,Full-time,"GCP, Kubernetes, NoSQL",Yes,Q1/2025,4.4,Data Analytics Platform,90.1,28,No,No,1,2,Low,No
E0368,30,Female,Married,Bachelor,HR,Recruiter,11/30/2017,8,8,Full-time,"Angular, C#, GCP",Yes,Q1/2025,3.8,Cybersecurity Implementation,68.0,24,No,No,2,4,High,No
E0369,25,Female,Married,Bachelor,IT,DevOps Engineer,11/19/2016,9,10,Contractor,"Angular, SQL, C#",Yes,Q1/2025,3.7,Data Analytics Platform,34.7,32,Yes,No,3,2,High,No
E0370,28,Male,Married,Bachelor,Marketing,Business Analyst,7/5/2012,13,15,Full-time,"React, Angular, SQL",No,Q1/2025,4.5,Mobile App Design,72.4,37,No,No,3,2,Low,No
E0371,27,Male,Single,Bachelor,Sales,Sales Executive,6/17/2015,10,12,Full-time,"Vue.js, Azure, GCP",No,Q1/2025,3.4,Web Application Development,32.8,55,No,Yes,4,2,Medium,No
E0372,36,Female,Married,Bachelor,IT,Software Engineer,3/24/2014,11,11,Full-time,"Kubernetes, Vue.js, Azure",No,Q1/2025,3.1,AI/ML Model Deployment,88.5,56,No,Yes,4,3,High,Yes
E0373,26,Female,Single,Master,IT,DevOps Engineer,4/6/2019,6,6,Full-time,"Vue.js, Kubernetes, C#, Java, NoSQL",No,Q1/2025,3.5,Data Analytics Platform,51.6,23,No,No,2,4,High,No
E0374,36,Female,Married,Master,Sales,Account Manager,9/30/2019,6,7,Part-time,"AWS, Vue.js, Docker, C#",Yes,Q1/2025,3.4,Web Application Development,90.7,49,No,Yes,1,2,Low,Yes
E0375,32,Male,Single,Bachelor,IT,IT Support,1/2/2017,8,8,Full-time,"Kubernetes, NoSQL, Java, C#, GCP",Yes,Q1/2025,3.2,Cloud Migration,66.8,20,No,Yes,3,5,High,No
E0376,28,Female,Married,PhD,Finance,Finance Manager,8/22/2024,1,2,Full-time,"React, Kubernetes",No,Q1/2025,4.5,Data Analytics Platform,87.6,14,No,Yes,1,4,Low,No
E0377,34,Female,Single,Bachelor,IT,Software Engineer,4/27/2010,15,16,Part-time,"Kubernetes, GCP, Angular, Azure, Python",Yes,Q1/2025,4.3,DevOps Automation,79.2,52,No,No,5,2,Low,No
E0378,24,Male,Married,Bachelor,IT,Software Engineer,11/6/2015,10,12,Contractor,"Java, Docker, Angular, C#, React",No,Q1/2025,3.5,AI/ML Model Deployment,79.6,52,No,No,4,3,Medium,No
E0379,22,Female,Single,Bachelor,Marketing,Business Analyst,8/21/2024,1,2,Contractor,"Vue.js, GCP, Java",No,Q1/2025,3.9,Web Application Development,58.6,12,No,Yes,5,5,Low,No
E0380,35,Female,Married,Bachelor,Marketing,Business Analyst,9/26/2019,6,9,Full-time,"Kubernetes, GCP, React, C#",No,Q1/2025,3.2,Data Analytics Platform,52.5,28,No,Yes,4,3,Low,No
E0381,22,Male,Married,Master,Finance,Financial Analyst,10/19/2014,11,13,Full-time,"Python, AWS",Yes,Q1/2025,5.0,API Development,71.5,35,No,No,5,3,Low,No
E0382,27,Female,Married,College,QA,Test Analyst,9/22/2016,9,10,Full-time,"Python, Java, Docker, Angular, Vue.js",Yes,Q1/2025,3.6,Data Analytics Platform,57.9,29,No,No,2,2,Low,No
E0383,35,Female,Married,Master,IT,IT Support,4/18/2014,11,14,Full-time,"Java, Python, C#, Kubernetes, Azure",No,Q1/2025,4.1,Data Analytics Platform,82.9,50,No,No,5,3,Medium,No
E0384,22,Female,Married,Master,IT,DevOps Engineer,8/4/2019,6,6,Full-time,"Python, SQL",No,Q1/2025,4.0,Cybersecurity Implementation,73.9,22,No,No,2,4,Medium,No
E0385,29,Female,Married,College,Marketing,Content Specialist,1/12/2019,6,6,Full-time,"C#, NoSQL",No,Q1/2025,3.6,Web Application Development,93.6,26,No,No,5,2,Low,No
E0386,26,Female,Married,College,IT,Software Engineer,1/19/2024,1,3,Contractor,"SQL, Azure, NoSQL, AWS, Angular",Yes,Q1/2025,3.2,Web Application Development,72.4,11,No,Yes,5,1,Low,No
E0387,31,Male,Single,Master,Marketing,Digital Marketer,5/17/2013,12,12,Full-time,"Kubernetes, SQL, Docker, Python",Yes,Q1/2025,3.6,Web Application Development,82.8,49,No,No,5,2,Medium,No
E0388,26,Female,Married,Master,QA,Test Analyst,3/15/2018,7,10,Part-time,"Docker, GCP, SQL, Vue.js, Kubernetes",No,Q1/2025,3.4,Data Analytics Platform,89.2,27,No,Yes,4,2,Low,No
E0389,35,Male,Single,Master,Marketing,Digital Marketer,12/16/2014,11,11,Full-time,"Python, Vue.js",No,Q1/2025,4.1,Cloud Migration,58.4,41,Yes,No,1,3,Low,No
E0390,36,Female,Single,Bachelor,Sales,Account Manager,9/30/2016,9,10,Full-time,"C#, SQL, AWS, Azure",No,Q1/2025,4.5,Web Application Development,63.2,44,Yes,No,1,5,Medium,No
E0391,24,Female,Single,Bachelor,Finance,Accountant,3/23/2018,7,7,Full-time,"Vue.js, C#, Angular",No,Q1/2025,4.1,Cloud Migration,85.9,26,No,No,2,1,Medium,No
E0392,22,Male,Single,Master,HR,Recruiter,9/13/2016,9,11,Full-time,"Java, Angular, Vue.js",No,Q1/2025,4.2,Cybersecurity Implementation,65.9,32,No,No,5,4,Medium,No
E0393,23,Male,Single,Master,Marketing,Business Analyst,9/6/2018,7,8,Contractor,"C#, Python, AWS, Java, Azure",Yes,Q1/2025,3.5,Mobile App Design,66.4,32,No,No,1,2,High,No
E0394,25,Male,Married,Master,QA,Test Analyst,9/18/2022,3,5,Full-time,"SQL, NoSQL, Vue.js, GCP",Yes,Q1/2025,4.1,Mobile App Design,63.5,16,No,No,5,5,Medium,No
E0395,26,Female,Married,Master,QA,Test Analyst,9/7/2021,4,4,Part-time,"Python, AWS",Yes,Q1/2025,4.4,Cybersecurity Implementation,63.2,20,No,No,3,5,Low,No
E0396,38,Female,Single,Master,Finance,Finance Manager,12/13/2022,3,4,Full-time,"SQL, Docker, AWS, Java",No,Q1/2025,3.9,DevOps Automation,68.8,25,Yes,No,1,4,Low,Yes
E0397,28,Female,Single,PhD,QA,QA Engineer,1/16/2015,10,10,Full-time,"SQL, Docker, AWS",No,Q1/2025,3.3,Cybersecurity Implementation,67.6,40,No,Yes,1,2,Medium,No
E0398,28,Female,Single,College,HR,Recruiter,5/23/2022,3,3,Full-time,"GCP, AWS, Docker, Azure",Yes,Q1/2025,3.5,Web Application Development,78.5,20,No,No,4,4,Medium,No
E0399,31,Male,Single,Bachelor,Marketing,Business Analyst,7/11/2014,11,13,Full-time,"SQL, React",Yes,Q1/2025,3.7,DevOps Automation,59.9,52,No,No,4,1,Low,No
E0400,27,Female,Single,Bachelor,Sales,Account Manager,5/13/2019,6,8,Full-time,"Python, C#, SQL, Azure, Docker",Yes,Q1/2025,4.0,Cybersecurity Implementation,38.3,33,No,No,4,1,Low,No
E0401,23,Male,Married,Bachelor,Finance,Financial Analyst,8/25/2016,9,12,Full-time,"NoSQL, Docker, Kubernetes, Azure",Yes,Q1/2025,4.2,Web Application Development,51.0,33,No,No,3,1,Medium,No
E0402,28,Female,Single,Bachelor,Marketing,Digital Marketer,3/11/2015,10,13,Full-time,"SQL, Angular, GCP, Java, C#",No,Q1/2025,4.0,API Development,66.9,58,No,No,2,5,Medium,No
E0403,27,Female,Divorced,Bachelor,Marketing,Business Analyst,1/24/2018,7,8,Full-time,"Python, Angular, React",Yes,Q1/2025,4.0,DevOps Automation,52.2,28,No,No,4,1,Low,No
E0404,32,Male,Single,Bachelor,Marketing,Digital Marketer,12/4/2018,7,9,Full-time,"AWS, C#",Yes,Q1/2025,3.5,API Development,52.7,26,No,No,4,2,Low,No
E0405,37,Female,Single,Master,Sales,Account Manager,12/11/2023,2,2,Full-time,"Vue.js, Angular, Docker, Java, Python",Yes,Q1/2025,3.5,Web Application Development,72.1,16,No,No,4,1,Low,Yes
E0406,30,Male,Married,College,IT,IT Support,1/10/2022,3,5,Contractor,"Angular, AWS",No,Q1/2025,4.4,Cloud Migration,89.2,12,No,No,4,1,Medium,No
E0407,24,Female,Married,Bachelor,Finance,Accountant,8/2/2016,9,11,Full-time,"AWS, Kubernetes, Python, GCP, SQL",No,Q1/2025,3.7,Cloud Migration,72.6,30,Yes,No,4,3,Medium,No
E0408,25,Female,Single,Bachelor,QA,QA Engineer,2/27/2021,4,6,Part-time,"Python, C#, AWS, Azure",Yes,Q1/2025,3.0,API Development,83.9,17,No,Yes,3,4,Low,No
E0409,33,Female,Married,Master,Sales,Account Manager,10/7/2011,14,17,Full-time,"React, GCP, Vue.js, SQL",Yes,Q1/2025,4.2,AI/ML Model Deployment,72.4,49,No,No,1,5,Low,No
E0410,24,Female,Married,Bachelor,QA,Test Analyst,3/19/2021,4,7,Full-time,"AWS, Python",No,Q1/2025,4.8,DevOps Automation,77.6,20,No,No,3,4,Low,No
E0411,31,Female,Married,College,Marketing,Digital Marketer,8/21/2017,8,8,Full-time,"SQL, Python, Angular",No,Q1/2025,3.9,API Development,65.6,32,No,No,2,2,High,No
E0412,33,Female,Single,Bachelor,QA,QA Engineer,6/19/2012,13,14,Full-time,"Java, Angular, Azure, AWS, Kubernetes",Yes,Q1/2025,4.3,API Development,40.7,35,No,No,1,2,Low,No
E0413,33,Female,Single,Bachelor,Sales,Sales Executive,9/17/2016,9,10,Contractor,"GCP, AWS, Kubernetes, Python",No,Q1/2025,4.1,Mobile App Design,80.0,34,No,No,5,4,Low,No
E0414,28,Female,Single,Master,IT,System Admin,8/31/2019,6,6,Full-time,"Python, Docker, React, Vue.js",Yes,Q1/2025,4.0,Cybersecurity Implementation,58.0,31,No,No,1,2,Low,No
E0415,27,Male,Single,Bachelor,IT,IT Support,2/22/2016,9,9,Part-time,"Angular, React, Java, Kubernetes",Yes,Q1/2025,3.1,DevOps Automation,66.0,34,No,Yes,1,5,Medium,No
E0416,42,Female,Married,Bachelor,IT,Software Engineer,3/21/2016,9,10,Full-time,"NoSQL, C#",Yes,Q1/2025,3.9,Data Analytics Platform,96.3,30,No,No,1,1,Medium,Yes
E0417,39,Female,Single,Bachelor,IT,IT Support,4/27/2014,11,11,Part-time,"Kubernetes, Docker",Yes,Q1/2025,4.9,DevOps Automation,76.6,54,No,No,1,4,Medium,Yes
E0418,37,Female,Single,College,QA,QA Engineer,2/18/2023,2,3,Full-time,"Azure, C#, GCP",Yes,Q1/2025,3.8,Web Application Development,51.1,18,No,No,2,2,Low,Yes
E0419,35,Male,Single,Bachelor,Finance,Finance Manager,4/13/2013,12,12,Full-time,"C#, Kubernetes, Angular",No,Q1/2025,3.4,AI/ML Model Deployment,40.6,71,No,Yes,2,1,Low,No
E0420,37,Female,Married,College,Sales,Sales Executive,6/19/2012,13,13,Full-time,"NoSQL, Java, Vue.js",Yes,Q1/2025,3.5,DevOps Automation,51.4,60,No,No,3,5,Low,Yes
E0421,25,Male,Single,Master,IT,IT Support,12/20/2017,8,11,Contractor,"SQL, React, Kubernetes",No,Q1/2025,3.7,DevOps Automation,61.2,23,No,No,4,2,Medium,No
E0422,34,Male,Single,Bachelor,Finance,Accountant,4/22/2019,6,6,Full-time,"GCP, Azure, Vue.js",Yes,Q1/2025,4.1,Cybersecurity Implementation,66.6,31,No,No,3,2,Low,No
E0423,23,Female,Single,College,Sales,Sales Executive,3/1/2018,7,9,Part-time,"Docker, GCP, Java",Yes,Q1/2025,3.8,Web Application Development,89.6,31,No,No,3,2,High,No
E0424,22,Female,Divorced,Master,QA,QA Engineer,12/20/2015,10,11,Full-time,"NoSQL, React, SQL",Yes,Q1/2025,3.5,Mobile App Design,66.5,60,No,No,1,5,Medium,No
E0425,30,Female,Single,Bachelor,HR,HR Executive,9/25/2015,10,12,Full-time,"AWS, Azure, Kubernetes",Yes,Q1/2025,2.7,API Development,58.4,58,No,Yes,5,3,Low,No
E0426,32,Male,Single,Bachelor,QA,Test Analyst,10/19/2010,15,18,Full-time,"GCP, Azure, NoSQL, Python, React",Yes,Q1/2025,3.6,Cybersecurity Implementation,33.3,54,No,No,4,4,Medium,No
E0427,29,Female,Single,Bachelor,HR,HR Executive,2/2/2019,6,6,Full-time,"React, Azure, Python, Kubernetes",Yes,Q1/2025,4.6,Web Application Development,84.7,34,No,No,3,4,Low,No
E0428,37,Male,Single,Bachelor,QA,QA Engineer,9/23/2010,15,18,Contractor,"AWS, NoSQL, SQL, Java",No,Q1/2025,3.9,API Development,42.6,39,No,No,5,2,Low,Yes
E0429,27,Female,Single,Master,QA,Test Analyst,11/15/2020,5,7,Full-time,"NoSQL, SQL, AWS",No,Q1/2025,3.6,Data Analytics Platform,66.3,27,No,No,4,4,Medium,No
E0430,36,Female,Single,Bachelor,HR,Recruiter,9/9/2022,3,3,Full-time,"Kubernetes, React, AWS",Yes,Q1/2025,3.2,DevOps Automation,81.1,15,Yes,Yes,2,4,Medium,Yes
E0431,24,Female,Single,Bachelor,Finance,Accountant,4/8/2022,3,5,Full-time,"Angular, SQL, Python",Yes,Q1/2025,2.6,Cybersecurity Implementation,30.8,19,No,Yes,4,5,Low,No
E0432,29,Female,Married,College,HR,HR Executive,7/13/2020,5,8,Full-time,"Docker, React, NoSQL, Java, AWS",Yes,Q1/2025,4.4,DevOps Automation,77.2,25,No,No,3,1,Low,No
E0433,23,Female,Single,Master,Finance,Financial Analyst,9/14/2018,7,8,Full-time,"Docker, Angular",Yes,Q1/2025,3.1,Web Application Development,86.1,23,No,Yes,1,2,Low,No
E0434,28,Female,Single,PhD,HR,Recruiter,6/16/2018,7,8,Full-time,"React, C#, NoSQL, Angular, Docker",No,Q1/2025,4.0,Data Analytics Platform,54.9,23,No,No,4,3,Low,No
E0435,35,Other,Single,Master,Finance,Accountant,12/17/2010,15,16,Contractor,"Kubernetes, NoSQL, Azure, Python, Java",Yes,Q1/2025,3.6,Data Analytics Platform,64.0,41,No,No,2,4,Low,No
E0436,29,Female,Married,Bachelor,QA,QA Engineer,9/10/2015,10,10,Full-time,"React, C#",Yes,Q1/2025,3.1,API Development,93.7,58,No,Yes,2,4,Low,No
E0437,23,Female,Single,Bachelor,IT,System Admin,7/7/2016,9,11,Full-time,"React, AWS, Python, Kubernetes",Yes,Q1/2025,5.0,DevOps Automation,88.9,25,No,No,2,4,Low,No
E0438,38,Male,Married,Bachelor,QA,Test Analyst,2/10/2011,14,17,Full-time,"AWS, GCP",Yes,Q1/2025,3.9,Web Application Development,74.6,60,No,No,2,1,Medium,Yes
E0439,24,Male,Single,Master,HR,HR Executive,6/6/2016,9,9,Full-time,"Kubernetes, Vue.js, C#",Yes,Q1/2025,3.8,Web Application Development,65.8,20,Yes,No,5,1,Low,No
E0440,22,Male,Single,College,Marketing,Content Specialist,12/15/2021,4,4,Full-time,"React, Java, Python",Yes,Q1/2025,3.3,Cybersecurity Implementation,34.7,19,No,Yes,2,1,Medium,No
E0441,24,Female,Single,Bachelor,Marketing,Business Analyst,5/30/2012,13,13,Part-time,"AWS, GCP, React, Azure",Yes,Q1/2025,2.0,Mobile App Design,65.8,37,No,Yes,1,3,Low,No
E0442,25,Male,Married,College,HR,Recruiter,2/14/2014,11,12,Full-time,"GCP, Azure, Vue.js, Python",Yes,Q1/2025,3.5,Data Analytics Platform,90.0,48,No,No,1,5,Medium,No
E0443,38,Female,Married,Bachelor,IT,System Admin,7/20/2010,15,17,Full-time,"Vue.js, C#, GCP",No,Q1/2025,3.2,API Development,56.0,46,Yes,Yes,5,4,Low,Yes
E0444,26,Female,Single,Bachelor,IT,DevOps Engineer,3/16/2016,9,10,Full-time,"Angular, React",No,Q1/2025,3.8,AI/ML Model Deployment,92.4,21,No,No,3,2,Low,No
E0445,29,Male,Single,Master,Finance,Financial Analyst,1/1/2020,5,5,Part-time,"Angular, Vue.js, GCP",No,Q1/2025,4.7,Data Analytics Platform,72.4,26,Yes,No,3,3,Low,No
E0446,25,Female,Married,Bachelor,HR,HR Executive,6/13/2010,15,16,Full-time,"Kubernetes, GCP, Python",Yes,Q1/2025,2.9,Cybersecurity Implementation,71.0,54,No,Yes,2,2,Low,No
E0447,28,Male,Married,Master,HR,HR Executive,11/16/2018,7,10,Full-time,"Angular, C#, React, GCP, Docker",Yes,Q1/2025,4.1,Data Analytics Platform,67.4,23,No,No,2,3,High,No
E0448,31,Male,Divorced,Bachelor,Marketing,Content Specialist,12/13/2020,5,8,Full-time,"NoSQL, C#, Kubernetes, Python, Docker",Yes,Q1/2025,4.3,Cloud Migration,53.5,35,No,No,3,4,Low,No
E0449,29,Male,Single,Bachelor,IT,System Admin,12/12/2017,8,10,Full-time,"C#, React, Python",Yes,Q1/2025,5.0,Web Application Development,59.7,24,No,No,4,3,Low,No
E0450,24,Male,Divorced,College,IT,Software Engineer,3/6/2012,13,16,Contractor,"React, Docker, Angular",No,Q1/2025,3.9,Web Application Development,43.5,43,No,No,1,4,High,No
E0451,34,Female,Single,College,Sales,Sales Executive,8/28/2021,4,5,Full-time,"GCP, C#, Angular, React, SQL",Yes,Q1/2025,3.4,Mobile App Design,81.0,20,No,Yes,1,5,High,No
E0452,24,Female,Single,Bachelor,QA,Test Analyst,10/12/2010,15,16,Full-time,"NoSQL, SQL, Java, GCP, Vue.js",No,Q1/2025,4.3,Mobile App Design,87.9,47,No,No,2,4,Low,No
E0453,23,Male,Married,Bachelor,QA,Test Analyst,11/20/2023,2,4,Full-time,"Vue.js, C#, SQL",Yes,Q1/2025,3.9,Web Application Development,70.9,19,No,No,2,2,Low,No
E0454,31,Male,Married,Bachelor,Marketing,Digital Marketer,7/2/2011,14,17,Contractor,"GCP, C#",Yes,Q1/2025,4.3,API Development,44.5,35,Yes,No,1,5,Low,No
E0455,30,Male,Married,College,Sales,Sales Executive,9/17/2023,2,2,Full-time,"Java, React",Yes,Q1/2025,3.0,Data Analytics Platform,73.8,15,No,Yes,3,5,Low,No
E0456,27,Male,Married,PhD,HR,Recruiter,11/10/2015,10,12,Full-time,"Vue.js, NoSQL",No,Q1/2025,4.3,Mobile App Design,73.6,53,No,No,2,1,Medium,No
E0457,35,Female,Single,Bachelor,HR,Recruiter,6/30/2018,7,10,Full-time,"AWS, Docker, GCP, React, Python",No,Q1/2025,3.4,DevOps Automation,88.3,31,No,Yes,3,4,Low,No
E0458,31,Male,Married,Master,Sales,Account Manager,7/7/2021,4,7,Contractor,"SQL, Docker",Yes,Q1/2025,4.0,AI/ML Model Deployment,35.3,22,No,No,1,3,Medium,No
E0459,35,Other,Divorced,Bachelor,Marketing,Content Specialist,4/24/2010,15,16,Full-time,"React, NoSQL, C#",No,Q1/2025,4.7,Mobile App Design,93.5,44,Yes,No,3,4,Medium,No
E0460,31,Male,Single,Bachelor,QA,QA Engineer,10/28/2022,3,5,Contractor,"Java, SQL, Vue.js, React, NoSQL",No,Q1/2025,4.5,Mobile App Design,80.6,16,No,No,1,3,Low,No
E0461,32,Male,Married,Master,QA,QA Engineer,12/14/2016,9,12,Full-time,"Docker, Azure, Python, Angular",Yes,Q1/2025,4.0,Mobile App Design,57.3,23,No,No,3,2,Medium,No
E0462,28,Female,Single,Bachelor,Finance,Financial Analyst,10/2/2010,15,15,Full-time,"React, Kubernetes, GCP, SQL",Yes,Q1/2025,4.0,AI/ML Model Deployment,91.3,41,No,No,5,1,Low,No
E0463,24,Female,Married,Bachelor,HR,Recruiter,8/7/2018,7,9,Full-time,"Python, Vue.js, C#, React, Azure",No,Q1/2025,3.3,Web Application Development,72.2,22,No,Yes,2,1,Medium,No
E0464,35,Male,Married,PhD,Marketing,Digital Marketer,3/9/2010,15,17,Full-time,"Angular, SQL, React, AWS",Yes,Q1/2025,3.4,AI/ML Model Deployment,69.3,40,No,Yes,2,5,Low,No
E0465,31,Female,Single,Bachelor,HR,HR Executive,1/31/2013,12,14,Full-time,"SQL, Azure, Java, C#",Yes,Q1/2025,4.1,AI/ML Model Deployment,87.8,44,No,No,4,2,High,No
E0466,36,Male,Married,Bachelor,Marketing,Content Specialist,9/10/2020,5,8,Full-time,"Python, Java, React",Yes,Q1/2025,3.7,Mobile App Design,95.4,34,No,No,1,4,High,No
E0467,30,Female,Single,Bachelor,Sales,Sales Executive,3/3/2015,10,12,Full-time,"Kubernetes, GCP",No,Q1/2025,3.9,AI/ML Model Deployment,72.7,40,No,No,5,4,Low,No
E0468,31,Female,Married,Bachelor,Marketing,Business Analyst,9/24/2018,7,7,Full-time,"Java, Vue.js, NoSQL",No,Q1/2025,3.5,AI/ML Model Deployment,52.9,21,No,No,5,5,Low,No
E0469,31,Female,Married,Master,QA,QA Engineer,4/25/2016,9,10,Contractor,"C#, Azure",No,Q1/2025,3.6,DevOps Automation,57.3,33,Yes,No,5,2,Medium,No
E0470,27,Male,Single,Master,IT,Software Engineer,9/18/2014,11,12,Full-time,"Docker, GCP, Python",Yes,Q1/2025,2.6,Web Application Development,64.6,36,No,Yes,3,5,High,Yes
E0471,35,Other,Married,Bachelor,QA,QA Engineer,4/16/2014,11,11,Part-time,"Python, React, C#",Yes,Q1/2025,3.0,Cybersecurity Implementation,77.6,55,No,Yes,2,5,Low,No
E0472,32,Female,Single,Bachelor,HR,Recruiter,8/8/2010,15,15,Full-time,"GCP, Docker, C#, AWS",Yes,Q1/2025,4.3,DevOps Automation,87.4,56,No,No,5,5,Low,No
E0473,22,Female,Single,Master,Marketing,Content Specialist,4/2/2015,10,10,Full-time,"Java, AWS, NoSQL, SQL",Yes,Q1/2025,2.9,DevOps Automation,82.8,36,No,Yes,2,2,Low,No
E0474,28,Male,Divorced,Bachelor,IT,Software Engineer,2/5/2021,4,5,Full-time,"Azure, Kubernetes, Java, AWS",Yes,Q1/2025,3.5,Data Analytics Platform,77.6,13,Yes,No,1,2,Low,No
E0475,31,Female,Single,Master,QA,Test Analyst,9/10/2016,9,11,Full-time,"Python, GCP, AWS, C#",No,Q1/2025,3.9,Data Analytics Platform,68.1,26,No,No,3,2,Medium,No
E0476,28,Male,Single,Bachelor,Sales,Account Manager,5/31/2018,7,9,Full-time,"AWS, SQL, React, Angular, Java",No,Q1/2025,4.3,API Development,87.7,36,Yes,No,2,1,Low,No
E0477,30,Male,Married,Bachelor,Marketing,Content Specialist,5/20/2014,11,12,Full-time,"Kubernetes, NoSQL, AWS",No,Q1/2025,3.9,Mobile App Design,43.0,45,No,No,1,4,Medium,No
E0478,27,Female,Single,Master,Finance,Finance Manager,10/28/2010,15,18,Full-time,"GCP, AWS, React",Yes,Q1/2025,3.3,DevOps Automation,85.0,49,No,Yes,4,2,Low,No
E0479,28,Male,Married,Bachelor,Finance,Accountant,2/14/2015,10,12,Full-time,"Angular, React, Python, Azure",Yes,Q1/2025,3.6,Web Application Development,45.2,57,No,No,1,3,Low,No
E0480,28,Male,Single,Bachelor,Sales,Sales Executive,7/31/2022,3,4,Full-time,"Docker, Kubernetes",Yes,Q1/2025,2.7,API Development,67.8,15,Yes,Yes,3,2,Low,No
E0481,22,Male,Single,Master,Finance,Financial Analyst,5/14/2018,7,9,Contractor,"C#, NoSQL, Vue.js, Docker, Python",Yes,Q1/2025,4.3,Cybersecurity Implementation,76.9,23,Yes,No,4,4,Medium,No
E0482,37,Female,Single,Bachelor,Marketing,Business Analyst,4/22/2016,9,10,Full-time,"AWS, Kubernetes, GCP, C#, Vue.js",No,Q1/2025,4.4,Cloud Migration,89.2,26,No,No,1,2,Low,Yes
E0483,29,Female,Married,Bachelor,QA,Test Analyst,6/27/2010,15,15,Contractor,"Docker, Kubernetes",Yes,Q1/2025,3.7,Mobile App Design,69.0,44,No,No,5,2,Low,No
E0484,22,Female,Married,PhD,HR,Recruiter,1/20/2010,15,17,Full-time,"SQL, NoSQL",Yes,Q1/2025,3.4,Cloud Migration,60.0,48,No,Yes,4,1,Low,No
E0485,31,Male,Single,College,HR,HR Executive,11/29/2013,12,14,Full-time,"SQL, GCP, React, NoSQL",Yes,Q1/2025,4.5,Mobile App Design,54.6,53,Yes,No,1,3,Low,No
E0486,38,Female,Married,Bachelor,IT,DevOps Engineer,11/21/2016,9,12,Full-time,"React, Angular, Kubernetes, SQL",No,Q1/2025,4.4,Cloud Migration,94.1,32,No,No,3,3,Low,Yes
E0487,30,Male,Single,Bachelor,HR,Recruiter,12/5/2016,9,11,Full-time,"SQL, Azure, AWS, NoSQL",Yes,Q1/2025,4.4,Mobile App Design,59.1,35,No,No,2,5,Low,No
E0488,31,Female,Married,Bachelor,HR,HR Executive,5/17/2013,12,12,Full-time,"Java, AWS",No,Q1/2025,3.1,Cybersecurity Implementation,41.7,46,No,Yes,1,2,Low,No
E0489,25,Female,Single,Master,Finance,Financial Analyst,12/24/2021,4,5,Full-time,"Docker, Java",Yes,Q1/2025,3.5,Cloud Migration,97.7,12,No,No,2,3,Low,No
E0490,38,Female,Married,Bachelor,QA,Test Analyst,11/23/2019,6,6,Full-time,"C#, Kubernetes",No,Q1/2025,4.6,Mobile App Design,78.5,29,No,No,2,1,Low,Yes
E0491,28,Male,Married,Master,Finance,Financial Analyst,10/23/2019,6,6,Full-time,"Angular, React, NoSQL, GCP",Yes,Q1/2025,3.5,AI/ML Model Deployment,61.0,27,No,No,1,2,High,No
E0492,29,Male,Single,Master,IT,DevOps Engineer,6/17/2022,3,5,Full-time,"GCP, Vue.js",No,Q1/2025,3.7,API Development,86.1,18,No,No,3,2,Low,No
E0493,34,Female,Single,College,IT,System Admin,2/2/2018,7,8,Full-time,"C#, Angular, Python, AWS",No,Q1/2025,3.7,Data Analytics Platform,73.3,25,No,No,5,2,Medium,No
E0494,22,Male,Single,Bachelor,Marketing,Content Specialist,1/5/2012,13,15,Full-time,"Vue.js, C#, Kubernetes, Java, GCP",Yes,Q1/2025,3.7,Cybersecurity Implementation,81.7,58,No,No,2,3,Low,No
E0495,22,Male,Single,Bachelor,Finance,Accountant,9/4/2018,7,8,Full-time,"React, Kubernetes, GCP, Docker, Java",No,Q1/2025,2.9,API Development,94.8,22,No,Yes,1,1,Medium,No
E0496,29,Female,Single,Bachelor,IT,System Admin,12/16/2012,13,13,Contractor,"NoSQL, Python",No,Q1/2025,3.0,API Development,84.6,49,No,Yes,5,4,Medium,No
E0497,34,Male,Single,Bachelor,Finance,Finance Manager,10/15/2024,1,4,Full-time,"Python, NoSQL",Yes,Q1/2025,5.0,Mobile App Design,83.6,11,Yes,Yes,2,1,Low,No
E0498,27,Male,Single,Bachelor,QA,Test Analyst,9/20/2020,5,8,Part-time,"Kubernetes, C#",No,Q1/2025,3.5,Data Analytics Platform,82.1,20,Yes,No,3,1,Low,No
E0499,27,Female,Single,College,HR,HR Executive,11/22/2011,14,14,Full-time,"GCP, Docker, C#",No,Q1/2025,4.3,Data Analytics Platform,73.3,39,No,No,3,4,Medium,No
E0500,26,Female,Married,Master,IT,Software Engineer,12/25/2019,6,9,Contractor,"NoSQL, GCP, C#",Yes,Q1/2025,3.8,Web Application Development,90.8,26,Yes,No,4,3,Low,No
E0501,37,Male,Single,Master,Sales,Account Manager,7/30/2011,14,15,Full-time,"Azure, GCP, Vue.js, C#, React",Yes,Q1/2025,3.4,Web Application Development,80.0,67,No,Yes,2,4,Low,Yes
E0502,37,Female,Married,Master,QA,QA Engineer,3/24/2021,4,6,Full-time,"React, Python",Yes,Q1/2025,3.5,API Development,52.6,13,No,No,3,2,Low,Yes
E0503,38,Male,Married,PhD,Marketing,Content Specialist,5/19/2024,1,3,Part-time,"SQL, C#",Yes,Q1/2025,4.3,AI/ML Model Deployment,70.4,11,No,Yes,3,1,Medium,Yes
E0504,32,Female,Single,Master,HR,HR Executive,9/27/2021,4,5,Full-time,"React, Java",Yes,Q1/2025,3.3,Cloud Migration,79.5,19,No,Yes,5,3,Low,No
E0505,37,Female,Single,Bachelor,IT,System Admin,3/28/2014,11,13,Full-time,"Azure, C#",Yes,Q1/2025,3.5,Mobile App Design,59.1,35,No,No,4,5,Medium,Yes
E0506,25,Male,Married,Bachelor,HR,Recruiter,6/24/2013,12,12,Full-time,"AWS, Docker",No,Q1/2025,3.9,Mobile App Design,39.2,54,Yes,No,4,2,Medium,No
E0507,24,Female,Married,College,QA,Test Analyst,6/11/2021,4,5,Full-time,"Docker, C#, Python, Vue.js, NoSQL",Yes,Q1/2025,4.6,API Development,90.4,12,No,No,3,1,Low,No
E0508,42,Male,Single,Bachelor,IT,System Admin,7/19/2011,14,14,Full-time,"React, Angular",Yes,Q1/2025,3.9,Web Application Development,86.2,59,Yes,No,1,3,Low,Yes
E0509,31,Male,Single,Bachelor,HR,Recruiter,12/16/2015,10,11,Full-time,"SQL, GCP, Java",Yes,Q1/2025,4.2,Cloud Migration,83.9,56,No,No,4,4,Medium,No
E0510,38,Female,Single,Bachelor,Marketing,Content Specialist,11/5/2010,15,18,Contractor,"React, GCP, SQL",Yes,Q1/2025,3.1,Web Application Development,80.6,45,No,Yes,3,3,Medium,Yes
E0511,29,Female,Single,Master,QA,Test Analyst,8/7/2021,4,6,Full-time,"C#, Azure",No,Q1/2025,3.7,AI/ML Model Deployment,45.4,19,No,No,3,5,High,No
E0512,29,Female,Married,Bachelor,Marketing,Digital Marketer,12/22/2015,10,13,Contractor,"Java, Angular, Azure",Yes,Q1/2025,3.7,Cloud Migration,69.2,54,No,No,3,4,High,No
E0513,35,Female,Single,Master,IT,IT Support,6/20/2019,6,6,Full-time,"Docker, NoSQL, Azure, C#",Yes,Q1/2025,3.6,DevOps Automation,49.7,22,No,No,5,4,Low,No
E0514,34,Female,Married,Bachelor,QA,QA Engineer,11/18/2014,11,14,Full-time,"C#, Java",Yes,Q1/2025,4.0,API Development,30.8,49,No,No,4,1,Low,No
E0515,27,Male,Married,Master,IT,Software Engineer,3/31/2015,10,11,Full-time,"NoSQL, Docker, React, SQL, Vue.js",Yes,Q1/2025,3.0,Cybersecurity Implementation,63.6,58,No,Yes,1,3,Low,No
E0516,26,Female,Married,Bachelor,HR,Recruiter,1/24/2012,13,15,Full-time,"Python, Vue.js, Docker, Kubernetes, React",Yes,Q1/2025,3.6,Mobile App Design,69.5,45,No,No,2,1,Low,No
E0517,32,Male,Single,Master,Marketing,Digital Marketer,11/18/2022,3,4,Full-time,"C#, Python, Java, Docker",Yes,Q1/2025,2.4,Cybersecurity Implementation,44.3,19,No,Yes,4,4,Medium,No
E0518,23,Female,Divorced,Bachelor,QA,Test Analyst,4/30/2018,7,8,Full-time,"Java, SQL, GCP",Yes,Q1/2025,3.7,DevOps Automation,61.3,22,No,No,4,2,Low,No
E0519,22,Male,Married,Bachelor,Sales,Sales Executive,4/27/2011,14,14,Contractor,"GCP, Kubernetes, NoSQL",No,Q1/2025,4.0,Cybersecurity Implementation,92.2,54,No,No,4,5,Medium,No
E0520,28,Female,Single,Bachelor,HR,HR Executive,7/20/2017,8,10,Part-time,"Angular, NoSQL",Yes,Q1/2025,4.5,Web Application Development,71.5,26,No,No,3,5,Low,No
E0521,22,Female,Single,Master,Marketing,Digital Marketer,3/27/2017,8,8,Full-time,"AWS, Docker, SQL",Yes,Q1/2025,4.6,API Development,80.6,31,No,No,1,1,Medium,No
E0522,40,Female,Single,Bachelor,Finance,Finance Manager,10/8/2012,13,14,Full-time,"GCP, Angular",No,Q1/2025,3.1,Web Application Development,54.0,57,No,Yes,2,4,High,Yes
E0523,29,Male,Married,Bachelor,QA,Test Analyst,7/22/2013,12,14,Contractor,"AWS, Angular, SQL",No,Q1/2025,3.7,Mobile App Design,74.7,42,No,No,4,1,Low,No
E0524,28,Male,Single,Master,QA,Test Analyst,1/29/2012,13,16,Full-time,"React, AWS, Docker, NoSQL, GCP",No,Q1/2025,3.3,Cloud Migration,64.3,55,No,Yes,2,4,High,No
E0525,24,Female,Single,College,HR,HR Executive,5/5/2023,2,5,Full-time,"NoSQL, GCP, Angular, AWS, C#",No,Q1/2025,3.8,API Development,87.5,20,No,No,5,2,Low,No
E0526,28,Female,Married,College,Marketing,Content Specialist,10/14/2015,10,12,Contractor,"C#, React, GCP, SQL",Yes,Q1/2025,3.8,Mobile App Design,89.3,38,No,No,1,3,Low,No
E0527,31,Male,Single,PhD,IT,Software Engineer,12/19/2012,13,15,Contractor,"Java, C#",Yes,Q1/2025,3.3,API Development,92.0,49,No,Yes,2,4,Low,No
E0528,22,Female,Single,Bachelor,QA,QA Engineer,1/23/2023,2,2,Full-time,"Vue.js, GCP, Kubernetes, C#, Azure",Yes,Q1/2025,4.2,API Development,63.2,16,No,No,4,5,Medium,No
E0529,22,Male,Married,Bachelor,IT,DevOps Engineer,4/24/2019,6,6,Full-time,"AWS, NoSQL",No,Q1/2025,3.5,API Development,91.6,35,Yes,No,2,2,Low,No
E0530,25,Female,Single,Bachelor,HR,HR Executive,10/21/2021,4,7,Full-time,"Kubernetes, SQL, NoSQL, Docker",Yes,Q1/2025,3.9,Data Analytics Platform,60.4,14,No,No,3,4,Low,No
E0531,31,Female,Married,Bachelor,HR,Recruiter,12/12/2010,15,17,Part-time,"Azure, SQL, Angular, Vue.js, Java",No,Q1/2025,3.1,DevOps Automation,52.7,42,No,Yes,1,4,Low,No
E0532,25,Male,Married,Bachelor,Sales,Account Manager,4/15/2013,12,12,Full-time,"NoSQL, Vue.js, Docker",No,Q1/2025,4.2,API Development,74.3,54,No,No,3,2,Medium,No
E0533,25,Male,Single,College,Sales,Sales Executive,11/1/2012,13,15,Full-time,"React, AWS, Java, Docker",Yes,Q1/2025,4.4,API Development,47.8,59,No,No,5,1,Medium,No
E0534,37,Female,Married,Bachelor,Sales,Sales Executive,1/22/2015,10,10,Full-time,"Kubernetes, Python, Angular, Docker, Java",Yes,Q1/2025,3.9,Mobile App Design,83.0,51,No,No,3,1,Medium,Yes
E0535,32,Female,Divorced,Master,Sales,Sales Executive,1/20/2019,6,6,Contractor,"AWS, NoSQL",Yes,Q1/2025,4.0,API Development,30.3,35,Yes,No,4,3,Low,No
E0536,32,Female,Single,Bachelor,Sales,Account Manager,9/12/2017,8,9,Full-time,"Kubernetes, GCP, Java, Vue.js, SQL",Yes,Q1/2025,3.5,Cloud Migration,91.8,46,No,No,4,2,Low,No
E0537,31,Male,Married,Bachelor,Finance,Accountant,4/10/2012,13,16,Part-time,"NoSQL, Python, Java, SQL",No,Q1/2025,4.8,DevOps Automation,71.2,54,No,No,4,3,Medium,No
E0538,34,Female,Married,Bachelor,Sales,Sales Executive,8/18/2013,12,15,Full-time,"GCP, Kubernetes, NoSQL, Java, AWS",Yes,Q1/2025,4.0,Web Application Development,85.6,51,No,No,4,2,Low,No
E0539,35,Female,Married,Bachelor,HR,HR Executive,4/3/2010,15,17,Full-time,"Python, React, NoSQL, SQL, Kubernetes",No,Q1/2025,3.8,API Development,94.2,51,No,No,5,5,Medium,No
E0540,23,Male,Married,Master,QA,QA Engineer,8/23/2018,7,7,Contractor,"Vue.js, Docker, Kubernetes",No,Q1/2025,2.5,Cybersecurity Implementation,62.4,27,No,Yes,2,3,High,Yes
E0541,35,Female,Single,Bachelor,IT,Software Engineer,8/4/2022,3,5,Full-time,"C#, Angular, Python, Kubernetes, AWS",Yes,Q1/2025,3.9,API Development,71.8,20,No,No,2,4,Medium,No
E0542,28,Female,Single,Bachelor,IT,Software Engineer,1/2/2015,10,12,Full-time,"React, Angular, NoSQL, Docker, C#",Yes,Q1/2025,3.7,Mobile App Design,64.5,39,No,No,2,1,Low,No
E0543,24,Male,Single,Bachelor,IT,Software Engineer,12/23/2023,2,5,Full-time,"Docker, NoSQL, Java, React, Angular",Yes,Q1/2025,3.3,DevOps Automation,74.8,12,No,Yes,5,3,Medium,No
E0544,22,Male,Married,Master,Marketing,Business Analyst,8/23/2011,14,16,Part-time,"C#, Vue.js, GCP",Yes,Q1/2025,5.0,Web Application Development,90.9,45,No,No,4,4,Low,No
E0545,34,Male,Single,College,QA,QA Engineer,10/28/2015,10,10,Full-time,"Azure, Python, Kubernetes, React, GCP",Yes,Q1/2025,4.5,Cybersecurity Implementation,49.3,57,No,No,2,1,Low,No
E0546,36,Female,Single,Bachelor,Sales,Account Manager,1/10/2019,6,6,Full-time,"Kubernetes, Python, Vue.js, Angular",No,Q1/2025,3.4,API Development,80.9,29,No,Yes,1,2,High,No
E0547,34,Female,Married,Bachelor,Marketing,Content Specialist,4/17/2015,10,10,Full-time,"Vue.js, React, Java, SQL, Docker",No,Q1/2025,4.1,Cloud Migration,75.0,39,No,No,3,3,Low,No
E0548,32,Male,Divorced,Bachelor,IT,System Admin,1/15/2012,13,15,Full-time,"NoSQL, Kubernetes, Azure, Vue.js, Angular",Yes,Q1/2025,3.9,Cloud Migration,72.2,59,No,No,5,3,Medium,No
E0549,26,Female,Single,Bachelor,Sales,Sales Executive,8/29/2024,1,3,Full-time,"Azure, Java, Python, Kubernetes",Yes,Q1/2025,4.0,AI/ML Model Deployment,80.9,12,No,Yes,3,3,Medium,No
E0550,34,Female,Divorced,Bachelor,IT,System Admin,8/4/2013,12,13,Contractor,"Docker, Azure, Java",Yes,Q1/2025,3.4,DevOps Automation,65.6,49,No,Yes,4,4,Low,No
E0551,26,Female,Married,Master,Finance,Financial Analyst,3/3/2022,3,4,Full-time,"NoSQL, Azure, C#, React",Yes,Q1/2025,3.6,Data Analytics Platform,37.0,20,Yes,No,5,4,Medium,No
E0552,33,Male,Married,Bachelor,HR,Recruiter,1/11/2018,7,8,Full-time,"Kubernetes, Vue.js, Docker, NoSQL",Yes,Q1/2025,3.8,AI/ML Model Deployment,44.8,35,Yes,No,4,1,Medium,No
E0553,27,Female,Single,Bachelor,Finance,Financial Analyst,10/28/2020,5,8,Full-time,"Python, Docker, C#, SQL",No,Q1/2025,3.7,AI/ML Model Deployment,82.8,28,Yes,No,1,3,Medium,No
E0554,34,Female,Married,Bachelor,IT,Software Engineer,8/25/2017,8,8,Full-time,"SQL, React",Yes,Q1/2025,4.1,Cloud Migration,79.6,27,No,No,2,3,Medium,No
E0555,24,Female,Married,Master,Finance,Finance Manager,8/11/2024,1,4,Full-time,"C#, Azure",No,Q1/2025,4.2,Cybersecurity Implementation,45.7,15,No,Yes,5,4,Low,No
E0556,26,Female,Single,Bachelor,HR,HR Executive,7/5/2014,11,13,Full-time,"GCP, Azure, Java, Docker, C#",No,Q1/2025,3.8,Cybersecurity Implementation,69.7,43,No,No,5,2,Low,No
E0557,30,Male,Married,PhD,Marketing,Digital Marketer,8/29/2013,12,13,Full-time,"SQL, Java, Kubernetes, Docker, Azure",Yes,Q1/2025,4.5,API Development,68.3,58,No,No,5,3,Low,No
E0558,27,Female,Married,Bachelor,Sales,Sales Executive,3/24/2019,6,6,Part-time,"Angular, Python, C#, Vue.js, AWS",No,Q1/2025,4.2,DevOps Automation,85.4,35,No,No,5,1,Low,No
E0559,36,Male,Married,Bachelor,Marketing,Business Analyst,7/16/2015,10,13,Full-time,"Docker, Java, GCP, Kubernetes",Yes,Q1/2025,3.7,Data Analytics Platform,82.6,46,No,No,5,5,Low,No
E0560,41,Female,Single,College,QA,QA Engineer,12/9/2024,1,2,Full-time,"Kubernetes, GCP",Yes,Q1/2025,4.3,API Development,87.8,8,No,Yes,4,4,High,Yes
E0561,31,Male,Single,College,QA,QA Engineer,4/12/2017,8,11,Full-time,"C#, Vue.js",Yes,Q1/2025,4.6,Cloud Migration,44.7,34,No,No,2,2,Low,No
E0562,27,Male,Single,Bachelor,HR,Recruiter,1/27/2019,6,8,Full-time,"Java, Azure, Python",No,Q1/2025,3.1,Cybersecurity Implementation,82.2,21,No,Yes,1,3,Medium,No
E0563,25,Female,Married,Bachelor,QA,Test Analyst,8/5/2011,14,15,Part-time,"AWS, Vue.js, SQL, Azure, NoSQL",No,Q1/2025,4.4,Web Application Development,81.5,39,No,No,1,5,Low,No
E0564,30,Female,Single,Bachelor,HR,HR Executive,10/4/2019,6,9,Full-time,"React, Angular",No,Q1/2025,3.3,DevOps Automation,98.3,22,No,Yes,2,3,Low,No
E0565,28,Female,Married,Master,Finance,Financial Analyst,5/23/2017,8,8,Full-time,"Azure, Kubernetes",No,Q1/2025,3.3,AI/ML Model Deployment,83.1,28,No,Yes,2,3,High,No
E0566,30,Male,Single,Master,Sales,Sales Executive,12/7/2022,3,6,Full-time,"Vue.js, Java",No,Q1/2025,4.0,Cloud Migration,59.8,19,No,No,1,1,Low,No
E0567,34,Male,Single,Bachelor,HR,HR Executive,8/10/2013,12,12,Full-time,"AWS, Azure, Docker",No,Q1/2025,3.7,Web Application Development,95.4,60,No,No,4,2,Low,No
E0568,31,Male,Single,Bachelor,Finance,Financial Analyst,3/8/2013,12,13,Full-time,"Python, React, SQL, Java, NoSQL",Yes,Q1/2025,4.2,AI/ML Model Deployment,47.7,51,No,No,1,1,Low,No
E0569,32,Male,Single,Bachelor,Finance,Finance Manager,3/4/2016,9,12,Contractor,"Azure, Docker, Kubernetes",No,Q1/2025,4.3,Data Analytics Platform,82.7,49,No,No,3,2,Low,No
E0570,36,Male,Single,Bachelor,QA,QA Engineer,8/28/2011,14,17,Part-time,"SQL, AWS, NoSQL, Java",Yes,Q1/2025,3.4,Web Application Development,76.8,56,Yes,Yes,2,5,Low,No
E0571,31,Female,Single,Bachelor,HR,HR Executive,5/29/2011,14,16,Full-time,"Java, Python, Kubernetes, SQL, Angular",Yes,Q1/2025,3.9,API Development,82.3,56,No,No,5,4,Low,No
E0572,28,Female,Single,College,HR,Recruiter,1/27/2010,15,18,Full-time,"GCP, Angular",Yes,Q1/2025,2.3,DevOps Automation,70.8,35,No,Yes,5,2,Medium,No
E0573,29,Male,Married,Bachelor,Marketing,Business Analyst,4/19/2024,1,2,Part-time,"SQL, GCP, Angular, AWS, Kubernetes",Yes,Q1/2025,4.5,Mobile App Design,65.8,12,No,Yes,2,2,High,No
E0574,33,Male,Married,Bachelor,HR,Recruiter,12/16/2020,5,8,Full-time,"Azure, Angular",Yes,Q1/2025,4.5,AI/ML Model Deployment,66.6,20,No,No,3,3,Medium,No
E0575,28,Male,Single,College,IT,System Admin,8/3/2020,5,7,Full-time,"Docker, Python, Azure",No,Q1/2025,4.1,API Development,72.4,34,No,No,3,3,High,No
E0576,33,Male,Married,Bachelor,Finance,Finance Manager,3/29/2019,6,6,Full-time,"C#, GCP",Yes,Q1/2025,4.2,AI/ML Model Deployment,77.5,37,No,No,1,3,High,No
E0577,29,Male,Married,Master,Finance,Finance Manager,7/31/2019,6,7,Full-time,"Java, NoSQL, AWS, Kubernetes",Yes,Q1/2025,3.5,Cybersecurity Implementation,74.3,46,No,No,4,1,Medium,No
E0578,35,Female,Single,Bachelor,Sales,Account Manager,5/31/2024,1,1,Part-time,"Kubernetes, Angular, Azure, Python",Yes,Q1/2025,3.9,Cloud Migration,88.8,11,Yes,Yes,5,2,Medium,No
E0579,42,Female,Married,Bachelor,Finance,Finance Manager,2/11/2024,1,3,Contractor,"Azure, Python, GCP, C#, Docker",No,Q1/2025,3.2,Cybersecurity Implementation,72.6,15,No,Yes,5,5,Medium,Yes
E0580,22,Female,Single,Master,IT,IT Support,7/8/2024,1,2,Full-time,"Azure, Angular, React",Yes,Q1/2025,4.1,Web Application Development,61.9,11,No,Yes,1,2,Low,No
E0581,25,Female,Single,College,Finance,Finance Manager,10/13/2023,2,3,Contractor,"Azure, React, Kubernetes, Docker, SQL",Yes,Q1/2025,3.9,Mobile App Design,59.2,21,No,No,2,5,Low,No
E0582,25,Male,Single,College,Marketing,Business Analyst,12/24/2022,3,4,Full-time,"C#, Kubernetes, Python",Yes,Q1/2025,3.3,Web Application Development,77.2,19,Yes,Yes,1,4,Low,No
E0583,28,Male,Single,Bachelor,Finance,Financial Analyst,3/25/2015,10,10,Full-time,"SQL, AWS, React, Angular, Java",Yes,Q1/2025,4.1,AI/ML Model Deployment,69.6,48,No,No,3,4,High,No
E0584,29,Female,Married,Bachelor,Marketing,Business Analyst,11/26/2014,11,12,Full-time,"C#, Python",Yes,Q1/2025,4.6,Mobile App Design,91.2,52,No,No,5,5,Low,No
E0585,22,Female,Single,Bachelor,IT,IT Support,1/4/2018,7,10,Full-time,"NoSQL, C#, SQL, Python",No,Q1/2025,3.6,Data Analytics Platform,67.7,21,No,No,3,1,Low,No
E0586,30,Male,Single,Bachelor,HR,HR Executive,1/26/2015,10,11,Contractor,"Azure, Java, React, Angular",Yes,Q1/2025,3.3,AI/ML Model Deployment,83.8,58,No,Yes,5,5,Medium,No
E0587,22,Male,Married,College,HR,Recruiter,3/19/2011,14,15,Full-time,"AWS, C#, Kubernetes, Angular, Java",No,Q1/2025,3.0,Web Application Development,33.2,48,No,Yes,1,2,High,Yes
E0588,26,Female,Single,Bachelor,IT,DevOps Engineer,10/27/2014,11,11,Full-time,"AWS, Vue.js, Angular",Yes,Q1/2025,4.2,DevOps Automation,92.0,36,No,No,5,3,Low,No
E0589,38,Female,Married,Bachelor,QA,QA Engineer,11/4/2023,2,2,Full-time,"React, GCP, NoSQL, Angular, Kubernetes",Yes,Q1/2025,4.9,Data Analytics Platform,92.5,17,No,No,1,5,High,Yes
E0590,30,Female,Single,College,Finance,Finance Manager,11/19/2019,6,9,Full-time,"Docker, SQL",Yes,Q1/2025,4.2,DevOps Automation,68.1,37,No,No,2,3,Medium,No
E0591,22,Female,Married,Bachelor,QA,Test Analyst,9/24/2013,12,13,Full-time,"Angular, Java, React, SQL, NoSQL",Yes,Q1/2025,3.2,Cybersecurity Implementation,78.4,46,No,Yes,2,4,High,No
E0592,32,Female,Single,Bachelor,HR,Recruiter,12/21/2014,11,11,Full-time,"Python, Angular, SQL",Yes,Q1/2025,3.7,DevOps Automation,73.6,51,No,No,4,4,Medium,No
E0593,29,Male,Single,College,Marketing,Business Analyst,10/1/2010,15,16,Full-time,"Angular, Kubernetes",Yes,Q1/2025,4.8,API Development,60.4,58,No,No,2,5,Medium,No
E0594,30,Female,Single,Bachelor,QA,Test Analyst,1/25/2015,10,11,Full-time,"GCP, Python",Yes,Q1/2025,5.0,Cloud Migration,50.6,41,No,No,2,3,Medium,No
E0595,34,Female,Single,Bachelor,QA,QA Engineer,1/29/2020,5,7,Full-time,"NoSQL, AWS",Yes,Q1/2025,5.0,AI/ML Model Deployment,81.0,31,No,No,1,2,Medium,No
E0596,25,Female,Single,Master,Marketing,Business Analyst,2/21/2012,13,16,Full-time,"Java, NoSQL, SQL, AWS",No,Q1/2025,3.1,AI/ML Model Deployment,39.1,47,No,Yes,5,5,High,Yes
E0597,30,Male,Married,Bachelor,Finance,Financial Analyst,8/29/2021,4,5,Full-time,"Angular, NoSQL",Yes,Q1/2025,4.0,Web Application Development,40.9,14,No,No,1,2,High,No
E0598,24,Female,Single,Master,Finance,Finance Manager,5/8/2013,12,12,Full-time,"SQL, Docker, Vue.js, AWS, Java",Yes,Q1/2025,4.5,Mobile App Design,78.5,60,No,No,3,4,Medium,No
E0599,26,Female,Single,Master,IT,Software Engineer,5/3/2016,9,12,Full-time,"Azure, React, Java, C#, Docker",No,Q1/2025,3.8,AI/ML Model Deployment,64.4,31,No,No,4,3,Medium,No
E0600,30,Female,Single,Bachelor,Finance,Financial Analyst,5/1/2019,6,7,Full-time,"NoSQL, AWS, Kubernetes",Yes,Q1/2025,3.3,DevOps Automation,25.4,25,No,Yes,5,5,High,No
E0601,22,Other,Single,Bachelor,QA,QA Engineer,9/2/2012,13,14,Full-time,"C#, AWS",No,Q1/2025,3.9,Web Application Development,90.6,36,Yes,No,4,4,Low,No
E0602,30,Female,Single,Master,Finance,Financial Analyst,11/12/2011,14,16,Full-time,"Docker, Angular",No,Q1/2025,3.0,DevOps Automation,41.1,58,No,Yes,5,2,Low,No
E0603,41,Female,Single,Bachelor,QA,Test Analyst,7/24/2023,2,4,Full-time,"Kubernetes, React, Vue.js, C#, Azure",Yes,Q1/2025,2.9,DevOps Automation,76.1,12,No,Yes,4,1,High,Yes
E0604,29,Male,Married,Bachelor,IT,IT Support,6/8/2018,7,7,Full-time,"Azure, C#, Java, Vue.js, AWS",No,Q1/2025,4.1,Cybersecurity Implementation,85.7,23,No,No,4,5,Medium,No
E0605,30,Male,Married,Master,Finance,Finance Manager,5/10/2012,13,14,Full-time,"Azure, C#",Yes,Q1/2025,4.0,Cloud Migration,79.6,50,No,No,2,5,Medium,No
E0606,29,Female,Single,Master,Finance,Finance Manager,10/2/2013,12,13,Contractor,"React, C#, Python, NoSQL, Azure",Yes,Q1/2025,4.1,Cloud Migration,54.2,51,No,No,1,3,Low,No
E0607,26,Female,Single,Master,Marketing,Business Analyst,4/5/2020,5,7,Full-time,"React, AWS",Yes,Q1/2025,4.1,DevOps Automation,70.9,21,No,No,3,5,Low,No
E0608,23,Female,Single,Bachelor,QA,Test Analyst,4/16/2019,6,9,Full-time,"AWS, Kubernetes, SQL, Angular, Java",Yes,Q1/2025,3.9,Cloud Migration,59.9,21,No,No,4,3,Medium,No
E0609,29,Male,Married,PhD,HR,Recruiter,9/26/2011,14,17,Full-time,"React, Kubernetes",Yes,Q1/2025,4.7,Data Analytics Platform,75.1,41,Yes,No,3,3,Medium,No
E0610,32,Male,Single,Bachelor,QA,Test Analyst,7/20/2022,3,6,Full-time,"Angular, GCP, Python, Azure",No,Q1/2025,3.0,Web Application Development,83.3,15,No,Yes,5,1,Low,No
E0611,34,Male,Married,Bachelor,QA,QA Engineer,5/14/2013,12,15,Full-time,"Python, Kubernetes",No,Q1/2025,3.5,API Development,92.0,54,No,No,2,5,Medium,No
E0612,25,Male,Married,Master,QA,QA Engineer,5/7/2012,13,14,Full-time,"AWS, Python, GCP, Docker",Yes,Q1/2025,5.0,API Development,63.9,54,No,No,5,2,Medium,No
E0613,28,Male,Single,Bachelor,HR,Recruiter,8/14/2020,5,5,Full-time,"Angular, NoSQL",Yes,Q1/2025,3.4,Web Application Development,91.5,27,No,Yes,1,5,High,No
E0614,33,Male,Married,Bachelor,IT,DevOps Engineer,12/31/2013,12,13,Full-time,"NoSQL, C#",No,Q1/2025,3.4,Web Application Development,40.9,50,No,Yes,2,3,Medium,No
E0615,37,Female,Married,Bachelor,QA,QA Engineer,12/18/2021,4,6,Full-time,"C#, Angular, NoSQL, Azure",Yes,Q1/2025,3.4,Data Analytics Platform,72.0,15,No,Yes,3,3,Medium,Yes
E0616,26,Male,Single,Bachelor,Sales,Account Manager,3/18/2011,14,17,Full-time,"Python, Azure, Docker",Yes,Q1/2025,4.5,Mobile App Design,56.6,81,No,No,3,2,Low,No
E0617,32,Female,Married,Master,Sales,Sales Executive,2/26/2013,12,12,Full-time,"React, Kubernetes, Angular, Python",No,Q1/2025,2.9,Web Application Development,37.4,57,No,Yes,3,3,Medium,No
E0618,28,Female,Married,Bachelor,IT,System Admin,6/29/2019,6,6,Contractor,"Docker, Kubernetes, Vue.js",Yes,Q1/2025,3.8,DevOps Automation,95.8,26,No,No,5,2,Medium,No
E0619,27,Male,Married,Bachelor,QA,Test Analyst,5/4/2018,7,7,Full-time,"Angular, SQL, Vue.js",No,Q1/2025,4.2,Data Analytics Platform,79.3,22,No,No,2,5,Low,No
E0620,27,Male,Single,Bachelor,Finance,Accountant,10/22/2012,13,16,Full-time,"Azure, SQL, AWS, React",No,Q1/2025,2.7,Cloud Migration,50.9,38,No,Yes,1,1,Low,No
E0621,29,Female,Married,Bachelor,HR,Recruiter,12/30/2010,15,18,Full-time,"C#, Angular, SQL",Yes,Q1/2025,3.9,Mobile App Design,82.0,59,No,No,2,5,Medium,No
E0622,34,Male,Single,Bachelor,Marketing,Business Analyst,6/28/2021,4,5,Full-time,"GCP, Docker, Kubernetes, React, Java",Yes,Q1/2025,2.9,Mobile App Design,51.4,20,No,Yes,3,4,Medium,No
E0623,25,Female,Single,Bachelor,Finance,Accountant,2/20/2023,2,3,Part-time,"NoSQL, React, Vue.js",Yes,Q1/2025,3.2,Mobile App Design,75.1,20,No,Yes,2,4,Low,No
E0624,36,Male,Single,Bachelor,QA,QA Engineer,1/3/2011,14,14,Full-time,"Docker, GCP, Kubernetes, Python",Yes,Q1/2025,3.8,Cloud Migration,88.2,35,No,No,1,4,Medium,Yes
E0625,36,Male,Married,Bachelor,Marketing,Content Specialist,8/27/2016,9,11,Full-time,"GCP, Kubernetes, Python, SQL, Docker",Yes,Q1/2025,3.6,Mobile App Design,66.6,24,No,No,1,5,Medium,Yes
E0626,33,Female,Married,Master,QA,Test Analyst,10/12/2018,7,10,Full-time,"Docker, AWS, NoSQL",No,Q1/2025,3.8,AI/ML Model Deployment,72.5,21,No,No,5,3,Low,No
E0627,26,Female,Married,Bachelor,IT,IT Support,1/3/2018,7,10,Full-time,"Kubernetes, Vue.js, Python, Azure, SQL",Yes,Q1/2025,3.8,AI/ML Model Deployment,59.6,31,No,No,3,3,Low,No
E0628,29,Male,Single,College,IT,System Admin,11/22/2017,8,9,Full-time,"React, C#, Java, AWS, GCP",Yes,Q1/2025,4.2,Mobile App Design,99.4,20,No,No,4,5,Low,No
E0629,26,Female,Married,Master,Finance,Finance Manager,4/28/2021,4,4,Full-time,"Vue.js, Python, C#, Azure",No,Q1/2025,3.2,API Development,52.2,18,No,Yes,3,4,Low,No
E0630,29,Male,Married,Master,QA,QA Engineer,6/23/2022,3,4,Contractor,"Azure, Angular, SQL",No,Q1/2025,4.5,DevOps Automation,88.7,13,No,No,4,3,Medium,No
E0631,28,Female,Single,Bachelor,Finance,Financial Analyst,12/3/2017,8,8,Full-time,"Python, Docker, React, NoSQL",No,Q1/2025,4.5,Data Analytics Platform,79.6,35,No,No,3,1,Low,No
E0632,25,Male,Single,College,Sales,Account Manager,1/15/2013,12,13,Full-time,"AWS, Docker, Kubernetes, NoSQL",Yes,Q1/2025,4.3,DevOps Automation,68.5,65,No,No,4,2,Medium,No
E0633,27,Male,Single,Bachelor,QA,QA Engineer,1/29/2010,15,16,Full-time,"Java, React, AWS, Vue.js",Yes,Q1/2025,4.7,Web Application Development,82.4,60,No,No,5,2,Medium,No
E0634,24,Female,Single,Master,Sales,Account Manager,11/14/2017,8,11,Full-time,"Docker, Azure, Java",Yes,Q1/2025,3.3,API Development,34.4,47,No,Yes,2,4,Medium,No
E0635,32,Male,Single,Master,Sales,Account Manager,2/13/2023,2,5,Full-time,"AWS, NoSQL, SQL, Docker",Yes,Q1/2025,4.6,Web Application Development,82.8,26,No,No,4,2,High,No
E0636,41,Male,Single,Bachelor,Sales,Account Manager,7/10/2017,8,10,Full-time,"Docker, Azure",No,Q1/2025,2.8,Cybersecurity Implementation,74.7,44,Yes,Yes,2,2,Medium,Yes
E0637,34,Female,Single,Bachelor,Marketing,Content Specialist,5/17/2020,5,7,Full-time,"Azure, GCP, Kubernetes",No,Q1/2025,4.3,Mobile App Design,82.7,34,No,No,2,2,Low,No
E0638,45,Female,Single,Bachelor,QA,QA Engineer,5/16/2019,6,6,Full-time,"Python, React",Yes,Q1/2025,3.8,Web Application Development,73.8,21,No,No,4,5,Medium,Yes
E0639,28,Female,Married,Master,HR,HR Executive,3/17/2020,5,6,Full-time,"Python, SQL",Yes,Q1/2025,3.6,Web Application Development,91.3,33,Yes,No,4,3,High,No
E0640,31,Female,Married,Bachelor,Finance,Finance Manager,5/12/2013,12,15,Full-time,"Angular, Docker",No,Q1/2025,4.2,DevOps Automation,93.0,81,No,No,5,4,Low,No
E0641,34,Male,Single,Bachelor,Finance,Accountant,3/29/2023,2,3,Full-time,"GCP, Vue.js, C#, React, Kubernetes",Yes,Q1/2025,3.4,API Development,91.8,13,No,Yes,4,2,Medium,No
E0642,27,Male,Married,Bachelor,Marketing,Business Analyst,7/20/2014,11,11,Full-time,"NoSQL, C#",Yes,Q1/2025,4.4,Cybersecurity Implementation,41.2,44,No,No,3,3,High,No
E0643,33,Male,Married,Bachelor,Marketing,Business Analyst,11/1/2024,1,1,Full-time,"C#, Azure, Angular",No,Q1/2025,3.9,AI/ML Model Deployment,61.5,8,No,Yes,2,5,Low,No
E0644,22,Male,Married,Master,Finance,Financial Analyst,2/18/2010,15,16,Full-time,"Vue.js, GCP, C#",Yes,Q1/2025,4.2,Mobile App Design,85.1,53,No,No,5,4,Low,No
E0645,28,Female,Single,Master,Sales,Sales Executive,5/22/2012,13,16,Full-time,"Angular, Azure, Java",No,Q1/2025,3.8,Web Application Development,77.1,59,No,No,1,5,High,No
E0646,28,Female,Single,College,QA,QA Engineer,3/29/2010,15,17,Full-time,"AWS, NoSQL, SQL, Java",No,Q1/2025,3.8,Cybersecurity Implementation,53.5,46,No,No,2,2,Low,No
E0647,33,Female,Single,PhD,Sales,Account Manager,6/8/2023,2,3,Full-time,"C#, AWS",Yes,Q1/2025,3.2,Cybersecurity Implementation,65.2,19,No,Yes,4,4,Low,No
E0648,39,Female,Single,Master,IT,DevOps Engineer,9/2/2017,8,11,Full-time,"Kubernetes, React",Yes,Q1/2025,2.7,Data Analytics Platform,86.3,26,Yes,Yes,4,1,Medium,Yes
E0649,24,Male,Married,Bachelor,QA,Test Analyst,1/6/2014,11,14,Full-time,"Azure, Angular, Kubernetes, C#, Vue.js",Yes,Q1/2025,3.8,Data Analytics Platform,79.5,39,No,No,2,3,Low,No
E0650,31,Female,Single,Bachelor,HR,Recruiter,12/3/2010,15,15,Full-time,"Kubernetes, C#, SQL, Java, Docker",No,Q1/2025,2.9,DevOps Automation,76.7,49,No,Yes,2,2,Medium,No
E0651,30,Female,Single,Bachelor,Sales,Account Manager,4/11/2010,15,17,Full-time,"Azure, GCP, C#",Yes,Q1/2025,4.6,Cloud Migration,86.0,82,No,No,2,3,High,No
E0652,33,Other,Married,Master,QA,Test Analyst,7/22/2021,4,5,Contractor,"Angular, Vue.js, C#, NoSQL, SQL",No,Q1/2025,3.1,Data Analytics Platform,84.7,15,No,Yes,4,1,Medium,No
E0653,33,Male,Divorced,Bachelor,HR,Recruiter,11/26/2018,7,10,Full-time,"React, GCP, Angular",Yes,Q1/2025,3.7,DevOps Automation,57.6,30,No,No,3,5,Medium,No
E0654,37,Male,Single,Bachelor,Sales,Sales Executive,8/3/2020,5,6,Full-time,"SQL, Kubernetes, Azure, NoSQL",No,Q1/2025,3.4,Web Application Development,75.7,29,No,Yes,5,5,Low,Yes
E0655,36,Male,Married,Bachelor,Sales,Account Manager,3/3/2020,5,7,Full-time,"SQL, Java, Vue.js",No,Q1/2025,3.1,Cloud Migration,58.7,49,No,Yes,5,2,Medium,Yes
E0656,27,Male,Single,Bachelor,QA,Test Analyst,5/19/2019,6,6,Full-time,"SQL, Python, C#, Java",No,Q1/2025,3.5,DevOps Automation,65.8,35,No,No,2,2,Low,No
E0657,33,Male,Single,Bachelor,QA,Test Analyst,6/3/2021,4,4,Full-time,"C#, Java",No,Q1/2025,4.2,Web Application Development,55.0,16,No,No,1,5,Low,No
E0658,27,Female,Divorced,PhD,Sales,Account Manager,1/6/2010,15,17,Full-time,"SQL, Java",Yes,Q1/2025,3.8,API Development,71.9,77,No,No,5,2,Medium,No
E0659,31,Female,Single,Bachelor,Marketing,Business Analyst,9/28/2010,15,15,Full-time,"C#, GCP",Yes,Q1/2025,3.8,AI/ML Model Deployment,82.7,44,No,No,1,5,Medium,No
E0660,35,Male,Single,Bachelor,Sales,Sales Executive,6/15/2016,9,12,Full-time,"AWS, Kubernetes, GCP, React",No,Q1/2025,3.9,Cloud Migration,86.6,32,No,No,2,3,Low,No
E0661,30,Male,Married,Master,HR,Recruiter,10/27/2014,11,13,Full-time,"React, GCP, NoSQL, SQL",Yes,Q1/2025,3.4,Cybersecurity Implementation,74.1,48,No,Yes,1,2,High,No
E0662,29,Female,Single,Master,IT,IT Support,5/14/2022,3,4,Full-time,"Kubernetes, Docker, React, GCP, SQL",Yes,Q1/2025,4.9,Cloud Migration,54.0,14,No,No,5,1,Low,No
E0663,31,Male,Married,Master,Sales,Account Manager,2/24/2018,7,8,Full-time,"NoSQL, AWS",Yes,Q1/2025,3.2,Web Application Development,31.2,44,Yes,Yes,4,4,High,No
E0664,28,Male,Single,Bachelor,IT,IT Support,7/10/2023,2,4,Full-time,"GCP, NoSQL",No,Q1/2025,3.3,Data Analytics Platform,75.3,20,No,Yes,3,1,Low,No
E0665,40,Male,Married,Bachelor,HR,HR Executive,5/31/2020,5,6,Full-time,"Python, Azure",No,Q1/2025,4.3,DevOps Automation,80.7,30,No,No,2,4,Low,Yes
E0666,22,Female,Divorced,Master,QA,QA Engineer,7/20/2021,4,4,Part-time,"NoSQL, C#",Yes,Q1/2025,4.3,Mobile App Design,65.6,18,No,No,3,5,Low,No
E0667,24,Female,Single,Master,IT,DevOps Engineer,11/24/2017,8,8,Full-time,"NoSQL, Azure, AWS, C#, SQL",Yes,Q1/2025,3.2,API Development,79.4,25,No,Yes,1,4,Low,No
E0668,24,Male,Married,Bachelor,Finance,Finance Manager,4/13/2011,14,16,Full-time,"Angular, C#, Vue.js, AWS, GCP",No,Q1/2025,3.7,Web Application Development,72.0,75,No,No,5,2,Low,No
E0669,38,Female,Married,Bachelor,QA,QA Engineer,10/8/2016,9,11,Full-time,"Azure, Java, React, GCP",Yes,Q1/2025,4.2,Web Application Development,79.9,20,No,No,5,5,High,Yes
E0670,27,Male,Married,Bachelor,Sales,Sales Executive,10/17/2010,15,15,Full-time,"GCP, Python, React, C#, SQL",Yes,Q1/2025,2.9,Cloud Migration,82.9,37,No,Yes,5,4,Low,No
E0671,32,Male,Married,Master,Finance,Financial Analyst,3/25/2013,12,13,Contractor,"Azure, Angular, AWS, Kubernetes, Java",No,Q1/2025,3.8,DevOps Automation,72.0,44,No,No,4,5,Low,No
E0672,37,Male,Married,Master,Sales,Sales Executive,2/27/2016,9,9,Full-time,"AWS, C#",Yes,Q1/2025,4.8,API Development,96.5,32,No,No,2,3,Low,Yes
E0673,33,Male,Divorced,College,Finance,Accountant,5/25/2014,11,12,Part-time,"C#, GCP, React",No,Q1/2025,3.6,Cloud Migration,82.7,38,No,No,5,1,Medium,No
E0674,34,Male,Single,Master,Finance,Accountant,11/24/2019,6,6,Full-time,"GCP, NoSQL, Azure",Yes,Q1/2025,4.8,Mobile App Design,87.8,33,No,No,4,3,Low,No
E0675,30,Female,Single,Bachelor,Sales,Sales Executive,8/16/2021,4,7,Full-time,"SQL, AWS, GCP, Angular",Yes,Q1/2025,3.7,AI/ML Model Deployment,88.4,13,No,No,2,4,Medium,No
E0676,32,Female,Married,PhD,HR,Recruiter,5/31/2011,14,17,Full-time,"Docker, Azure, React, GCP, Vue.js",Yes,Q1/2025,3.5,Mobile App Design,76.3,47,No,No,5,2,Low,No
E0677,31,Male,Single,Bachelor,QA,QA Engineer,6/2/2019,6,6,Full-time,"NoSQL, GCP",Yes,Q1/2025,3.7,Data Analytics Platform,30.1,31,No,No,5,4,Low,No
E0678,25,Female,Married,Master,Sales,Sales Executive,5/10/2012,13,15,Part-time,"Java, GCP, Kubernetes, Docker",Yes,Q1/2025,3.8,Data Analytics Platform,75.9,54,No,No,1,5,High,No
E0679,33,Female,Single,Master,Marketing,Business Analyst,10/8/2019,6,9,Full-time,"NoSQL, Angular",No,Q1/2025,4.7,Data Analytics Platform,77.9,25,No,No,4,3,High,No
E0680,36,Male,Single,Master,HR,Recruiter,3/5/2017,8,9,Full-time,"Java, SQL, Kubernetes, AWS",No,Q1/2025,3.6,AI/ML Model Deployment,75.8,20,Yes,No,1,5,Low,Yes
E0681,22,Female,Single,Bachelor,QA,Test Analyst,10/20/2013,12,13,Full-time,"Vue.js, GCP",No,Q1/2025,3.8,Mobile App Design,81.3,57,No,No,4,1,Low,No
E0682,33,Male,Married,Bachelor,Sales,Account Manager,11/18/2014,11,14,Full-time,"Vue.js, GCP, NoSQL, SQL",No,Q1/2025,3.3,Web Application Development,65.9,61,Yes,Yes,4,3,Medium,No
E0683,33,Male,Married,Master,QA,Test Analyst,10/9/2014,11,14,Full-time,"NoSQL, C#, Kubernetes, Java",Yes,Q1/2025,3.7,DevOps Automation,74.0,58,Yes,No,1,4,Low,No
E0684,31,Female,Single,Bachelor,Sales,Account Manager,6/12/2012,13,16,Full-time,"Vue.js, C#, SQL, NoSQL, Python",Yes,Q1/2025,4.4,Data Analytics Platform,42.3,60,No,No,2,4,Medium,No
E0685,35,Male,Single,Master,QA,Test Analyst,4/12/2011,14,17,Full-time,"AWS, Vue.js, Docker, C#",No,Q1/2025,4.1,API Development,84.4,53,No,No,4,1,Low,No
E0686,30,Male,Divorced,College,HR,HR Executive,6/9/2022,3,4,Part-time,"GCP, React, C#, Python, Angular",Yes,Q1/2025,3.8,Web Application Development,65.6,18,No,No,5,2,Low,No
E0687,32,Female,Married,Bachelor,Marketing,Business Analyst,8/8/2015,10,12,Full-time,"NoSQL, Angular, Docker, Vue.js",Yes,Q1/2025,4.6,DevOps Automation,66.6,45,No,No,2,3,High,No
E0688,22,Other,Single,Bachelor,HR,HR Executive,7/12/2010,15,15,Full-time,"NoSQL, Azure",Yes,Q1/2025,3.5,Web Application Development,92.1,55,No,No,1,4,Medium,No
E0689,26,Female,Single,PhD,HR,HR Executive,8/27/2010,15,17,Full-time,"Vue.js, Kubernetes",No,Q1/2025,3.3,DevOps Automation,73.5,49,No,Yes,3,5,Low,No
E0690,24,Female,Single,Bachelor,Marketing,Business Analyst,5/27/2013,12,13,Contractor,"React, GCP, Kubernetes, Angular, AWS",No,Q1/2025,4.7,Cybersecurity Implementation,75.4,49,No,No,5,4,Low,No
E0691,34,Female,Married,Bachelor,IT,Software Engineer,7/3/2024,1,1,Full-time,"Azure, Java",Yes,Q1/2025,4.1,Cybersecurity Implementation,93.4,9,No,Yes,2,2,Low,No
E0692,26,Female,Married,Bachelor,IT,IT Support,10/21/2016,9,11,Full-time,"NoSQL, Docker, SQL, Kubernetes, C#",No,Q1/2025,3.7,Data Analytics Platform,76.1,22,No,No,4,3,Low,No
E0693,22,Male,Single,Bachelor,QA,QA Engineer,3/19/2021,4,5,Full-time,"AWS, Angular",Yes,Q1/2025,4.0,AI/ML Model Deployment,67.8,15,No,No,2,1,High,No
E0694,27,Female,Single,Bachelor,IT,System Admin,5/8/2022,3,4,Contractor,"GCP, Azure, Kubernetes",Yes,Q1/2025,3.5,API Development,89.4,12,No,No,5,3,Medium,No
E0695,32,Female,Married,Master,HR,HR Executive,3/31/2010,15,15,Full-time,"AWS, Java",No,Q1/2025,4.2,API Development,27.5,49,No,No,5,5,Low,No
E0696,26,Male,Single,Bachelor,Finance,Financial Analyst,12/23/2023,2,3,Contractor,"NoSQL, Kubernetes, Java, AWS, GCP",Yes,Q1/2025,4.2,Cybersecurity Implementation,75.3,16,No,No,4,1,Low,No
E0697,31,Female,Married,Master,QA,QA Engineer,9/8/2011,14,14,Full-time,"AWS, Azure, SQL, NoSQL",Yes,Q1/2025,2.5,Data Analytics Platform,79.9,41,No,Yes,2,3,High,Yes
E0698,32,Male,Single,College,IT,IT Support,5/27/2016,9,10,Full-time,"Azure, Docker, Angular, Kubernetes, GCP",No,Q1/2025,3.7,Cybersecurity Implementation,58.0,26,No,No,5,5,Medium,No
E0699,28,Female,Married,Bachelor,IT,System Admin,10/15/2023,2,4,Full-time,"GCP, Docker",No,Q1/2025,2.7,DevOps Automation,52.0,13,No,Yes,2,1,Low,No
E0700,37,Male,Single,Bachelor,QA,QA Engineer,10/5/2013,12,15,Full-time,"Python, Docker",Yes,Q1/2025,4.4,Data Analytics Platform,78.4,59,No,No,3,2,High,Yes
E0701,23,Female,Single,Master,IT,DevOps Engineer,4/19/2022,3,5,Full-time,"Docker, GCP, Azure, Angular",Yes,Q1/2025,3.8,AI/ML Model Deployment,82.0,20,No,No,4,3,Medium,No
E0702,22,Male,Married,Bachelor,IT,IT Support,7/18/2024,1,1,Full-time,"C#, GCP, React, Java, Azure",Yes,Q1/2025,4.5,Cloud Migration,66.1,10,No,Yes,3,4,Low,No
E0703,28,Male,Married,Bachelor,IT,IT Support,4/21/2015,10,10,Contractor,"React, C#, AWS, Python, Kubernetes",Yes,Q1/2025,3.6,AI/ML Model Deployment,90.0,55,No,No,1,2,Low,No
E0704,27,Male,Married,Bachelor,IT,DevOps Engineer,2/18/2017,8,10,Full-time,"Azure, Python",No,Q1/2025,4.0,Cloud Migration,72.3,25,No,No,1,4,Low,No
E0705,37,Female,Married,Bachelor,QA,QA Engineer,4/3/2012,13,15,Full-time,"Python, Kubernetes, Java, React, AWS",Yes,Q1/2025,3.5,DevOps Automation,86.3,59,Yes,No,1,4,Medium,Yes
E0706,31,Male,Married,Master,Sales,Account Manager,8/4/2012,13,16,Full-time,"GCP, React",Yes,Q1/2025,3.8,Mobile App Design,88.4,71,No,No,2,1,Medium,No
E0707,35,Male,Married,Master,Finance,Finance Manager,9/9/2020,5,8,Full-time,"Kubernetes, SQL, React, NoSQL, Angular",Yes,Q1/2025,3.7,Web Application Development,63.6,28,No,No,3,2,Low,No
E0708,39,Female,Single,PhD,Sales,Sales Executive,3/13/2024,1,3,Full-time,"NoSQL, Angular, C#, Python, Kubernetes",Yes,Q1/2025,3.3,Cloud Migration,43.0,10,No,Yes,4,4,High,Yes
E0709,25,Male,Single,PhD,Marketing,Digital Marketer,11/5/2011,14,14,Full-time,"C#, SQL, AWS, React, Azure",Yes,Q1/2025,4.2,DevOps Automation,50.2,40,No,No,4,3,Medium,No
E0710,35,Male,Single,Bachelor,QA,Test Analyst,8/14/2019,6,9,Contractor,"Python, React, SQL, Vue.js, AWS",No,Q1/2025,2.2,Mobile App Design,62.2,20,No,Yes,1,2,Low,No
E0711,29,Female,Single,Master,Finance,Accountant,4/17/2021,4,6,Full-time,"C#, Docker, Vue.js",Yes,Q1/2025,3.3,DevOps Automation,76.3,14,No,Yes,5,5,Medium,No
E0712,34,Female,Married,Master,IT,Software Engineer,4/27/2022,3,5,Contractor,"Vue.js, Java",Yes,Q1/2025,4.0,Cloud Migration,87.6,17,No,No,1,3,Medium,No
E0713,35,Male,Married,Bachelor,Sales,Sales Executive,11/3/2020,5,7,Full-time,"C#, NoSQL, Docker",Yes,Q1/2025,4.3,Cloud Migration,55.8,20,No,No,4,3,Medium,No
E0714,31,Female,Divorced,Bachelor,HR,Recruiter,2/18/2013,12,14,Full-time,"Docker, Kubernetes, NoSQL",Yes,Q1/2025,3.6,DevOps Automation,76.5,35,No,No,2,4,High,No
E0715,35,Female,Married,Bachelor,Sales,Sales Executive,5/30/2018,7,9,Full-time,"Azure, Angular, GCP",Yes,Q1/2025,5.0,Cybersecurity Implementation,77.8,24,No,No,1,3,Medium,No
E0716,29,Female,Single,Master,Marketing,Content Specialist,11/12/2014,11,14,Part-time,"AWS, Angular, NoSQL",No,Q1/2025,3.6,DevOps Automation,63.5,48,Yes,No,2,3,Low,No
E0717,32,Other,Single,Bachelor,QA,Test Analyst,10/26/2017,8,9,Full-time,"C#, Azure",Yes,Q1/2025,3.8,Mobile App Design,93.5,34,No,No,4,4,Low,No
E0718,30,Female,Married,Bachelor,Finance,Financial Analyst,3/29/2022,3,5,Full-time,"Vue.js, SQL, Angular",Yes,Q1/2025,4.5,Data Analytics Platform,93.6,15,No,No,1,3,High,No
E0719,22,Female,Single,Bachelor,IT,DevOps Engineer,9/28/2019,6,6,Full-time,"C#, Azure",No,Q1/2025,4.2,API Development,33.2,31,No,No,3,5,Low,No
E0720,28,Female,Divorced,PhD,QA,Test Analyst,1/18/2020,5,5,Full-time,"Python, SQL",Yes,Q1/2025,3.3,Cloud Migration,57.6,22,No,Yes,1,1,Low,No
E0721,27,Female,Single,Master,Marketing,Digital Marketer,12/21/2024,1,2,Full-time,"SQL, Kubernetes, Azure",No,Q1/2025,3.7,AI/ML Model Deployment,83.8,11,No,Yes,1,1,Low,No
E0722,33,Male,Single,Bachelor,HR,HR Executive,11/26/2019,6,8,Full-time,"C#, Vue.js, React",Yes,Q1/2025,3.7,Mobile App Design,94.5,32,No,No,2,4,Low,No
E0723,31,Male,Single,College,QA,Test Analyst,8/10/2017,8,10,Full-time,"Python, Java",Yes,Q1/2025,4.7,API Development,38.6,31,No,No,4,1,High,No
E0724,39,Female,Single,Master,Sales,Sales Executive,11/9/2021,4,5,Full-time,"Kubernetes, Vue.js, NoSQL, SQL",Yes,Q1/2025,4.2,Cybersecurity Implementation,80.5,19,No,No,1,3,Low,Yes
E0725,30,Female,Single,Master,Marketing,Digital Marketer,3/4/2015,10,11,Full-time,"SQL, Docker, NoSQL",No,Q1/2025,4.6,Mobile App Design,78.6,41,No,No,3,1,Low,No
E0726,37,Female,Married,Bachelor,HR,HR Executive,3/1/2013,12,13,Full-time,"C#, Angular, Vue.js, React, Python",Yes,Q1/2025,3.9,Data Analytics Platform,87.3,55,No,No,5,4,Low,Yes
E0727,31,Female,Single,PhD,IT,System Admin,10/17/2024,1,4,Full-time,"SQL, Kubernetes, Azure, Angular",Yes,Q1/2025,3.9,Mobile App Design,66.7,10,Yes,Yes,3,2,Low,No
E0728,28,Male,Married,Bachelor,Finance,Accountant,4/5/2018,7,8,Full-time,"NoSQL, SQL, C#, Vue.js",Yes,Q1/2025,4.9,AI/ML Model Deployment,87.8,23,No,No,2,2,High,No
E0729,29,Female,Married,Master,QA,Test Analyst,1/2/2015,10,13,Full-time,"SQL, React, C#, Vue.js",No,Q1/2025,3.1,Cybersecurity Implementation,82.6,45,No,Yes,4,1,Low,No
E0730,37,Female,Single,Bachelor,Sales,Sales Executive,11/25/2020,5,8,Full-time,"Java, Kubernetes, Docker, React",No,Q1/2025,4.0,DevOps Automation,91.5,32,Yes,No,2,2,Medium,Yes
E0731,34,Male,Married,Bachelor,HR,Recruiter,7/3/2015,10,12,Full-time,"Azure, AWS, React, GCP",No,Q1/2025,4.3,Data Analytics Platform,54.6,48,Yes,No,2,5,Medium,No
E0732,31,Male,Married,Bachelor,IT,System Admin,5/19/2012,13,13,Full-time,"Python, NoSQL, GCP, Docker",Yes,Q1/2025,4.1,Web Application Development,76.1,38,No,No,2,5,Low,No
E0733,26,Male,Married,Bachelor,HR,Recruiter,8/2/2020,5,7,Full-time,"Vue.js, Python, Java",Yes,Q1/2025,4.3,DevOps Automation,60.5,33,No,No,4,5,Low,No
E0734,29,Male,Single,Bachelor,Finance,Accountant,8/27/2017,8,8,Full-time,"AWS, Python",No,Q1/2025,3.1,API Development,71.6,28,No,Yes,1,5,Low,No
E0735,32,Female,Single,Bachelor,Sales,Account Manager,7/11/2019,6,9,Full-time,"Kubernetes, Docker",Yes,Q1/2025,3.2,Mobile App Design,83.5,46,No,Yes,1,2,Low,No
E0736,32,Male,Married,Bachelor,HR,HR Executive,11/12/2010,15,18,Full-time,"Kubernetes, Python, SQL",Yes,Q1/2025,4.4,Cloud Migration,87.3,47,No,No,4,4,Low,No
E0737,33,Female,Single,Bachelor,QA,Test Analyst,12/1/2017,8,10,Full-time,"Azure, Python, React",Yes,Q1/2025,4.3,DevOps Automation,89.1,25,Yes,No,3,5,High,No
E0738,34,Male,Single,Bachelor,QA,Test Analyst,2/28/2024,1,1,Full-time,"C#, React, Azure, Angular, Vue.js",Yes,Q1/2025,3.5,API Development,57.8,9,No,Yes,1,4,Medium,No
E0739,28,Female,Married,Bachelor,HR,HR Executive,12/21/2016,9,12,Full-time,"SQL, React",Yes,Q1/2025,4.1,Cybersecurity Implementation,51.2,27,No,No,3,4,Low,No
E0740,31,Female,Married,Master,Sales,Sales Executive,1/13/2020,5,6,Full-time,"React, C#",No,Q1/2025,4.2,Mobile App Design,92.9,33,No,No,4,5,Medium,No
E0741,27,Female,Single,Bachelor,QA,QA Engineer,1/30/2013,12,14,Full-time,"Python, Azure",Yes,Q1/2025,4.2,AI/ML Model Deployment,66.1,47,No,No,5,2,Low,No
E0742,33,Male,Married,PhD,QA,Test Analyst,8/25/2018,7,8,Full-time,"Angular, Python",No,Q1/2025,3.8,Data Analytics Platform,76.1,35,No,No,2,1,High,No
E0743,22,Female,Married,College,Marketing,Content Specialist,3/10/2017,8,11,Full-time,"Kubernetes, Azure, AWS",Yes,Q1/2025,4.2,API Development,69.5,20,No,No,2,1,Low,No
E0744,27,Male,Single,Bachelor,Marketing,Digital Marketer,11/2/2024,1,4,Contractor,"GCP, Java",No,Q1/2025,3.2,Web Application Development,92.1,8,No,Yes,1,3,High,No
E0745,30,Male,Married,Master,QA,QA Engineer,6/19/2011,14,17,Full-time,"AWS, SQL, Kubernetes, React, Python",Yes,Q1/2025,3.1,Web Application Development,77.6,38,No,Yes,3,3,Medium,No
E0746,35,Female,Single,Bachelor,Marketing,Content Specialist,7/27/2013,12,14,Full-time,"Vue.js, Angular, C#, Kubernetes, AWS",Yes,Q1/2025,2.8,Data Analytics Platform,82.0,42,No,Yes,3,4,Low,No
E0747,30,Female,Married,Master,Sales,Sales Executive,3/3/2017,8,11,Full-time,"NoSQL, Azure, C#",No,Q1/2025,3.4,API Development,65.1,23,No,Yes,5,5,Low,No
E0748,27,Male,Single,Master,QA,QA Engineer,4/29/2021,4,6,Full-time,"Kubernetes, Java, Vue.js, GCP",Yes,Q1/2025,4.8,Cybersecurity Implementation,94.2,20,No,No,4,1,Low,No
E0749,28,Female,Single,Bachelor,HR,HR Executive,6/7/2024,1,2,Full-time,"SQL, Angular",Yes,Q1/2025,4.4,Cybersecurity Implementation,56.6,10,No,Yes,2,1,Low,No
E0750,22,Male,Single,Master,QA,QA Engineer,11/22/2014,11,13,Full-time,"Docker, Vue.js",No,Q1/2025,2.3,DevOps Automation,85.0,54,No,Yes,3,4,Medium,No
E0751,35,Female,Married,Bachelor,QA,Test Analyst,11/2/2017,8,11,Full-time,"Python, Angular, Kubernetes, Docker",No,Q1/2025,3.8,DevOps Automation,53.9,26,No,No,1,4,Low,No
E0752,37,Male,Married,Bachelor,Finance,Accountant,7/9/2014,11,12,Full-time,"Kubernetes, Docker",No,Q1/2025,4.4,AI/ML Model Deployment,89.9,37,No,No,4,2,Medium,Yes
E0753,27,Male,Married,Bachelor,QA,QA Engineer,5/1/2023,2,5,Full-time,"Kubernetes, Angular, Azure",Yes,Q1/2025,3.9,Data Analytics Platform,94.8,12,Yes,No,5,4,Low,No
E0754,36,Male,Married,College,Finance,Financial Analyst,3/2/2018,7,10,Full-time,"Java, React, Kubernetes",Yes,Q1/2025,4.8,Cloud Migration,82.3,21,No,No,3,2,Low,Yes
E0755,28,Female,Married,Bachelor,QA,Test Analyst,10/3/2017,8,10,Full-time,"C#, SQL, Azure",Yes,Q1/2025,4.6,DevOps Automation,85.5,25,No,No,1,5,High,No
E0756,27,Male,Married,Bachelor,IT,System Admin,2/15/2022,3,6,Full-time,"Java, NoSQL, SQL, Angular, Vue.js",Yes,Q1/2025,3.6,API Development,79.6,12,No,No,5,2,Medium,No
E0757,37,Male,Divorced,Bachelor,Sales,Account Manager,8/4/2023,2,2,Contractor,"Azure, Docker, Java",Yes,Q1/2025,4.3,Cloud Migration,62.9,19,No,No,4,1,Low,Yes
E0758,27,Female,Single,Bachelor,Sales,Sales Executive,11/26/2024,1,3,Part-time,"Vue.js, React, Kubernetes",No,Q1/2025,4.1,Web Application Development,97.8,11,No,Yes,2,4,Medium,No
E0759,31,Female,Married,College,QA,QA Engineer,2/11/2023,2,4,Full-time,"Kubernetes, AWS",No,Q1/2025,4.4,Cybersecurity Implementation,81.6,17,No,No,3,2,Medium,No
E0760,28,Male,Married,College,Sales,Account Manager,11/20/2022,3,3,Full-time,"Docker, Kubernetes, Azure, React",No,Q1/2025,3.5,Mobile App Design,54.3,25,No,No,2,2,Medium,No
E0761,38,Male,Married,Bachelor,IT,IT Support,4/13/2023,2,4,Full-time,"NoSQL, GCP, Python",Yes,Q1/2025,4.3,Web Application Development,90.9,17,No,No,3,3,Medium,Yes
E0762,29,Female,Married,Master,Marketing,Business Analyst,1/4/2013,12,15,Full-time,"Kubernetes, Vue.js, Java",No,Q1/2025,3.1,Data Analytics Platform,54.2,48,No,Yes,3,3,Medium,No
E0763,33,Male,Married,Bachelor,HR,HR Executive,12/9/2023,2,4,Contractor,"Vue.js, AWS, GCP",Yes,Q1/2025,3.3,Cybersecurity Implementation,38.6,16,No,Yes,2,3,Low,No
E0764,34,Female,Married,Bachelor,HR,Recruiter,9/8/2014,11,14,Full-time,"SQL, NoSQL",No,Q1/2025,4.5,Cybersecurity Implementation,95.8,56,No,No,3,2,High,No
E0765,29,Female,Single,Bachelor,QA,Test Analyst,1/19/2020,5,5,Full-time,"C#, Angular, Azure, Java",Yes,Q1/2025,3.5,AI/ML Model Deployment,58.2,32,No,No,3,4,Low,No
E0766,26,Other,Married,Bachelor,Finance,Financial Analyst,1/30/2014,11,11,Full-time,"GCP, Kubernetes, Azure, Java, SQL",Yes,Q1/2025,3.1,Cloud Migration,80.1,54,No,Yes,1,1,Medium,No
E0767,26,Male,Married,Bachelor,IT,IT Support,2/9/2015,10,13,Full-time,"Python, Java",Yes,Q1/2025,3.8,Data Analytics Platform,94.1,49,No,No,2,5,Medium,No
E0768,26,Female,Married,Bachelor,HR,HR Executive,8/4/2022,3,4,Full-time,"NoSQL, React, C#, Docker",Yes,Q1/2025,3.8,API Development,70.2,12,No,No,3,4,Low,No
E0769,34,Male,Single,Bachelor,Finance,Accountant,1/26/2010,15,17,Contractor,"Java, Python, React, Angular",Yes,Q1/2025,3.4,Cybersecurity Implementation,84.4,55,Yes,Yes,1,4,Medium,No
E0770,28,Male,Married,Bachelor,Finance,Financial Analyst,12/10/2014,11,14,Full-time,"React, GCP, Kubernetes, Docker",No,Q1/2025,4.6,DevOps Automation,79.5,40,No,No,5,4,Medium,No
E0771,28,Female,Single,Master,Finance,Finance Manager,12/13/2015,10,11,Full-time,"React, NoSQL, Vue.js, GCP, Docker",Yes,Q1/2025,4.0,Mobile App Design,52.3,72,No,No,1,5,Low,No
E0772,34,Female,Single,Master,Marketing,Business Analyst,4/27/2020,5,8,Full-time,"Kubernetes, Docker",No,Q1/2025,4.7,Mobile App Design,55.3,26,No,No,3,3,High,No
E0773,24,Male,Single,Bachelor,Finance,Finance Manager,10/6/2011,14,15,Full-time,"Python, Docker, Vue.js",Yes,Q1/2025,3.1,Cloud Migration,87.3,70,No,Yes,5,1,Low,No
E0774,22,Female,Single,Bachelor,HR,Recruiter,12/23/2020,5,5,Part-time,"React, Docker, Angular",Yes,Q1/2025,4.0,API Development,62.6,26,Yes,No,2,3,Medium,No
E0775,37,Female,Married,Bachelor,HR,HR Executive,1/16/2020,5,6,Full-time,"NoSQL, C#, AWS, Java",No,Q1/2025,3.4,Cloud Migration,56.1,23,No,Yes,2,2,Medium,Yes
E0776,22,Male,Single,Bachelor,IT,Software Engineer,12/18/2023,2,5,Full-time,"Kubernetes, C#",No,Q1/2025,4.2,Data Analytics Platform,63.9,13,No,No,2,1,Medium,No
E0777,30,Male,Married,College,Marketing,Content Specialist,4/23/2018,7,8,Full-time,"GCP, Docker, AWS, NoSQL, SQL",No,Q1/2025,3.2,Mobile App Design,62.3,24,No,Yes,4,2,Medium,No
E0778,39,Female,Married,Bachelor,Finance,Financial Analyst,8/14/2018,7,10,Full-time,"Docker, NoSQL, Angular, Vue.js, Python",Yes,Q1/2025,1.8,Cybersecurity Implementation,59.8,29,No,Yes,2,4,High,Yes
E0779,27,Female,Married,Bachelor,Sales,Account Manager,9/22/2011,14,14,Full-time,"Kubernetes, Angular, NoSQL",Yes,Q1/2025,4.4,DevOps Automation,82.3,82,No,No,4,1,Low,No
E0780,31,Male,Married,Bachelor,Sales,Sales Executive,3/3/2010,15,17,Full-time,"GCP, Docker, Java, Azure, Angular",Yes,Q1/2025,4.1,Web Application Development,41.4,35,No,No,2,3,High,No
E0781,30,Male,Divorced,Bachelor,QA,Test Analyst,7/9/2014,11,13,Full-time,"GCP, AWS, Vue.js",Yes,Q1/2025,4.6,Web Application Development,56.8,49,No,No,3,3,Low,No
E0782,43,Female,Single,Bachelor,Marketing,Digital Marketer,1/8/2021,4,4,Full-time,"C#, Docker",Yes,Q1/2025,3.3,Cloud Migration,57.7,12,No,Yes,2,1,Medium,Yes
E0783,31,Male,Single,College,IT,DevOps Engineer,10/7/2019,6,9,Full-time,"Docker, C#, NoSQL",Yes,Q1/2025,3.7,AI/ML Model Deployment,63.2,28,No,No,1,3,Medium,No
E0784,27,Female,Single,Master,HR,Recruiter,11/13/2024,1,4,Full-time,"NoSQL, Vue.js, Azure, SQL, Kubernetes",No,Q1/2025,4.7,DevOps Automation,82.4,10,No,Yes,5,5,Medium,No
E0785,36,Female,Married,Bachelor,IT,IT Support,2/29/2012,13,14,Full-time,"Kubernetes, SQL, Docker, Python",No,Q1/2025,3.5,API Development,97.7,46,No,No,2,2,Low,Yes
E0786,25,Male,Single,Bachelor,Sales,Account Manager,3/16/2016,9,10,Full-time,"Angular, Java, React, C#",No,Q1/2025,3.5,AI/ML Model Deployment,73.3,35,No,No,4,2,Low,No
E0787,24,Female,Single,Bachelor,Sales,Sales Executive,9/12/2020,5,8,Part-time,"Docker, Azure, React, NoSQL, SQL",No,Q1/2025,4.2,Cloud Migration,59.7,23,No,No,3,5,Low,No
E0788,32,Male,Single,Master,IT,DevOps Engineer,11/10/2021,4,5,Full-time,"NoSQL, SQL",No,Q1/2025,4.1,Web Application Development,93.1,12,Yes,No,3,3,Medium,No
E0789,26,Female,Married,Bachelor,IT,Software Engineer,11/14/2021,4,7,Part-time,"Java, Python, Azure, NoSQL",No,Q1/2025,4.1,Cybersecurity Implementation,95.0,20,No,No,4,4,Low,No
E0790,31,Female,Married,Bachelor,Finance,Financial Analyst,3/8/2022,3,5,Full-time,"C#, GCP, AWS, Java",Yes,Q1/2025,3.9,AI/ML Model Deployment,91.9,16,No,No,2,4,Medium,No
E0791,33,Male,Married,Bachelor,QA,Test Analyst,1/18/2012,13,13,Part-time,"NoSQL, Angular, GCP",Yes,Q1/2025,4.4,Cloud Migration,93.5,60,No,No,1,1,Medium,No
E0792,38,Male,Single,Bachelor,HR,HR Executive,3/15/2010,15,16,Full-time,"Azure, React, Kubernetes, Docker",Yes,Q1/2025,3.5,Web Application Development,37.5,45,Yes,No,2,4,Low,Yes
E0793,28,Male,Single,Master,Sales,Account Manager,12/20/2014,11,12,Part-time,"GCP, Docker, Vue.js, Kubernetes, C#",No,Q1/2025,4.0,DevOps Automation,79.1,70,No,No,2,1,High,No
E0794,33,Male,Single,College,Sales,Sales Executive,5/26/2018,7,7,Part-time,"AWS, Azure, Kubernetes",No,Q1/2025,4.7,Mobile App Design,94.2,20,No,No,3,3,Medium,No
E0795,31,Male,Single,Bachelor,Finance,Accountant,3/8/2018,7,9,Full-time,"AWS, Docker, NoSQL, Azure",No,Q1/2025,3.3,AI/ML Model Deployment,69.6,23,No,Yes,5,5,Low,No
E0796,33,Other,Single,Bachelor,IT,IT Support,6/25/2011,14,17,Full-time,"Kubernetes, Docker",No,Q1/2025,3.5,DevOps Automation,53.7,60,No,No,3,3,High,No
E0797,22,Female,Married,Bachelor,Finance,Financial Analyst,11/8/2012,13,15,Full-time,"Python, React, Kubernetes",Yes,Q1/2025,4.3,AI/ML Model Deployment,88.7,59,No,No,3,5,Medium,No
E0798,27,Female,Single,Bachelor,QA,Test Analyst,1/5/2015,10,12,Full-time,"Azure, React, AWS, GCP, Angular",No,Q1/2025,3.5,DevOps Automation,89.8,38,No,No,2,1,Medium,No
E0799,26,Male,Married,Master,IT,Software Engineer,9/14/2022,3,3,Contractor,"C#, GCP, Angular, SQL",Yes,Q1/2025,4.3,Cloud Migration,48.6,14,Yes,No,3,3,High,No
E0800,31,Female,Married,College,HR,HR Executive,10/18/2018,7,9,Contractor,"NoSQL, Angular",No,Q1/2025,4.5,DevOps Automation,88.3,24,No,No,5,4,Medium,No
E0801,25,Male,Married,Master,Sales,Sales Executive,5/15/2013,12,15,Full-time,"AWS, Angular, Python",No,Q1/2025,3.7,API Development,83.5,53,No,No,2,5,Medium,No
E0802,23,Female,Single,Master,QA,Test Analyst,1/16/2015,10,10,Full-time,"NoSQL, Docker, Java, AWS, SQL",Yes,Q1/2025,3.1,API Development,86.8,43,No,Yes,4,5,Medium,No
E0803,30,Male,Married,Bachelor,IT,Software Engineer,6/20/2023,2,5,Full-time,"Python, GCP, Vue.js, SQL",Yes,Q1/2025,3.6,Web Application Development,91.5,20,No,No,1,5,Medium,No
E0804,34,Female,Married,Bachelor,Finance,Finance Manager,2/15/2019,6,7,Full-time,"Azure, Python",No,Q1/2025,4.0,Cybersecurity Implementation,85.6,29,No,No,4,3,Low,No
E0805,25,Male,Married,Bachelor,HR,Recruiter,10/13/2023,2,2,Contractor,"Vue.js, Docker, Java, AWS",Yes,Q1/2025,3.2,Data Analytics Platform,60.7,19,Yes,Yes,3,3,Low,No
E0806,27,Male,Single,Bachelor,Finance,Accountant,12/10/2019,6,8,Full-time,"NoSQL, Vue.js, SQL, Java",Yes,Q1/2025,4.3,Cybersecurity Implementation,71.7,25,No,No,5,5,High,No
E0807,26,Male,Married,Master,QA,Test Analyst,2/26/2021,4,7,Full-time,"Docker, Python",Yes,Q1/2025,3.7,DevOps Automation,80.6,20,No,No,2,1,Low,No
E0808,31,Female,Single,Master,IT,IT Support,1/22/2011,14,15,Full-time,"Angular, C#",Yes,Q1/2025,3.5,API Development,57.7,38,No,No,5,1,Medium,No
E0809,24,Male,Single,Master,HR,HR Executive,1/19/2021,4,5,Full-time,"Azure, SQL, React, Kubernetes",Yes,Q1/2025,4.0,Cybersecurity Implementation,74.8,19,No,No,2,5,Low,No
E0810,22,Male,Divorced,Bachelor,Finance,Financial Analyst,2/22/2017,8,10,Full-time,"SQL, Docker",Yes,Q1/2025,4.0,API Development,43.7,25,No,No,3,2,Medium,No
E0811,26,Female,Married,PhD,HR,HR Executive,3/27/2012,13,13,Full-time,"SQL, Python, Java",No,Q1/2025,3.5,Data Analytics Platform,96.6,47,No,No,2,1,Medium,No
E0812,37,Male,Single,Bachelor,HR,HR Executive,5/7/2022,3,5,Part-time,"Docker, NoSQL, GCP, AWS",No,Q1/2025,3.2,Cloud Migration,69.2,20,No,Yes,2,2,Low,Yes
E0813,34,Female,Single,Bachelor,Marketing,Digital Marketer,7/6/2020,5,6,Full-time,"SQL, Kubernetes",Yes,Q1/2025,3.7,API Development,98.9,30,No,No,3,2,Low,No
E0814,35,Male,Married,Bachelor,Finance,Financial Analyst,5/20/2023,2,2,Full-time,"Kubernetes, React, Angular",No,Q1/2025,4.8,Cloud Migration,93.8,18,No,No,2,1,Medium,No
E0815,30,Female,Single,PhD,Finance,Finance Manager,1/14/2023,2,5,Contractor,"Angular, SQL",Yes,Q1/2025,4.2,Data Analytics Platform,84.6,23,No,No,3,4,Low,No
E0816,38,Female,Married,Bachelor,Sales,Account Manager,4/15/2017,8,10,Full-time,"GCP, Kubernetes, AWS",Yes,Q1/2025,2.7,Mobile App Design,75.7,28,No,Yes,4,2,Low,Yes
E0817,23,Female,Married,Bachelor,QA,Test Analyst,4/28/2011,14,14,Full-time,"GCP, Azure, SQL, NoSQL, Vue.js",Yes,Q1/2025,5.0,Cybersecurity Implementation,88.5,35,Yes,No,3,3,Low,No
E0818,36,Male,Single,Bachelor,Finance,Accountant,2/17/2022,3,5,Full-time,"React, Docker, Python",Yes,Q1/2025,3.8,API Development,84.8,17,No,No,5,4,Medium,Yes
E0819,39,Male,Single,Bachelor,IT,System Admin,3/23/2013,12,15,Contractor,"Java, Angular, GCP, Azure, Kubernetes",No,Q1/2025,3.9,Cybersecurity Implementation,77.8,53,Yes,No,3,5,Medium,Yes
E0820,30,Female,Married,College,QA,Test Analyst,11/9/2013,12,14,Full-time,"Kubernetes, React",No,Q1/2025,3.7,API Development,85.2,44,No,No,5,3,Low,No
E0821,24,Female,Married,Master,Finance,Finance Manager,5/20/2022,3,6,Full-time,"GCP, Azure",Yes,Q1/2025,5.0,Cloud Migration,88.7,18,No,No,1,2,Low,No
E0822,26,Male,Single,Bachelor,QA,Test Analyst,3/5/2023,2,2,Full-time,"Java, SQL",No,Q1/2025,4.3,Data Analytics Platform,70.4,15,No,No,1,2,Low,No
E0823,28,Male,Single,Bachelor,QA,Test Analyst,7/23/2012,13,16,Full-time,"React, Java, C#",Yes,Q1/2025,4.1,Cloud Migration,86.1,50,No,No,5,5,High,No
E0824,33,Female,Married,Master,Sales,Account Manager,8/5/2020,5,6,Part-time,"Kubernetes, Docker, C#",No,Q1/2025,3.5,DevOps Automation,68.0,46,No,No,1,2,Low,No
E0825,26,Male,Married,Master,Finance,Accountant,11/6/2023,2,4,Full-time,"React, SQL",No,Q1/2025,4.3,Mobile App Design,82.3,18,No,No,2,1,Medium,No
E0826,39,Female,Single,Bachelor,IT,Software Engineer,12/31/2015,10,11,Full-time,"Vue.js, AWS",Yes,Q1/2025,3.0,DevOps Automation,49.8,36,No,Yes,2,1,Low,Yes
E0827,22,Female,Single,Master,HR,HR Executive,7/19/2013,12,14,Full-time,"Java, Docker, GCP, AWS, NoSQL",No,Q1/2025,4.4,Cloud Migration,96.4,57,No,No,3,1,Low,No
E0828,30,Male,Single,Bachelor,IT,Software Engineer,7/21/2022,3,4,Full-time,"Java, SQL",Yes,Q1/2025,3.0,DevOps Automation,69.8,16,No,Yes,5,1,Medium,No
E0829,27,Other,Single,Bachelor,Finance,Finance Manager,2/23/2022,3,5,Full-time,"C#, Java, AWS, NoSQL",No,Q1/2025,4.4,Web Application Development,74.8,22,No,No,1,2,Low,No
E0830,28,Female,Married,Master,Sales,Account Manager,11/23/2024,1,4,Full-time,"Kubernetes, Python, SQL, Azure, GCP",Yes,Q1/2025,3.5,Mobile App Design,77.6,14,No,Yes,1,3,Medium,No
E0831,36,Male,Single,Bachelor,IT,DevOps Engineer,5/26/2023,2,4,Full-time,"AWS, React, Vue.js, GCP",No,Q1/2025,3.5,Cloud Migration,70.9,12,No,No,1,5,Medium,Yes
E0832,22,Female,Single,Bachelor,Marketing,Business Analyst,7/17/2014,11,12,Full-time,"NoSQL, Python, Azure, AWS",Yes,Q1/2025,3.5,Data Analytics Platform,52.8,47,No,No,4,3,Medium,No
E0833,39,Male,Married,Bachelor,IT,System Admin,3/25/2013,12,14,Full-time,"AWS, Kubernetes, SQL",No,Q1/2025,2.9,Mobile App Design,79.4,44,No,Yes,5,1,Low,Yes
E0834,25,Male,Married,Bachelor,Marketing,Business Analyst,2/25/2011,14,17,Full-time,"AWS, Azure, GCP",No,Q1/2025,3.9,Mobile App Design,80.2,56,No,No,2,4,Medium,No
E0835,38,Male,Married,Master,Marketing,Content Specialist,12/19/2012,13,15,Full-time,"Java, Kubernetes, Python, Docker",Yes,Q1/2025,4.1,Cloud Migration,70.3,38,No,No,3,3,High,Yes
E0836,26,Male,Single,Bachelor,QA,Test Analyst,10/10/2019,6,8,Full-time,"Angular, React, Python",No,Q1/2025,4.4,Data Analytics Platform,98.1,20,No,No,3,5,Medium,No
E0837,33,Female,Married,Master,HR,HR Executive,10/27/2013,12,13,Full-time,"Angular, Vue.js, C#",Yes,Q1/2025,3.1,DevOps Automation,39.5,55,No,Yes,1,3,Low,No
E0838,32,Female,Single,Master,Sales,Sales Executive,6/27/2020,5,5,Full-time,"SQL, Java, Docker, React",No,Q1/2025,4.3,API Development,79.5,25,No,No,5,4,Medium,No
E0839,29,Female,Married,Bachelor,HR,HR Executive,9/20/2017,8,10,Full-time,"Kubernetes, React, C#",Yes,Q1/2025,4.1,AI/ML Model Deployment,89.3,34,No,No,1,1,High,No
E0840,25,Female,Married,Master,Sales,Account Manager,5/17/2016,9,11,Full-time,"NoSQL, AWS, SQL, Python, Azure",No,Q1/2025,3.7,AI/ML Model Deployment,60.3,37,Yes,No,4,1,Medium,No
E0841,28,Female,Married,College,QA,Test Analyst,10/31/2018,7,10,Full-time,"Angular, SQL, NoSQL, Azure, Java",No,Q1/2025,3.6,Cybersecurity Implementation,87.5,35,No,No,3,2,High,No
E0842,22,Male,Married,Master,Finance,Finance Manager,9/25/2023,2,3,Full-time,"React, NoSQL, Docker, AWS",Yes,Q1/2025,2.9,Mobile App Design,71.5,26,No,Yes,2,2,Medium,No
E0843,38,Female,Single,Bachelor,Sales,Account Manager,10/15/2013,12,14,Full-time,"Python, SQL, Angular, C#",Yes,Q1/2025,3.8,DevOps Automation,52.2,79,Yes,No,3,2,Low,Yes
E0844,27,Male,Single,Master,IT,Software Engineer,3/26/2014,11,11,Full-time,"NoSQL, Python, SQL, React, GCP",Yes,Q1/2025,3.9,Mobile App Design,52.3,46,No,No,1,1,Low,No
E0845,23,Female,Single,Master,HR,HR Executive,6/17/2018,7,9,Full-time,"Vue.js, NoSQL, Python, Docker",Yes,Q1/2025,4.8,API Development,44.9,35,No,No,4,4,Medium,No
E0846,29,Female,Single,Bachelor,Finance,Financial Analyst,12/24/2020,5,8,Full-time,"Java, React",Yes,Q1/2025,4.8,Web Application Development,85.8,28,No,No,3,2,Low,No
E0847,28,Female,Married,Master,HR,Recruiter,4/14/2017,8,10,Full-time,"Azure, SQL, Java, Python",Yes,Q1/2025,4.0,AI/ML Model Deployment,66.5,32,No,No,5,3,High,No
E0848,28,Female,Single,Bachelor,Finance,Accountant,1/29/2019,6,8,Full-time,"Angular, Azure, C#, Docker, SQL",No,Q1/2025,3.7,Data Analytics Platform,90.4,27,No,No,5,4,Low,No
E0849,29,Female,Single,Master,Finance,Financial Analyst,6/17/2017,8,11,Full-time,"Angular, Python",No,Q1/2025,4.5,Cloud Migration,61.6,31,Yes,No,2,3,Medium,No
E0850,22,Female,Single,Bachelor,IT,IT Support,11/27/2010,15,18,Contractor,"C#, Docker, GCP, Java, Kubernetes",No,Q1/2025,4.6,Cloud Migration,61.1,58,No,No,5,2,Medium,No
E0851,35,Male,Married,Bachelor,Sales,Sales Executive,6/24/2015,10,11,Full-time,"Angular, Python",No,Q1/2025,4.5,Cloud Migration,91.7,44,No,No,4,3,Low,No
E0852,26,Female,Married,Bachelor,Sales,Sales Executive,10/25/2020,5,7,Full-time,"NoSQL, AWS",Yes,Q1/2025,3.7,Mobile App Design,82.9,25,Yes,No,2,1,Medium,No
E0853,26,Female,Single,Master,HR,HR Executive,11/28/2014,11,12,Full-time,"NoSQL, Java, Angular, React",No,Q1/2025,4.3,Cybersecurity Implementation,84.9,52,No,No,3,5,Low,No
E0854,23,Female,Married,Master,HR,Recruiter,9/2/2012,13,15,Full-time,"GCP, AWS",Yes,Q1/2025,4.1,API Development,54.9,44,Yes,No,4,5,Low,No
E0855,26,Male,Single,Bachelor,IT,Software Engineer,8/18/2011,14,16,Full-time,"Azure, GCP",Yes,Q1/2025,3.2,DevOps Automation,83.8,54,No,Yes,2,5,Low,No
E0856,28,Female,Single,Bachelor,HR,HR Executive,10/16/2018,7,10,Full-time,"Angular, Python, Kubernetes, GCP",Yes,Q1/2025,4.2,Cloud Migration,68.9,25,No,No,4,2,Medium,No
E0857,24,Female,Single,Bachelor,HR,Recruiter,4/22/2014,11,12,Full-time,"SQL, Kubernetes",No,Q1/2025,4.6,AI/ML Model Deployment,86.1,57,No,No,5,1,Medium,No
E0858,28,Male,Single,Bachelor,Finance,Financial Analyst,9/27/2010,15,15,Contractor,"React, Kubernetes, NoSQL",Yes,Q1/2025,4.1,DevOps Automation,67.2,41,No,No,2,3,High,No
E0859,29,Male,Single,Master,Marketing,Content Specialist,12/25/2015,10,10,Part-time,"GCP, Java, SQL",No,Q1/2025,4.2,API Development,78.6,57,No,No,2,5,High,No
E0860,27,Male,Single,Bachelor,Sales,Account Manager,1/28/2023,2,3,Full-time,"Java, GCP, AWS, Angular, Azure",Yes,Q1/2025,4.1,DevOps Automation,78.1,26,No,No,4,3,Medium,No
E0861,24,Female,Single,Bachelor,IT,DevOps Engineer,11/12/2021,4,5,Full-time,"Java, Docker, Kubernetes, AWS",Yes,Q1/2025,3.3,Web Application Development,77.5,19,No,Yes,2,1,Low,No
E0862,37,Male,Single,Bachelor,Finance,Finance Manager,8/10/2022,3,4,Full-time,"Angular, AWS, Docker",Yes,Q1/2025,3.8,Web Application Development,74.6,19,No,No,2,5,Low,Yes
E0863,37,Male,Married,Bachelor,Sales,Account Manager,12/24/2019,6,7,Full-time,"SQL, Python, Kubernetes, Azure, AWS",No,Q1/2025,4.0,API Development,55.4,46,No,No,1,4,High,Yes
E0864,28,Female,Married,Bachelor,HR,HR Executive,2/16/2020,5,6,Full-time,"AWS, C#, Java, SQL, Azure",Yes,Q1/2025,3.4,Cloud Migration,39.4,34,No,Yes,3,1,Medium,No
E0865,28,Female,Single,Bachelor,Sales,Account Manager,8/18/2017,8,8,Full-time,"Java, Azure, C#",Yes,Q1/2025,3.7,AI/ML Model Deployment,69.9,47,No,No,3,2,Low,No
E0866,25,Female,Single,Bachelor,IT,DevOps Engineer,4/3/2013,12,13,Part-time,"Vue.js, Python",No,Q1/2025,2.9,Mobile App Design,85.5,56,No,Yes,3,5,High,Yes
E0867,25,Female,Single,Bachelor,QA,QA Engineer,2/16/2010,15,16,Full-time,"GCP, AWS, SQL, Kubernetes, Python",No,Q1/2025,3.1,DevOps Automation,87.7,35,No,Yes,5,4,Low,No
E0868,32,Male,Married,PhD,HR,HR Executive,10/11/2019,6,6,Full-time,"NoSQL, Java, Azure, SQL, Kubernetes",Yes,Q1/2025,3.2,Mobile App Design,93.6,29,No,Yes,5,5,High,No
E0869,23,Female,Married,Bachelor,HR,Recruiter,2/10/2013,12,14,Full-time,"SQL, Python, GCP, AWS, Vue.js",No,Q1/2025,3.9,Cloud Migration,55.2,50,No,No,2,3,Low,No
E0870,25,Male,Single,Master,Sales,Account Manager,8/8/2014,11,11,Full-time,"GCP, Kubernetes, Azure, Python",Yes,Q1/2025,4.8,Data Analytics Platform,88.0,67,No,No,3,3,Low,No
E0871,24,Male,Married,Bachelor,Marketing,Content Specialist,10/5/2017,8,10,Full-time,"C#, GCP, React, NoSQL",No,Q1/2025,2.8,Cybersecurity Implementation,82.5,32,No,Yes,5,1,Low,No
E0872,25,Male,Single,Bachelor,Sales,Sales Executive,5/16/2023,2,4,Full-time,"C#, Vue.js, Docker, NoSQL, Azure",Yes,Q1/2025,3.0,Cybersecurity Implementation,75.3,20,No,Yes,3,1,Low,No
E0873,26,Other,Married,Bachelor,Marketing,Digital Marketer,3/28/2010,15,15,Full-time,"AWS, Angular, Docker, NoSQL, Vue.js",Yes,Q1/2025,3.6,Data Analytics Platform,39.7,48,No,No,2,3,Medium,No
E0874,27,Male,Married,Bachelor,Finance,Accountant,5/6/2016,9,10,Contractor,"C#, Python, React, AWS, Vue.js",Yes,Q1/2025,3.9,API Development,66.9,35,No,No,3,1,Low,No
E0875,32,Male,Single,Bachelor,IT,DevOps Engineer,12/1/2017,8,9,Full-time,"Docker, Kubernetes, AWS",Yes,Q1/2025,5.0,DevOps Automation,41.5,34,Yes,No,5,3,High,No
E0876,27,Male,Married,Master,Sales,Sales Executive,4/3/2017,8,9,Full-time,"Kubernetes, Docker, Azure",Yes,Q1/2025,4.3,AI/ML Model Deployment,76.6,30,No,No,2,4,Low,No
E0877,27,Male,Single,Bachelor,Finance,Financial Analyst,12/11/2020,5,5,Full-time,"Vue.js, AWS, Docker",Yes,Q1/2025,4.2,Web Application Development,85.1,35,No,No,3,2,Low,No
E0878,37,Female,Married,PhD,QA,Test Analyst,4/17/2021,4,7,Full-time,"Vue.js, NoSQL, Azure, Angular, C#",Yes,Q1/2025,2.7,API Development,42.4,13,No,Yes,3,1,Low,Yes
E0879,35,Female,Married,College,Sales,Account Manager,4/20/2017,8,9,Full-time,"Java, React, C#",No,Q1/2025,3.9,DevOps Automation,84.2,47,No,No,3,3,Low,No
E0880,27,Female,Married,Bachelor,QA,QA Engineer,8/13/2019,6,7,Full-time,"Angular, AWS, SQL, Azure",Yes,Q1/2025,4.7,Cloud Migration,61.2,29,No,No,2,4,Low,No
E0881,33,Female,Single,Master,QA,Test Analyst,8/14/2013,12,15,Full-time,"Vue.js, AWS, C#",No,Q1/2025,3.4,API Development,84.6,35,No,Yes,2,5,Medium,No
E0882,42,Male,Single,Master,HR,HR Executive,8/11/2019,6,8,Full-time,"GCP, Angular",No,Q1/2025,4.3,AI/ML Model Deployment,60.9,31,No,No,4,3,Low,Yes
E0883,35,Male,Married,Bachelor,Finance,Accountant,6/26/2021,4,7,Full-time,"GCP, Kubernetes",Yes,Q1/2025,3.1,Web Application Development,88.1,14,No,Yes,3,5,Medium,No
E0884,28,Male,Single,Master,IT,System Admin,9/28/2011,14,16,Full-time,"Docker, GCP, AWS, React, Java",Yes,Q1/2025,4.2,Web Application Development,70.8,55,No,No,2,1,Low,No
E0885,35,Male,Single,Master,HR,HR Executive,10/9/2016,9,12,Full-time,"C#, Azure, SQL",No,Q1/2025,3.0,Cloud Migration,72.4,35,No,Yes,3,5,Low,No
E0886,23,Male,Married,Bachelor,HR,Recruiter,4/8/2016,9,12,Full-time,"NoSQL, Azure, AWS",Yes,Q1/2025,4.4,Data Analytics Platform,56.1,24,No,No,4,4,Low,No
E0887,28,Female,Single,Master,Finance,Financial Analyst,12/10/2022,3,5,Part-time,"Azure, SQL, Java, C#, Kubernetes",No,Q1/2025,2.5,Cloud Migration,84.5,15,No,Yes,1,2,Low,No
E0888,28,Male,Married,Bachelor,Finance,Financial Analyst,9/20/2014,11,12,Full-time,"SQL, Vue.js, C#, Azure, AWS",No,Q1/2025,3.2,Cloud Migration,74.9,41,Yes,Yes,1,2,Medium,No
E0889,23,Male,Married,Master,Finance,Accountant,10/5/2013,12,12,Full-time,"Angular, AWS",Yes,Q1/2025,3.9,Web Application Development,97.3,37,No,No,3,5,Low,No
E0890,32,Male,Married,Master,IT,DevOps Engineer,10/13/2021,4,5,Full-time,"React, Docker, GCP, Java",No,Q1/2025,4.8,API Development,63.4,14,Yes,No,2,2,High,No
E0891,26,Female,Married,College,HR,HR Executive,4/22/2022,3,3,Full-time,"Angular, React",Yes,Q1/2025,3.8,Cybersecurity Implementation,74.7,15,No,No,4,1,Low,No
E0892,35,Female,Single,PhD,HR,Recruiter,6/28/2015,10,11,Full-time,"Java, React, C#",Yes,Q1/2025,3.2,Mobile App Design,52.5,57,No,Yes,2,1,Low,No
E0893,25,Female,Married,Bachelor,Marketing,Digital Marketer,2/20/2020,5,8,Full-time,"Python, Java, Azure",No,Q1/2025,4.4,DevOps Automation,67.4,34,No,No,5,4,High,No
E0894,30,Male,Married,Master,IT,System Admin,6/6/2011,14,15,Full-time,"Vue.js, React, AWS, Python, C#",Yes,Q1/2025,4.0,API Development,79.6,42,No,No,3,2,Low,No
E0895,22,Male,Married,Bachelor,QA,QA Engineer,9/2/2024,1,4,Part-time,"C#, NoSQL, Azure, Angular",Yes,Q1/2025,4.1,DevOps Automation,88.7,12,No,Yes,1,1,Medium,No
E0896,26,Male,Married,Bachelor,HR,Recruiter,1/8/2013,12,15,Full-time,"Kubernetes, Java, C#",Yes,Q1/2025,3.3,DevOps Automation,66.4,35,No,Yes,3,2,Low,No
E0897,27,Male,Married,Master,HR,HR Executive,4/12/2021,4,4,Contractor,"Docker, Java",Yes,Q1/2025,3.8,Cybersecurity Implementation,89.9,13,No,No,1,2,Medium,No
E0898,23,Male,Married,PhD,Marketing,Digital Marketer,2/7/2018,7,9,Full-time,"C#, Angular, AWS",No,Q1/2025,3.3,DevOps Automation,54.3,26,No,Yes,2,1,Low,No
E0899,31,Female,Single,Bachelor,IT,Software Engineer,12/1/2021,4,5,Full-time,"Kubernetes, Azure, GCP, NoSQL, Vue.js",Yes,Q1/2025,4.2,DevOps Automation,81.3,19,No,No,3,3,Low,No
E0900,33,Female,Married,Bachelor,IT,DevOps Engineer,10/1/2013,12,15,Full-time,"Python, Java, NoSQL, AWS, GCP",No,Q1/2025,4.2,AI/ML Model Deployment,88.8,45,Yes,No,4,5,Low,No
E0901,24,Male,Single,Master,Marketing,Content Specialist,6/6/2011,14,15,Full-time,"AWS, Java",No,Q1/2025,3.9,Web Application Development,89.5,51,No,No,1,1,High,No
E0902,32,Female,Single,Bachelor,IT,IT Support,11/11/2015,10,11,Full-time,"Kubernetes, SQL",Yes,Q1/2025,4.6,Data Analytics Platform,49.1,55,No,No,3,4,Low,No
E0903,37,Female,Single,Master,IT,Software Engineer,12/20/2020,5,5,Full-time,"AWS, NoSQL, GCP, Vue.js",Yes,Q1/2025,3.1,Data Analytics Platform,80.8,24,Yes,Yes,1,5,Low,Yes
E0904,27,Male,Married,Master,HR,Recruiter,8/22/2015,10,12,Part-time,"Angular, Docker, SQL, GCP, C#",Yes,Q1/2025,3.4,Cybersecurity Implementation,83.1,50,No,Yes,4,1,Low,No
E0905,37,Female,Single,Bachelor,Sales,Account Manager,2/2/2016,9,9,Full-time,"NoSQL, Java",Yes,Q1/2025,2.3,Web Application Development,83.0,47,No,Yes,1,1,Medium,Yes
E0906,28,Male,Single,Master,Finance,Accountant,8/4/2012,13,16,Full-time,"Azure, Python, Vue.js, React",No,Q1/2025,3.3,DevOps Automation,25.2,42,No,Yes,3,5,Medium,No
E0907,36,Male,Married,Bachelor,Finance,Financial Analyst,11/23/2014,11,13,Full-time,"GCP, React, NoSQL, Java, SQL",Yes,Q1/2025,4.5,Mobile App Design,81.7,44,No,No,3,1,Low,No
E0908,37,Male,Single,Bachelor,Sales,Sales Executive,3/17/2019,6,8,Full-time,"React, NoSQL, C#, Vue.js",Yes,Q1/2025,3.9,API Development,79.7,27,No,No,1,1,Medium,Yes
E0909,35,Female,Single,Bachelor,QA,QA Engineer,10/7/2015,10,12,Full-time,"AWS, Kubernetes",No,Q1/2025,4.4,API Development,68.1,38,No,No,2,1,Medium,No
E0910,36,Female,Single,Master,Finance,Accountant,6/17/2014,11,13,Full-time,"C#, Java, SQL, Kubernetes, Python",No,Q1/2025,4.2,AI/ML Model Deployment,73.6,35,No,No,4,3,Low,No
E0911,27,Male,Married,Bachelor,Sales,Sales Executive,6/11/2022,3,4,Contractor,"Kubernetes, Python, AWS, C#",Yes,Q1/2025,2.8,AI/ML Model Deployment,92.4,14,No,Yes,4,1,Medium,No
E0912,33,Male,Single,Bachelor,Sales,Account Manager,3/23/2019,6,7,Full-time,"C#, AWS",No,Q1/2025,4.5,Cloud Migration,86.2,46,No,No,5,5,Low,No
E0913,25,Female,Single,Master,QA,Test Analyst,7/27/2013,12,15,Full-time,"Python, Azure, Vue.js, React",No,Q1/2025,3.2,Mobile App Design,45.6,40,No,Yes,1,4,High,No
E0914,30,Female,Single,Bachelor,QA,QA Engineer,12/14/2011,14,16,Full-time,"Java, Kubernetes, Azure, Docker",Yes,Q1/2025,3.3,Mobile App Design,81.9,43,No,Yes,5,4,Low,No
E0915,29,Male,Single,Bachelor,IT,System Admin,6/7/2023,2,4,Full-time,"Java, Kubernetes, Python",Yes,Q1/2025,3.7,Mobile App Design,58.6,14,No,No,3,5,Medium,No
E0916,27,Female,Single,Bachelor,HR,HR Executive,10/12/2020,5,7,Contractor,"Angular, AWS, Docker",Yes,Q1/2025,4.3,AI/ML Model Deployment,75.3,26,No,No,3,4,Low,No
E0917,37,Other,Married,Bachelor,Finance,Accountant,5/8/2014,11,14,Full-time,"Java, Angular",Yes,Q1/2025,4.1,DevOps Automation,78.0,39,No,No,5,2,High,Yes
E0918,33,Female,Married,Bachelor,HR,Recruiter,11/20/2017,8,9,Part-time,"C#, React, Python, Angular",Yes,Q1/2025,4.2,Mobile App Design,89.8,34,No,No,1,2,Low,No
E0919,24,Female,Married,Bachelor,Sales,Sales Executive,1/11/2019,6,8,Full-time,"GCP, Python, React, Angular",Yes,Q1/2025,4.5,Mobile App Design,54.7,21,No,No,4,1,Medium,No
E0920,27,Male,Single,Bachelor,Finance,Finance Manager,11/26/2010,15,18,Full-time,"Docker, Kubernetes",No,Q1/2025,4.2,Data Analytics Platform,64.6,77,No,No,4,5,Medium,No
E0921,27,Male,Single,Bachelor,HR,Recruiter,8/9/2013,12,14,Full-time,"AWS, Docker, Azure, NoSQL",No,Q1/2025,3.6,Web Application Development,86.7,54,No,No,4,5,Low,No
E0922,34,Female,Single,Bachelor,Sales,Account Manager,6/11/2011,14,17,Full-time,"Java, Azure",Yes,Q1/2025,3.7,AI/ML Model Deployment,81.5,51,No,No,3,2,Medium,No
E0923,23,Male,Married,Bachelor,IT,IT Support,5/28/2016,9,9,Full-time,"React, Azure",Yes,Q1/2025,3.8,Cybersecurity Implementation,65.1,26,No,No,4,2,Low,No
E0924,22,Female,Single,Bachelor,Marketing,Digital Marketer,3/7/2017,8,9,Full-time,"NoSQL, C#, Angular, AWS",No,Q1/2025,2.7,AI/ML Model Deployment,61.8,23,No,Yes,4,3,Medium,No
E0925,26,Female,Married,Bachelor,Marketing,Digital Marketer,9/12/2013,12,13,Full-time,"Angular, C#, Python, NoSQL, Vue.js",Yes,Q1/2025,5.0,Web Application Development,40.6,50,No,No,1,5,Low,No
E0926,22,Female,Married,PhD,HR,HR Executive,11/13/2021,4,4,Full-time,"Angular, Docker, SQL, C#",No,Q1/2025,3.9,DevOps Automation,76.1,14,No,No,1,4,Medium,No
E0927,42,Female,Single,Master,IT,IT Support,9/13/2022,3,6,Part-time,"C#, NoSQL",Yes,Q1/2025,3.5,Web Application Development,89.7,17,No,No,3,4,Low,Yes
E0928,27,Male,Single,College,IT,DevOps Engineer,12/31/2017,8,10,Full-time,"Java, Vue.js",No,Q1/2025,4.1,Mobile App Design,74.5,26,Yes,No,5,1,Low,No
E0929,40,Female,Divorced,Bachelor,Marketing,Business Analyst,2/24/2016,9,10,Full-time,"C#, Azure",Yes,Q1/2025,4.5,AI/ML Model Deployment,43.1,30,No,No,4,3,High,Yes
E0930,24,Female,Single,Bachelor,IT,DevOps Engineer,1/21/2013,12,15,Full-time,"React, SQL, Kubernetes, Vue.js",Yes,Q1/2025,3.9,AI/ML Model Deployment,67.5,35,No,No,2,3,High,No
E0931,28,Female,Single,Bachelor,QA,QA Engineer,3/19/2012,13,15,Full-time,"Vue.js, Angular, Python, GCP",No,Q1/2025,4.3,Data Analytics Platform,92.8,44,No,No,4,3,Medium,No
E0932,35,Female,Married,College,HR,HR Executive,6/27/2015,10,13,Contractor,"Angular, AWS, Azure, Kubernetes, Java",Yes,Q1/2025,5.0,Cybersecurity Implementation,48.5,53,No,No,2,4,Low,No
E0933,32,Male,Married,Bachelor,QA,QA Engineer,4/26/2019,6,9,Full-time,"Vue.js, SQL, Python, AWS, GCP",No,Q1/2025,4.7,Cybersecurity Implementation,89.6,20,No,No,2,1,Low,No
E0934,24,Other,Divorced,Bachelor,Finance,Finance Manager,9/20/2013,12,15,Full-time,"Vue.js, React, Angular",Yes,Q1/2025,4.5,API Development,60.4,81,No,No,4,4,Medium,No
E0935,26,Female,Single,Bachelor,HR,Recruiter,3/6/2018,7,8,Full-time,"Angular, NoSQL, Docker, Python",No,Q1/2025,4.3,API Development,53.4,25,No,No,2,4,Medium,No
E0936,22,Female,Single,Bachelor,QA,Test Analyst,7/30/2012,13,15,Full-time,"C#, AWS",Yes,Q1/2025,4.0,Mobile App Design,63.6,49,No,No,4,5,Medium,No
E0937,22,Female,Married,Master,Finance,Accountant,4/22/2021,4,4,Contractor,"Kubernetes, Azure, C#, NoSQL",Yes,Q1/2025,4.5,Data Analytics Platform,61.4,18,No,No,1,5,Medium,No
E0938,34,Female,Married,Bachelor,HR,HR Executive,10/12/2023,2,4,Full-time,"C#, AWS, React, GCP, Java",Yes,Q1/2025,3.0,AI/ML Model Deployment,59.9,19,No,Yes,2,5,Low,No
E0939,30,Male,Married,Master,QA,QA Engineer,9/28/2019,6,6,Full-time,"Java, Python",Yes,Q1/2025,3.4,AI/ML Model Deployment,68.7,29,No,Yes,4,4,Low,No
E0940,28,Male,Married,Bachelor,QA,Test Analyst,10/11/2012,13,14,Full-time,"AWS, Java",No,Q1/2025,3.4,Mobile App Design,82.5,55,Yes,Yes,1,2,High,No
E0941,32,Male,Single,Bachelor,IT,Software Engineer,2/14/2015,10,13,Full-time,"React, Vue.js, Angular",Yes,Q1/2025,4.1,API Development,57.7,42,Yes,No,1,4,Medium,No
E0942,22,Male,Single,Bachelor,Sales,Account Manager,8/14/2020,5,8,Full-time,"Java, Vue.js, Python, GCP, Docker",Yes,Q1/2025,4.1,Mobile App Design,62.3,42,Yes,No,1,4,High,No
E0943,32,Male,Single,College,HR,Recruiter,10/18/2010,15,15,Part-time,"Java, Docker, Azure, GCP",Yes,Q1/2025,4.6,AI/ML Model Deployment,69.7,45,No,No,2,4,Low,No
E0944,32,Male,Married,Bachelor,QA,Test Analyst,12/1/2015,10,13,Full-time,"NoSQL, Python, AWS, React, GCP",Yes,Q1/2025,3.7,Web Application Development,43.2,59,No,No,4,5,Low,No
E0945,27,Male,Married,Bachelor,Sales,Account Manager,1/22/2019,6,7,Full-time,"Docker, Python, Azure, React, C#",Yes,Q1/2025,3.8,Mobile App Design,78.6,46,No,No,3,4,Medium,No
E0946,32,Female,Married,Master,HR,Recruiter,9/5/2022,3,3,Full-time,"AWS, Python",No,Q1/2025,4.2,API Development,36.8,19,No,No,3,5,Low,No
E0947,29,Female,Single,Bachelor,QA,QA Engineer,4/13/2023,2,3,Full-time,"Angular, Docker, Azure, C#, Java",Yes,Q1/2025,3.3,Data Analytics Platform,56.7,12,No,Yes,5,4,High,No
E0948,27,Male,Single,Bachelor,Marketing,Digital Marketer,10/26/2021,4,4,Full-time,"Python, SQL, Angular, Vue.js, GCP",No,Q1/2025,3.7,Data Analytics Platform,82.5,15,No,No,1,3,Low,No
E0949,22,Female,Single,Bachelor,HR,Recruiter,12/24/2018,7,7,Part-time,"SQL, Python",Yes,Q1/2025,5.0,DevOps Automation,86.0,26,No,No,1,4,Low,No
E0950,24,Female,Single,Master,HR,HR Executive,9/13/2010,15,15,Part-time,"Python, NoSQL, Java, Kubernetes",Yes,Q1/2025,3.8,Data Analytics Platform,98.7,55,No,No,1,2,High,No
E0951,31,Male,Married,Bachelor,Sales,Sales Executive,2/3/2016,9,12,Full-time,"AWS, GCP, Python, Java",Yes,Q1/2025,3.8,Cloud Migration,89.4,24,No,No,1,1,Low,No
E0952,30,Male,Married,College,Sales,Sales Executive,7/6/2020,5,7,Full-time,"React, Python, SQL",Yes,Q1/2025,2.2,AI/ML Model Deployment,46.7,20,No,Yes,3,1,High,Yes
E0953,34,Female,Single,Master,QA,Test Analyst,8/3/2010,15,17,Part-time,"NoSQL, Azure, AWS",Yes,Q1/2025,2.8,DevOps Automation,80.0,53,No,Yes,3,4,Medium,No
E0954,30,Male,Married,PhD,QA,QA Engineer,5/5/2023,2,2,Full-time,"NoSQL, AWS, Java, React",No,Q1/2025,3.9,AI/ML Model Deployment,82.3,14,No,No,2,3,Medium,No
E0955,34,Female,Single,Bachelor,IT,IT Support,10/22/2018,7,7,Full-time,"Kubernetes, Angular, AWS, React",Yes,Q1/2025,3.1,AI/ML Model Deployment,75.2,30,No,Yes,5,4,Low,No
E0956,27,Male,Single,Bachelor,QA,Test Analyst,5/8/2010,15,15,Contractor,"AWS, Angular, C#",Yes,Q1/2025,3.6,Data Analytics Platform,81.8,40,No,No,5,1,Low,No
E0957,24,Male,Married,Master,QA,QA Engineer,11/13/2020,5,6,Full-time,"Vue.js, Java, NoSQL, Docker",Yes,Q1/2025,3.5,AI/ML Model Deployment,64.8,27,Yes,No,3,3,Low,No
E0958,30,Female,Married,Master,QA,QA Engineer,11/25/2022,3,5,Full-time,"Java, Kubernetes",No,Q1/2025,3.6,AI/ML Model Deployment,37.3,19,No,No,3,4,Medium,No
E0959,32,Male,Married,Bachelor,IT,IT Support,12/3/2023,2,3,Full-time,"Vue.js, Angular, Java",No,Q1/2025,3.5,Cloud Migration,83.9,19,No,No,3,5,Low,No
E0960,31,Female,Single,Master,QA,QA Engineer,12/20/2012,13,14,Full-time,"React, SQL, C#, Vue.js",No,Q1/2025,3.7,Web Application Development,68.8,37,No,No,3,1,Low,No
E0961,35,Male,Married,College,Marketing,Business Analyst,3/13/2019,6,9,Part-time,"Azure, AWS, Python, Vue.js, NoSQL",No,Q1/2025,3.4,AI/ML Model Deployment,69.7,33,No,Yes,3,5,Low,No
E0962,24,Male,Married,Bachelor,Finance,Accountant,8/16/2020,5,5,Full-time,"Python, React, Docker",Yes,Q1/2025,3.5,API Development,48.0,25,No,No,5,1,High,No
E0963,31,Other,Single,Bachelor,HR,Recruiter,7/5/2019,6,9,Full-time,"Vue.js, GCP, Azure",Yes,Q1/2025,3.8,Mobile App Design,84.9,27,Yes,No,4,4,Medium,No
E0964,25,Female,Married,Bachelor,Marketing,Business Analyst,1/11/2018,7,9,Full-time,"SQL, Kubernetes, NoSQL, Angular, Python",No,Q1/2025,3.3,Data Analytics Platform,31.5,30,No,Yes,2,2,Medium,No
E0965,26,Male,Married,PhD,Sales,Sales Executive,12/23/2015,10,10,Full-time,"Kubernetes, Docker, C#, Vue.js, Azure",Yes,Q1/2025,3.8,AI/ML Model Deployment,60.5,55,No,No,4,3,Low,No
E0966,40,Female,Single,Bachelor,Finance,Financial Analyst,2/26/2022,3,4,Full-time,"GCP, Azure, C#",Yes,Q1/2025,4.5,DevOps Automation,69.4,14,Yes,No,1,5,Low,Yes
E0967,30,Female,Single,Bachelor,Sales,Sales Executive,6/28/2012,13,16,Full-time,"AWS, Angular, React, Python, C#",No,Q1/2025,3.5,Mobile App Design,53.9,45,No,No,2,5,High,No
E0968,28,Male,Married,PhD,Marketing,Digital Marketer,1/22/2023,2,2,Full-time,"Vue.js, Azure, C#, Java, GCP",Yes,Q1/2025,4.1,Data Analytics Platform,72.3,13,No,No,2,2,Low,No
E0969,24,Female,Single,College,QA,QA Engineer,9/29/2010,15,17,Full-time,"Java, Angular, Kubernetes",No,Q1/2025,3.7,AI/ML Model Deployment,54.8,49,Yes,No,3,2,Low,No
E0970,24,Female,Single,Bachelor,QA,QA Engineer,12/2/2017,8,11,Full-time,"Java, Vue.js, AWS",No,Q1/2025,4.2,AI/ML Model Deployment,69.4,27,No,No,1,4,Low,No
E0971,29,Male,Single,Bachelor,Sales,Sales Executive,10/21/2020,5,7,Full-time,"Azure, SQL, Kubernetes, GCP",Yes,Q1/2025,4.1,Mobile App Design,44.7,25,No,No,1,3,High,No
E0972,32,Male,Married,Bachelor,HR,HR Executive,11/21/2019,6,8,Contractor,"AWS, Azure, Kubernetes",No,Q1/2025,3.0,DevOps Automation,90.5,20,No,Yes,1,5,Low,No
E0973,36,Female,Single,College,HR,HR Executive,3/18/2010,15,17,Full-time,"C#, GCP, NoSQL",Yes,Q1/2025,3.4,Data Analytics Platform,82.5,52,No,Yes,2,2,High,No
E0974,36,Female,Married,College,Sales,Sales Executive,4/26/2016,9,12,Full-time,"C#, Python",No,Q1/2025,4.6,Cloud Migration,50.9,23,No,No,2,4,Low,No
E0975,33,Female,Single,Master,HR,Recruiter,1/23/2023,2,3,Full-time,"AWS, Java, Docker",Yes,Q1/2025,4.7,Data Analytics Platform,79.1,19,No,No,1,3,Medium,No
E0976,26,Female,Married,Bachelor,Marketing,Digital Marketer,1/5/2022,3,3,Contractor,"Azure, AWS",Yes,Q1/2025,3.9,Cloud Migration,84.2,14,Yes,No,1,4,Low,No
E0977,27,Female,Single,Master,Finance,Finance Manager,2/19/2010,15,18,Full-time,"Angular, React",No,Q1/2025,3.2,Mobile App Design,90.9,82,No,Yes,5,1,Medium,No
E0978,29,Male,Single,Bachelor,Finance,Accountant,5/28/2015,10,12,Full-time,"Docker, NoSQL, Kubernetes, Python",Yes,Q1/2025,3.4,API Development,54.7,38,No,Yes,4,3,Low,No
E0979,31,Male,Single,Master,Sales,Account Manager,6/25/2011,14,14,Full-time,"Docker, React, GCP, Angular, SQL",No,Q1/2025,3.2,DevOps Automation,57.0,56,No,Yes,5,4,Low,No
E0980,26,Male,Married,Bachelor,Marketing,Content Specialist,5/9/2024,1,3,Full-time,"Angular, React, Docker",No,Q1/2025,3.3,Data Analytics Platform,85.8,11,No,Yes,5,5,Medium,No
E0981,33,Female,Married,Bachelor,Finance,Finance Manager,5/14/2022,3,3,Full-time,"C#, GCP, React, Angular, Java",No,Q1/2025,3.0,Cybersecurity Implementation,73.1,26,No,Yes,2,2,Medium,No
E0982,30,Female,Single,Bachelor,HR,Recruiter,10/11/2017,8,10,Full-time,"React, NoSQL, Angular",No,Q1/2025,4.5,API Development,63.7,22,No,No,3,5,Low,No
E0983,22,Male,Divorced,Bachelor,Marketing,Business Analyst,2/24/2010,15,17,Contractor,"Kubernetes, Vue.js, NoSQL, Docker",Yes,Q1/2025,4.3,Cybersecurity Implementation,66.7,36,No,No,4,3,Medium,No
E0984,31,Other,Single,Bachelor,QA,Test Analyst,8/25/2012,13,16,Full-time,"Angular, C#, Java",Yes,Q1/2025,4.1,AI/ML Model Deployment,51.9,53,No,No,1,5,Low,No
E0985,24,Female,Married,Master,Finance,Accountant,3/21/2012,13,15,Full-time,"Azure, C#, Vue.js, GCP, Docker",Yes,Q1/2025,2.6,Cloud Migration,81.9,58,No,Yes,2,1,Low,No
E0986,39,Other,Single,Bachelor,QA,QA Engineer,8/21/2012,13,16,Full-time,"Angular, Python",No,Q1/2025,3.8,Cybersecurity Implementation,82.0,43,No,No,4,1,Low,Yes
E0987,26,Male,Single,Master,IT,IT Support,12/22/2018,7,8,Full-time,"React, Java, GCP, Python, Azure",Yes,Q1/2025,3.2,DevOps Automation,84.4,22,No,Yes,1,1,Low,No
E0988,22,Female,Single,Master,Sales,Account Manager,6/10/2014,11,14,Full-time,"SQL, C#, Docker, AWS",No,Q1/2025,4.6,Web Application Development,87.3,78,Yes,No,2,2,High,No
E0989,29,Female,Married,Bachelor,Marketing,Digital Marketer,11/14/2010,15,15,Full-time,"Kubernetes, NoSQL, C#, Azure, Docker",Yes,Q1/2025,4.4,Cybersecurity Implementation,87.0,50,No,No,1,3,High,No
E0990,30,Female,Single,Master,QA,Test Analyst,12/16/2024,1,3,Part-time,"Python, Vue.js",Yes,Q1/2025,3.2,AI/ML Model Deployment,72.5,11,No,Yes,2,2,Low,No
E0991,31,Male,Single,Master,HR,HR Executive,10/18/2010,15,15,Full-time,"React, Azure, Java, NoSQL",No,Q1/2025,3.7,Cloud Migration,92.4,43,No,No,2,4,Medium,No
E0992,24,Male,Single,Master,HR,HR Executive,11/19/2023,2,2,Full-time,"NoSQL, React, Vue.js, C#, GCP",No,Q1/2025,4.3,Cybersecurity Implementation,82.9,14,No,No,4,2,Medium,No
E0993,25,Male,Married,Bachelor,IT,System Admin,8/18/2023,2,3,Part-time,"NoSQL, Vue.js, React",Yes,Q1/2025,2.8,API Development,51.6,15,No,Yes,1,4,Low,No
E0994,31,Female,Married,Bachelor,Finance,Accountant,7/9/2015,10,12,Full-time,"NoSQL, AWS",No,Q1/2025,3.5,AI/ML Model Deployment,39.0,40,Yes,No,1,2,Low,No
E0995,29,Male,Married,Master,Finance,Accountant,5/21/2016,9,10,Full-time,"SQL, Java, Kubernetes",No,Q1/2025,4.1,Data Analytics Platform,80.8,31,No,No,2,3,Low,No
E0996,22,Male,Single,PhD,HR,HR Executive,2/23/2015,10,12,Contractor,"GCP, Java",No,Q1/2025,3.6,Cloud Migration,62.5,45,No,No,5,2,Medium,No
E0997,35,Female,Married,Master,HR,Recruiter,3/23/2022,3,3,Full-time,"Azure, Vue.js, React",Yes,Q1/2025,2.9,Cybersecurity Implementation,67.9,16,No,Yes,4,2,Low,No
E0998,28,Female,Married,Bachelor,QA,Test Analyst,11/7/2013,12,13,Full-time,"Python, Kubernetes, GCP",Yes,Q1/2025,4.6,API Development,83.0,52,No,No,2,1,High,No
E0999,22,Male,Married,Bachelor,QA,QA Engineer,9/18/2019,6,8,Full-time,"React, Azure, Kubernetes, Vue.js, Docker",Yes,Q1/2025,3.1,Web Application Development,93.6,25,No,Yes,3,5,Low,No
E1000,32,Male,Married,College,IT,IT Support,12/14/2011,14,16,Full-time,"Azure, GCP",Yes,Q1/2025,3.3,AI/ML Model Deployment,82.0,48,No,Yes,1,5,Medium,No
E1001,31,Female,Single,Bachelor,Finance,Financial Analyst,12/21/2023,2,4,Part-time,"Kubernetes, Python",No,Q1/2025,3.9,Cloud Migration,38.9,13,No,No,1,1,Medium,No
E1002,32,Female,Single,Master,IT,DevOps Engineer,10/8/2022,3,3,Full-time,"Azure, React, Docker",No,Q1/2025,3.9,Web Application Development,65.4,17,Yes,No,5,4,Low,No
E1003,30,Male,Single,Bachelor,IT,DevOps Engineer,12/13/2017,8,11,Full-time,"GCP, Python, Kubernetes, Vue.js, AWS",Yes,Q1/2025,2.5,DevOps Automation,63.6,34,No,Yes,2,5,High,Yes
E1004,30,Female,Single,Bachelor,IT,IT Support,2/2/2014,11,11,Full-time,"AWS, GCP",No,Q1/2025,3.8,Cloud Migration,29.4,56,No,No,1,2,Low,No
E1005,31,Male,Married,Master,Marketing,Digital Marketer,2/21/2016,9,9,Contractor,"NoSQL, Angular, Kubernetes, Python, Azure",Yes,Q1/2025,3.5,Mobile App Design,68.4,34,No,No,4,4,Low,No
E1006,27,Female,Married,Master,IT,IT Support,1/3/2018,7,8,Full-time,"Docker, SQL, Python, Angular",No,Q1/2025,3.8,Mobile App Design,84.5,25,No,No,2,4,Low,No
E1007,31,Female,Single,Bachelor,Marketing,Business Analyst,3/18/2019,6,9,Contractor,"Java, NoSQL, GCP, Azure, Vue.js",Yes,Q1/2025,3.4,Cybersecurity Implementation,73.2,25,No,Yes,3,5,Low,No
E1008,30,Male,Single,Bachelor,Finance,Accountant,6/21/2010,15,16,Full-time,"Docker, Angular, React",No,Q1/2025,4.1,DevOps Automation,83.7,60,No,No,3,4,Medium,No
E1009,23,Male,Divorced,Master,Sales,Sales Executive,1/1/2016,9,11,Full-time,"NoSQL, Angular",No,Q1/2025,4.8,Cybersecurity Implementation,71.9,27,No,No,3,3,Medium,No
E1010,31,Male,Married,Bachelor,Marketing,Digital Marketer,11/24/2011,14,16,Full-time,"C#, React, Python",Yes,Q1/2025,3.3,Cloud Migration,76.5,43,No,Yes,2,5,Medium,No
E1011,32,Female,Married,Bachelor,Sales,Sales Executive,7/18/2019,6,8,Full-time,"NoSQL, Azure",Yes,Q1/2025,3.9,API Development,89.2,24,No,No,4,3,Low,No
E1012,27,Female,Single,Bachelor,QA,Test Analyst,1/9/2023,2,5,Full-time,"NoSQL, C#, Python",Yes,Q1/2025,4.4,Data Analytics Platform,84.2,20,No,No,3,4,High,No
E1013,35,Male,Married,Bachelor,IT,DevOps Engineer,2/16/2020,5,6,Part-time,"C#, Java",Yes,Q1/2025,4.7,Mobile App Design,61.8,26,No,No,5,4,Low,No
E1014,31,Female,Married,Master,IT,IT Support,7/14/2021,4,5,Contractor,"Java, Angular, Vue.js",Yes,Q1/2025,3.5,DevOps Automation,64.8,17,No,No,1,1,Low,No
E1015,32,Female,Single,Master,Sales,Sales Executive,10/22/2012,13,15,Part-time,"GCP, SQL, C#",Yes,Q1/2025,3.8,Data Analytics Platform,48.3,47,No,No,3,4,Low,No
E1016,30,Male,Single,Bachelor,QA,Test Analyst,6/4/2011,14,16,Full-time,"NoSQL, AWS, Python, GCP, SQL",No,Q1/2025,4.4,Cloud Migration,80.4,46,No,No,4,5,High,No
E1017,46,Male,Married,College,QA,Test Analyst,1/29/2017,8,8,Part-time,"Kubernetes, Angular",Yes,Q1/2025,5.0,Cybersecurity Implementation,74.4,26,Yes,No,2,5,Medium,Yes
E1018,29,Female,Married,Bachelor,Finance,Finance Manager,4/23/2020,5,6,Full-time,"C#, Kubernetes, Vue.js, NoSQL",Yes,Q1/2025,2.9,Cybersecurity Implementation,92.7,40,No,Yes,2,3,Low,No
E1019,36,Other,Single,Master,HR,HR Executive,6/30/2013,12,12,Full-time,"Kubernetes, NoSQL, Java, GCP, Docker",No,Q1/2025,3.6,Web Application Development,41.4,46,No,No,4,5,Medium,No
E1020,32,Female,Single,Master,IT,DevOps Engineer,4/22/2016,9,10,Full-time,"Python, Java, C#",No,Q1/2025,4.5,Web Application Development,26.8,33,No,No,2,3,Medium,No
E1021,34,Female,Single,Bachelor,Sales,Account Manager,10/28/2019,6,7,Contractor,"Java, Kubernetes",No,Q1/2025,3.5,Data Analytics Platform,88.3,46,No,No,1,4,Medium,No
E1022,33,Female,Married,Bachelor,Finance,Financial Analyst,8/18/2016,9,12,Part-time,"GCP, NoSQL, Kubernetes, Vue.js, Angular",Yes,Q1/2025,3.3,Data Analytics Platform,78.9,22,No,Yes,5,2,Medium,No
E1023,33,Female,Single,Bachelor,QA,QA Engineer,4/19/2023,2,3,Full-time,"C#, NoSQL",Yes,Q1/2025,5.0,Mobile App Design,66.9,12,No,No,3,3,High,No
E1024,28,Female,Single,Bachelor,HR,HR Executive,5/21/2020,5,7,Full-time,"NoSQL, C#",Yes,Q1/2025,4.3,AI/ML Model Deployment,84.3,29,No,No,5,1,Low,No
E1025,24,Male,Married,Bachelor,QA,QA Engineer,3/22/2024,1,2,Full-time,"Kubernetes, Angular",No,Q1/2025,3.3,DevOps Automation,12.9,9,No,Yes,5,5,Low,No
E1026,22,Male,Married,Master,IT,IT Support,4/11/2022,3,6,Full-time,"Kubernetes, Docker, Angular",Yes,Q1/2025,4.3,Cloud Migration,57.6,14,No,No,3,2,Low,No
E1027,33,Male,Single,Bachelor,Sales,Account Manager,5/27/2018,7,8,Contractor,"SQL, AWS",No,Q1/2025,3.3,Data Analytics Platform,72.5,35,No,Yes,1,3,Medium,No
E1028,27,Female,Married,Bachelor,Sales,Sales Executive,12/12/2023,2,3,Full-time,"Python, Vue.js, Azure",No,Q1/2025,4.3,API Development,62.3,14,No,No,3,2,Medium,No
E1029,30,Male,Single,Master,HR,Recruiter,1/11/2024,1,2,Full-time,"C#, Azure, Vue.js",Yes,Q1/2025,3.9,Web Application Development,45.9,12,No,Yes,2,2,High,No
E1030,37,Female,Single,College,Marketing,Digital Marketer,9/25/2021,4,6,Full-time,"Python, GCP, Vue.js",Yes,Q1/2025,3.4,Data Analytics Platform,74.4,13,Yes,Yes,4,2,Low,Yes
E1031,22,Female,Single,Bachelor,Finance,Financial Analyst,12/24/2024,1,2,Full-time,"GCP, SQL, C#, Docker, NoSQL",No,Q1/2025,4.1,AI/ML Model Deployment,74.4,10,No,Yes,3,3,Medium,No
E1032,30,Male,Married,Bachelor,HR,HR Executive,10/18/2021,4,7,Full-time,"Python, Angular",Yes,Q1/2025,3.6,API Development,64.0,16,Yes,No,2,1,High,No
E1033,35,Male,Single,Master,Finance,Finance Manager,8/11/2010,15,17,Full-time,"Docker, AWS, NoSQL",Yes,Q1/2025,3.9,AI/ML Model Deployment,70.9,61,No,No,1,5,Low,No
E1034,30,Female,Single,Bachelor,Sales,Sales Executive,12/6/2021,4,5,Full-time,"C#, Azure, AWS, Kubernetes, SQL",No,Q1/2025,3.4,DevOps Automation,70.9,16,No,Yes,4,4,Low,No
E1035,34,Female,Married,Master,IT,IT Support,4/6/2022,3,4,Full-time,"Java, Azure, C#",No,Q1/2025,3.6,Cloud Migration,63.7,16,No,No,1,3,Medium,No
E1036,33,Male,Single,Bachelor,HR,HR Executive,10/6/2015,10,12,Full-time,"Java, Kubernetes",No,Q1/2025,3.7,Mobile App Design,64.5,44,No,No,5,3,Medium,No
E1037,24,Female,Married,Bachelor,HR,HR Executive,8/23/2011,14,17,Full-time,"React, Docker",Yes,Q1/2025,3.1,AI/ML Model Deployment,83.5,53,Yes,Yes,2,2,Medium,No
E1038,34,Male,Single,Master,IT,System Admin,4/18/2015,10,12,Full-time,"Angular, React, AWS",No,Q1/2025,4.1,DevOps Automation,49.8,35,No,No,4,5,Low,No
E1039,25,Female,Married,College,Marketing,Digital Marketer,8/18/2024,1,2,Full-time,"NoSQL, Docker, React, GCP, C#",No,Q1/2025,3.9,Cybersecurity Implementation,89.9,12,No,Yes,4,1,Medium,No
E1040,29,Female,Married,PhD,Marketing,Content Specialist,3/22/2022,3,6,Full-time,"Docker, AWS, Angular",No,Q1/2025,3.3,API Development,86.2,12,No,Yes,5,2,Low,No
E1041,28,Male,Married,College,Finance,Finance Manager,6/25/2014,11,12,Contractor,"C#, Kubernetes, Azure, Java",Yes,Q1/2025,3.7,Mobile App Design,47.6,72,No,No,1,1,Low,No
E1042,25,Female,Single,Bachelor,IT,Software Engineer,2/6/2020,5,5,Part-time,"NoSQL, Java, Azure",Yes,Q1/2025,3.0,Mobile App Design,78.6,22,No,Yes,5,1,Low,No
E1043,23,Female,Married,Bachelor,HR,Recruiter,6/30/2019,6,7,Full-time,"SQL, GCP, Python",No,Q1/2025,3.9,Mobile App Design,67.3,24,No,No,4,5,Low,No
E1044,33,Male,Married,Bachelor,IT,DevOps Engineer,12/9/2010,15,17,Full-time,"Azure, AWS, NoSQL, GCP",No,Q1/2025,4.7,DevOps Automation,88.1,50,No,No,4,1,Medium,No
E1045,33,Female,Married,Bachelor,Finance,Accountant,10/17/2010,15,18,Full-time,"C#, Azure, Docker, GCP, Angular",Yes,Q1/2025,4.6,Web Application Development,92.5,43,No,No,5,5,Low,No
E1046,27,Female,Single,Bachelor,QA,Test Analyst,4/8/2021,4,6,Full-time,"NoSQL, Azure, AWS",No,Q1/2025,3.4,Web Application Development,88.1,20,No,Yes,4,5,High,No
E1047,33,Male,Single,Bachelor,Finance,Accountant,10/5/2023,2,4,Full-time,"Angular, NoSQL",Yes,Q1/2025,4.1,Mobile App Design,82.5,15,No,No,2,1,Medium,No
E1048,31,Other,Single,Bachelor,Marketing,Content Specialist,7/9/2023,2,4,Full-time,"Python, AWS",Yes,Q1/2025,4.5,DevOps Automation,53.9,19,Yes,No,2,1,Medium,No
E1049,28,Female,Married,Master,IT,System Admin,5/5/2024,1,3,Full-time,"Azure, NoSQL, Kubernetes",Yes,Q1/2025,3.6,Mobile App Design,62.1,11,Yes,Yes,4,3,High,No
E1050,31,Male,Single,Bachelor,QA,Test Analyst,7/24/2011,14,14,Full-time,"Azure, NoSQL",Yes,Q1/2025,4.5,DevOps Automation,54.8,40,No,No,5,3,Medium,No
E1051,28,Male,Single,Bachelor,Sales,Account Manager,5/8/2013,12,13,Full-time,"SQL, Python, GCP, Java, AWS",Yes,Q1/2025,3.5,AI/ML Model Deployment,78.2,67,No,No,2,4,Low,No
E1052,36,Female,Single,Bachelor,Sales,Account Manager,8/21/2015,10,12,Full-time,"Docker, Kubernetes",Yes,Q1/2025,4.5,Mobile App Design,90.3,65,No,No,1,4,Low,No
E1053,25,Female,Single,Master,Finance,Finance Manager,5/19/2010,15,16,Part-time,"Vue.js, Docker, C#",Yes,Q1/2025,3.6,AI/ML Model Deployment,36.4,82,No,No,3,4,Medium,No
E1054,31,Male,Single,Master,Sales,Account Manager,5/14/2018,7,7,Full-time,"Azure, Docker, Vue.js",Yes,Q1/2025,4.5,DevOps Automation,93.7,33,No,No,1,2,Low,No
E1055,25,Female,Single,Bachelor,Finance,Accountant,9/2/2010,15,16,Full-time,"C#, GCP, NoSQL, Java, Azure",No,Q1/2025,4.6,Cloud Migration,78.5,55,No,No,4,2,Low,No
E1056,33,Male,Married,Master,Finance,Financial Analyst,11/23/2016,9,10,Full-time,"AWS, Vue.js, C#, GCP",Yes,Q1/2025,3.5,DevOps Automation,78.5,34,No,No,3,1,Low,No
E1057,36,Female,Single,Bachelor,IT,IT Support,1/24/2013,12,12,Full-time,"AWS, GCP",Yes,Q1/2025,3.1,Data Analytics Platform,58.7,36,No,Yes,3,4,Low,No
E1058,29,Male,Single,Master,Sales,Account Manager,11/29/2021,4,4,Full-time,"Java, Kubernetes, NoSQL, Vue.js",Yes,Q1/2025,3.4,Cybersecurity Implementation,51.2,26,No,Yes,5,2,Low,No
E1059,31,Male,Married,College,HR,HR Executive,12/8/2022,3,3,Full-time,"SQL, React",Yes,Q1/2025,3.0,AI/ML Model Deployment,56.3,12,No,Yes,5,2,Medium,No
E1060,28,Female,Single,Bachelor,Finance,Financial Analyst,11/10/2022,3,4,Full-time,"C#, Vue.js, GCP, Java, SQL",Yes,Q1/2025,3.3,Mobile App Design,75.4,12,No,Yes,2,3,Medium,No
E1061,39,Male,Married,Bachelor,IT,Software Engineer,10/18/2016,9,12,Full-time,"React, Angular, SQL, Docker, Kubernetes",Yes,Q1/2025,4.8,Mobile App Design,55.1,35,No,No,4,5,High,Yes
E1062,38,Other,Single,Master,HR,Recruiter,3/6/2019,6,7,Full-time,"Angular, Vue.js, Python, Azure, GCP",No,Q1/2025,4.7,DevOps Automation,64.7,26,No,No,1,5,High,Yes
E1063,27,Female,Married,Bachelor,IT,Software Engineer,10/7/2014,11,13,Full-time,"Angular, C#, GCP, NoSQL",Yes,Q1/2025,3.5,Web Application Development,87.9,39,No,No,2,5,High,No
E1064,32,Male,Married,Bachelor,QA,Test Analyst,2/25/2021,4,6,Full-time,"Azure, Python",Yes,Q1/2025,5.0,Web Application Development,77.8,19,No,No,1,2,Low,No
E1065,26,Female,Married,Master,Marketing,Content Specialist,8/30/2021,4,7,Full-time,"NoSQL, Azure, AWS, Angular",No,Q1/2025,3.9,API Development,74.7,16,No,No,2,4,Low,No
E1066,22,Female,Married,Bachelor,Finance,Accountant,4/4/2024,1,1,Full-time,"GCP, Python, React",Yes,Q1/2025,5.0,API Development,68.1,10,Yes,Yes,2,5,High,No
E1067,33,Female,Married,Bachelor,Sales,Sales Executive,3/17/2023,2,4,Full-time,"Java, Kubernetes, SQL",Yes,Q1/2025,3.0,Cloud Migration,42.5,17,No,Yes,4,5,Low,No
E1068,32,Female,Single,Bachelor,QA,Test Analyst,4/29/2016,9,12,Full-time,"NoSQL, SQL",Yes,Q1/2025,3.5,Cybersecurity Implementation,60.6,20,No,No,1,1,Low,No
E1069,35,Male,Married,College,Finance,Accountant,1/21/2010,15,15,Full-time,"Vue.js, Java, React, Docker",Yes,Q1/2025,3.7,API Development,46.5,39,No,No,1,3,Low,No
E1070,35,Female,Single,Master,HR,Recruiter,12/11/2015,10,13,Contractor,"React, Docker, SQL, C#, Kubernetes",Yes,Q1/2025,4.1,Cybersecurity Implementation,94.3,44,No,No,5,1,Medium,No
E1071,27,Female,Married,PhD,Marketing,Content Specialist,1/6/2010,15,16,Full-time,"Kubernetes, GCP, React, Java",No,Q1/2025,3.7,Cybersecurity Implementation,27.6,39,No,No,2,3,Low,No
E1072,26,Female,Single,Bachelor,Marketing,Business Analyst,7/19/2011,14,17,Full-time,"AWS, React, Kubernetes",Yes,Q1/2025,5.0,Cloud Migration,98.6,53,No,No,4,4,Low,No
E1073,40,Female,Single,Bachelor,Marketing,Digital Marketer,4/2/2013,12,14,Full-time,"Java, Python, NoSQL, Azure, Kubernetes",No,Q1/2025,3.6,DevOps Automation,55.5,53,No,No,3,4,Medium,Yes
E1074,25,Male,Single,Bachelor,HR,HR Executive,3/7/2013,12,12,Full-time,"Python, Angular, C#",Yes,Q1/2025,3.7,Cloud Migration,31.5,58,No,No,3,3,Medium,No
E1075,25,Male,Married,Bachelor,Finance,Financial Analyst,1/17/2017,8,11,Contractor,"Azure, Python, Docker, Kubernetes, GCP",Yes,Q1/2025,2.2,Cloud Migration,95.1,30,No,Yes,3,5,Medium,No
E1076,32,Female,Married,Master,Sales,Sales Executive,4/21/2023,2,3,Full-time,"AWS, SQL, Kubernetes, C#",No,Q1/2025,3.9,Data Analytics Platform,87.6,20,Yes,No,4,5,High,No
E1077,26,Other,Married,Master,Sales,Sales Executive,3/26/2016,9,10,Full-time,"Azure, AWS, SQL",No,Q1/2025,3.7,Cybersecurity Implementation,90.7,31,No,No,3,5,Low,No
E1078,32,Male,Single,Master,Marketing,Content Specialist,2/26/2012,13,14,Full-time,"SQL, Python, Azure",Yes,Q1/2025,4.2,Cybersecurity Implementation,67.1,39,No,No,4,1,Low,No
E1079,29,Male,Single,Bachelor,HR,HR Executive,7/13/2023,2,3,Full-time,"React, Java, Azure",Yes,Q1/2025,4.2,Web Application Development,48.5,20,No,No,3,3,Low,No
E1080,35,Male,Married,Bachelor,QA,Test Analyst,9/4/2018,7,9,Full-time,"Angular, Vue.js, React",No,Q1/2025,4.5,Web Application Development,96.5,30,No,No,1,2,Low,No
E1081,28,Male,Divorced,College,QA,Test Analyst,11/9/2015,10,11,Full-time,"Azure, Docker, React, C#",Yes,Q1/2025,3.3,Data Analytics Platform,82.9,60,No,Yes,3,1,Low,No
E1082,35,Female,Married,Bachelor,Marketing,Content Specialist,1/26/2021,4,4,Full-time,"Python, React",Yes,Q1/2025,4.3,API Development,54.8,14,No,No,1,4,Low,No
E1083,30,Female,Single,Bachelor,IT,DevOps Engineer,4/5/2018,7,7,Full-time,"NoSQL, React, Docker, GCP",No,Q1/2025,3.7,Cybersecurity Implementation,81.4,30,No,No,5,1,Low,No
E1084,34,Male,Married,College,IT,IT Support,6/16/2016,9,11,Full-time,"Python, Kubernetes",Yes,Q1/2025,4.1,Cybersecurity Implementation,81.7,35,No,No,4,2,Low,No
E1085,40,Male,Married,Bachelor,IT,IT Support,8/28/2023,2,5,Full-time,"C#, NoSQL, Java, Python, Angular",Yes,Q1/2025,4.1,Mobile App Design,87.2,20,Yes,No,4,1,Medium,Yes
E1086,22,Female,Divorced,College,IT,IT Support,4/14/2022,3,4,Full-time,"Python, C#, React, Angular, Azure",No,Q1/2025,4.1,DevOps Automation,88.2,14,Yes,No,4,1,Low,No
E1087,30,Male,Married,Bachelor,IT,DevOps Engineer,3/7/2024,1,4,Full-time,"SQL, Kubernetes, NoSQL, C#",Yes,Q1/2025,3.9,Cloud Migration,56.2,8,No,Yes,3,3,Low,No
E1088,33,Female,Single,College,Marketing,Business Analyst,11/20/2019,6,8,Full-time,"GCP, C#",Yes,Q1/2025,3.6,DevOps Automation,40.3,31,No,No,2,1,Low,No
E1089,42,Female,Single,Master,Finance,Accountant,5/23/2020,5,7,Part-time,"NoSQL, SQL, Angular, Azure, AWS",No,Q1/2025,4.6,Mobile App Design,53.7,26,No,No,5,4,Low,Yes
E1090,25,Male,Divorced,Master,Finance,Finance Manager,10/30/2020,5,7,Full-time,"Python, AWS, React, Kubernetes",No,Q1/2025,4.0,API Development,70.4,29,Yes,No,3,5,Medium,No
E1091,31,Male,Single,College,Marketing,Business Analyst,11/1/2024,1,1,Full-time,"React, Vue.js, NoSQL",Yes,Q1/2025,3.9,Data Analytics Platform,78.6,10,No,Yes,1,5,Low,No
E1092,32,Male,Divorced,Bachelor,Sales,Account Manager,12/29/2012,13,16,Full-time,"C#, Java",No,Q1/2025,4.5,Cloud Migration,36.8,61,No,No,3,1,High,No
E1093,28,Female,Single,College,Finance,Finance Manager,9/12/2018,7,8,Full-time,"SQL, NoSQL, Docker, Kubernetes",Yes,Q1/2025,5.0,AI/ML Model Deployment,45.8,42,No,No,5,1,Low,No
E1094,22,Male,Married,College,IT,IT Support,2/24/2020,5,5,Full-time,"React, C#, GCP",Yes,Q1/2025,3.4,AI/ML Model Deployment,79.9,27,Yes,Yes,3,3,Medium,No
E1095,27,Female,Single,Master,Finance,Financial Analyst,5/23/2022,3,5,Contractor,"React, Python, SQL, GCP, AWS",Yes,Q1/2025,4.6,Mobile App Design,63.3,17,No,No,2,4,Low,No
E1096,39,Male,Married,Bachelor,QA,Test Analyst,1/6/2020,5,8,Full-time,"NoSQL, Azure, Angular",Yes,Q1/2025,3.6,Data Analytics Platform,78.4,22,Yes,No,3,2,Low,Yes
E1097,22,Male,Single,College,Sales,Account Manager,9/10/2022,3,5,Full-time,"Docker, NoSQL, Kubernetes, C#",No,Q1/2025,3.3,Cloud Migration,60.3,28,No,Yes,1,2,Medium,No
E1098,28,Female,Single,Bachelor,HR,HR Executive,2/19/2020,5,8,Full-time,"Python, C#, Docker, SQL",Yes,Q1/2025,3.9,Web Application Development,67.6,21,No,No,2,4,Low,No
E1099,29,Female,Married,Bachelor,Sales,Sales Executive,9/21/2024,1,2,Full-time,"Python, NoSQL, Angular, Java, C#",No,Q1/2025,3.5,API Development,60.7,11,Yes,Yes,4,1,Medium,No
E1100,31,Female,Divorced,Bachelor,IT,System Admin,4/9/2018,7,9,Full-time,"Python, Kubernetes",No,Q1/2025,3.3,Data Analytics Platform,68.0,27,No,Yes,1,1,Low,No
E1101,26,Male,Single,College,IT,DevOps Engineer,5/24/2011,14,14,Contractor,"Azure, SQL, GCP",Yes,Q1/2025,3.4,Cloud Migration,88.1,39,No,Yes,3,5,Medium,No
E1102,30,Male,Married,Bachelor,Sales,Sales Executive,10/10/2014,11,11,Contractor,"Angular, Docker, Python, NoSQL",No,Q1/2025,2.9,Mobile App Design,46.0,51,No,Yes,3,4,Medium,No
E1103,37,Male,Married,Bachelor,IT,System Admin,8/12/2012,13,16,Full-time,"SQL, Angular, Kubernetes",No,Q1/2025,3.3,DevOps Automation,52.8,37,No,Yes,1,4,High,Yes
E1104,33,Female,Single,Bachelor,IT,DevOps Engineer,12/11/2012,13,15,Full-time,"Docker, Kubernetes, Python",Yes,Q1/2025,4.8,Mobile App Design,56.5,38,No,No,4,2,High,No
E1105,28,Male,Single,Master,Marketing,Digital Marketer,5/7/2022,3,5,Full-time,"NoSQL, Azure, Angular, Kubernetes",Yes,Q1/2025,4.3,AI/ML Model Deployment,45.9,13,No,No,1,1,Low,No
E1106,24,Female,Married,Bachelor,Finance,Financial Analyst,8/21/2023,2,2,Contractor,"React, Vue.js, Angular",No,Q1/2025,3.6,Data Analytics Platform,75.8,19,No,No,4,5,Low,No
E1107,30,Male,Single,Master,Marketing,Digital Marketer,3/3/2017,8,10,Full-time,"Azure, C#, Python, Docker",No,Q1/2025,4.4,API Development,64.1,25,No,No,5,4,Medium,No
E1108,34,Female,Single,Bachelor,HR,HR Executive,6/7/2019,6,7,Full-time,"Angular, React, Vue.js",No,Q1/2025,4.1,Cloud Migration,86.0,20,Yes,No,5,3,Medium,No
E1109,25,Male,Single,Bachelor,Sales,Sales Executive,12/22/2020,5,5,Part-time,"Python, C#",Yes,Q1/2025,3.4,Cybersecurity Implementation,73.2,24,No,Yes,1,2,Low,No
E1110,24,Male,Married,College,Finance,Finance Manager,3/3/2012,13,15,Full-time,"Kubernetes, C#, Java",No,Q1/2025,3.8,AI/ML Model Deployment,67.7,84,No,No,1,2,Low,No
E1111,31,Male,Married,Bachelor,IT,Software Engineer,8/12/2021,4,7,Part-time,"Python, React",Yes,Q1/2025,4.3,Cybersecurity Implementation,82.2,20,No,No,4,1,Medium,No
E1112,26,Male,Married,Bachelor,QA,QA Engineer,11/8/2011,14,17,Full-time,"C#, Vue.js, GCP, Azure, Python",No,Q1/2025,4.0,Data Analytics Platform,50.1,53,No,No,5,3,High,No
E1113,31,Female,Married,College,Marketing,Digital Marketer,1/15/2010,15,16,Full-time,"SQL, Java, Python",Yes,Q1/2025,4.0,AI/ML Model Deployment,85.8,49,No,No,4,5,Medium,No
E1114,22,Female,Single,Master,IT,IT Support,2/26/2021,4,6,Full-time,"NoSQL, Azure",Yes,Q1/2025,3.6,Cybersecurity Implementation,82.8,15,No,No,5,4,Low,No
E1115,27,Female,Single,Bachelor,Sales,Sales Executive,9/11/2015,10,12,Full-time,"AWS, Java, Python, C#, Angular",Yes,Q1/2025,4.0,DevOps Automation,90.2,60,No,No,5,1,Low,No
E1116,31,Female,Married,Bachelor,HR,HR Executive,2/17/2019,6,6,Contractor,"Java, Docker, Azure",Yes,Q1/2025,3.3,DevOps Automation,95.3,35,No,Yes,4,1,Low,No
E1117,29,Male,Married,College,Finance,Finance Manager,12/26/2013,12,13,Full-time,"SQL, NoSQL, C#, Java",Yes,Q1/2025,4.5,Mobile App Design,15.9,54,No,No,4,1,Low,No
E1118,35,Female,Single,Bachelor,QA,Test Analyst,12/20/2017,8,10,Full-time,"SQL, NoSQL, Java",No,Q1/2025,3.7,Data Analytics Platform,80.1,27,No,No,5,1,Low,No
E1119,32,Male,Married,Master,Finance,Accountant,1/14/2021,4,5,Full-time,"Python, C#, Java",Yes,Q1/2025,3.0,Web Application Development,71.7,12,No,Yes,5,4,Medium,No
E1120,30,Male,Married,Bachelor,Finance,Financial Analyst,7/16/2017,8,9,Full-time,"Java, Python",Yes,Q1/2025,3.6,Web Application Development,74.4,34,No,No,2,4,Medium,No
E1121,33,Female,Married,Master,IT,System Admin,11/15/2020,5,7,Full-time,"Vue.js, SQL, Java, C#",Yes,Q1/2025,3.4,Web Application Development,72.6,23,No,Yes,2,2,Medium,No
E1122,32,Female,Single,College,Sales,Account Manager,12/5/2023,2,5,Full-time,"NoSQL, GCP",No,Q1/2025,3.8,Cybersecurity Implementation,63.6,22,No,No,2,3,Medium,No
E1123,30,Male,Married,PhD,Sales,Account Manager,11/1/2012,13,13,Full-time,"Python, Vue.js, Java",Yes,Q1/2025,3.8,Cybersecurity Implementation,73.7,79,No,No,4,1,Low,No
E1124,30,Female,Married,Bachelor,QA,QA Engineer,6/7/2015,10,10,Full-time,"React, Java",Yes,Q1/2025,4.5,AI/ML Model Deployment,14.7,60,No,No,4,3,Medium,No
E1125,24,Female,Married,Bachelor,Marketing,Business Analyst,7/4/2024,1,3,Full-time,"Azure, C#, Vue.js",Yes,Q1/2025,4.7,Cloud Migration,41.5,11,No,Yes,5,3,High,No
E1126,24,Male,Single,Bachelor,Marketing,Business Analyst,4/25/2018,7,10,Full-time,"Kubernetes, Java, React",No,Q1/2025,4.2,Web Application Development,69.6,34,No,No,3,5,Low,No
E1127,29,Female,Single,Bachelor,Marketing,Business Analyst,8/15/2021,4,5,Full-time,"NoSQL, Angular",Yes,Q1/2025,3.8,Cybersecurity Implementation,58.2,20,Yes,No,3,3,Medium,No
E1128,26,Male,Single,College,Finance,Finance Manager,9/25/2010,15,16,Full-time,"SQL, Java, Vue.js, Azure, Kubernetes",Yes,Q1/2025,3.2,DevOps Automation,59.3,82,No,Yes,3,4,Low,No
E1129,33,Female,Married,Master,Marketing,Business Analyst,12/22/2016,9,11,Full-time,"Docker, Java, Azure",No,Q1/2025,3.0,Data Analytics Platform,55.5,35,No,Yes,4,2,High,Yes
E1130,31,Female,Single,Master,HR,HR Executive,7/1/2015,10,10,Full-time,"Kubernetes, Java, SQL",No,Q1/2025,5.0,Web Application Development,90.8,60,No,No,4,1,Low,No
E1131,33,Male,Single,Bachelor,Finance,Financial Analyst,1/10/2018,7,8,Full-time,"Azure, AWS, React, Python, Vue.js",Yes,Q1/2025,2.9,AI/ML Model Deployment,51.6,30,No,Yes,2,2,Low,No
E1132,40,Male,Single,PhD,Finance,Finance Manager,4/20/2015,10,12,Full-time,"C#, GCP, Docker, Angular",Yes,Q1/2025,3.7,Mobile App Design,71.4,77,Yes,No,1,4,Low,Yes
E1133,27,Female,Single,Bachelor,IT,IT Support,7/20/2013,12,13,Full-time,"Vue.js, GCP",Yes,Q1/2025,3.2,Cybersecurity Implementation,67.0,51,No,Yes,4,2,Low,No
E1134,26,Male,Married,Master,Marketing,Content Specialist,5/31/2018,7,8,Full-time,"React, AWS, Python, SQL, NoSQL",No,Q1/2025,4.5,DevOps Automation,55.0,34,Yes,No,3,5,Medium,No
E1135,28,Female,Married,Bachelor,Finance,Accountant,8/7/2023,2,3,Full-time,"Kubernetes, SQL, C#",No,Q1/2025,3.6,API Development,81.2,17,No,No,1,4,Low,No
E1136,30,Female,Single,Master,Marketing,Content Specialist,8/2/2013,12,15,Part-time,"Kubernetes, Docker, GCP, Vue.js, C#",Yes,Q1/2025,4.5,DevOps Automation,61.6,57,No,No,3,5,Medium,No
E1137,22,Female,Single,Master,Finance,Finance Manager,3/13/2024,1,3,Full-time,"Docker, SQL",Yes,Q1/2025,3.5,AI/ML Model Deployment,95.2,11,Yes,Yes,1,1,Medium,No
E1138,31,Female,Single,College,HR,HR Executive,2/7/2015,10,11,Full-time,"React, Azure, Python, Angular",Yes,Q1/2025,3.7,Cybersecurity Implementation,81.7,39,No,No,3,2,Low,No
E1139,38,Male,Divorced,Bachelor,IT,Software Engineer,11/3/2014,11,13,Part-time,"Vue.js, Python, Java, Azure",No,Q1/2025,3.7,Data Analytics Platform,56.8,57,No,No,1,2,High,Yes
E1140,29,Female,Married,Master,Sales,Sales Executive,3/11/2013,12,15,Full-time,"React, C#, Angular",No,Q1/2025,4.4,Mobile App Design,74.7,60,Yes,No,5,1,Low,No
E1141,32,Female,Married,Bachelor,IT,DevOps Engineer,10/14/2017,8,10,Full-time,"C#, Azure",Yes,Q1/2025,3.5,DevOps Automation,79.0,31,No,No,2,1,Low,No
E1142,22,Male,Single,Bachelor,Marketing,Digital Marketer,10/31/2022,3,4,Full-time,"C#, Java, Python, Docker",Yes,Q1/2025,4.5,Cybersecurity Implementation,77.4,14,No,No,1,5,Low,No
E1143,25,Male,Single,Bachelor,Marketing,Digital Marketer,6/15/2011,14,16,Full-time,"Docker, Angular, Kubernetes",Yes,Q1/2025,3.4,Data Analytics Platform,77.4,42,Yes,Yes,2,1,High,No
E1144,26,Male,Single,Master,IT,Software Engineer,3/22/2016,9,12,Full-time,"Vue.js, C#, Angular, Python",Yes,Q1/2025,3.7,DevOps Automation,71.3,31,No,No,3,3,Low,No
E1145,22,Male,Single,Master,IT,Software Engineer,9/28/2014,11,13,Full-time,"AWS, Kubernetes",Yes,Q1/2025,3.5,Cloud Migration,62.1,60,No,No,2,3,Medium,No
E1146,28,Male,Single,PhD,Finance,Finance Manager,2/27/2024,1,1,Full-time,"GCP, NoSQL, Vue.js, AWS",No,Q1/2025,4.0,Data Analytics Platform,86.5,16,No,Yes,4,1,Low,No
E1147,25,Female,Married,Bachelor,HR,HR Executive,5/14/2020,5,5,Full-time,"Vue.js, Java, NoSQL, Azure, Python",Yes,Q1/2025,3.4,Mobile App Design,57.5,29,Yes,Yes,5,3,Medium,No
E1148,29,Female,Single,Bachelor,HR,HR Executive,10/25/2019,6,9,Full-time,"SQL, Kubernetes, C#, Docker, GCP",Yes,Q1/2025,3.7,Mobile App Design,66.4,26,No,No,5,2,Low,No
E1149,22,Female,Married,Bachelor,Sales,Account Manager,5/1/2020,5,6,Full-time,"C#, AWS, NoSQL, GCP, Azure",No,Q1/2025,5.0,Cloud Migration,76.9,49,No,No,4,2,Medium,No
E1150,30,Other,Single,Bachelor,HR,Recruiter,4/17/2022,3,5,Full-time,"C#, NoSQL",Yes,Q1/2025,4.2,Data Analytics Platform,32.7,20,No,No,5,1,Medium,No
E1151,30,Female,Married,Bachelor,QA,Test Analyst,2/6/2023,2,5,Full-time,"Python, Angular, Vue.js, NoSQL, GCP",Yes,Q1/2025,3.4,Web Application Development,81.3,14,No,Yes,1,2,Medium,No
E1152,33,Male,Married,Bachelor,HR,Recruiter,8/6/2011,14,15,Full-time,"C#, NoSQL, Angular",No,Q1/2025,4.1,Cybersecurity Implementation,66.5,46,No,No,1,4,High,No
E1153,36,Female,Single,Bachelor,IT,System Admin,10/29/2019,6,8,Full-time,"GCP, SQL",Yes,Q1/2025,4.0,Web Application Development,71.7,24,No,No,4,3,Low,Yes
E1154,22,Female,Married,College,Finance,Financial Analyst,9/4/2014,11,11,Full-time,"Angular, Docker, Java",Yes,Q1/2025,3.5,Cybersecurity Implementation,69.8,45,Yes,No,2,4,Low,No
E1155,29,Female,Married,Bachelor,QA,QA Engineer,12/10/2016,9,9,Full-time,"SQL, Java, Docker",Yes,Q1/2025,4.1,Cybersecurity Implementation,72.5,30,No,No,4,4,Medium,No
E1156,27,Male,Single,Master,IT,IT Support,2/19/2023,2,5,Full-time,"Azure, Angular, C#, NoSQL",No,Q1/2025,3.8,API Development,76.3,16,No,No,3,1,Medium,No
E1157,39,Male,Divorced,Master,Marketing,Business Analyst,12/8/2014,11,13,Full-time,"Angular, SQL, C#",Yes,Q1/2025,3.5,Cybersecurity Implementation,43.9,35,No,No,3,1,Medium,Yes
E1158,28,Male,Single,Bachelor,Sales,Sales Executive,6/4/2012,13,15,Part-time,"Kubernetes, Azure, Python, C#",Yes,Q1/2025,4.1,Cybersecurity Implementation,94.9,46,No,No,2,4,Medium,No
E1159,27,Male,Married,Bachelor,Finance,Financial Analyst,9/11/2011,14,16,Full-time,"GCP, Python",No,Q1/2025,3.6,Cybersecurity Implementation,60.6,55,No,No,3,4,Medium,No
E1160,30,Male,Single,Master,HR,Recruiter,10/16/2013,12,14,Full-time,"NoSQL, Python",Yes,Q1/2025,3.9,API Development,81.8,42,No,No,1,3,Low,No
E1161,27,Female,Single,College,HR,Recruiter,12/30/2010,15,17,Full-time,"Python, Docker, SQL, Java, AWS",No,Q1/2025,4.5,Data Analytics Platform,88.7,45,No,No,2,4,Medium,No
E1162,26,Male,Married,Master,IT,System Admin,12/2/2020,5,8,Full-time,"AWS, Vue.js",No,Q1/2025,3.5,AI/ML Model Deployment,66.5,24,No,No,2,5,Medium,No
E1163,27,Male,Married,Bachelor,QA,Test Analyst,4/2/2013,12,13,Part-time,"Python, Angular, React, Vue.js, Docker",No,Q1/2025,3.5,DevOps Automation,52.2,40,No,No,2,4,Low,No
E1164,36,Male,Married,Bachelor,Marketing,Digital Marketer,7/10/2016,9,11,Full-time,"Docker, Kubernetes",No,Q1/2025,4.4,Cloud Migration,66.7,31,No,No,4,4,High,Yes
E1165,38,Female,Married,Bachelor,Finance,Financial Analyst,8/17/2010,15,18,Full-time,"GCP, Azure, Python, Docker",Yes,Q1/2025,4.2,Cybersecurity Implementation,96.1,36,No,No,2,5,Medium,Yes
E1166,25,Female,Married,Bachelor,Marketing,Content Specialist,3/14/2022,3,4,Full-time,"Python, GCP, SQL, Angular",Yes,Q1/2025,3.6,Web Application Development,79.0,14,No,No,5,4,Medium,No
E1167,26,Female,Married,Bachelor,QA,Test Analyst,8/8/2016,9,11,Full-time,"C#, Python, Java",Yes,Q1/2025,3.1,Web Application Development,70.4,22,No,Yes,5,5,Low,No
E1168,34,Female,Married,College,Finance,Finance Manager,1/30/2011,14,16,Full-time,"AWS, C#",Yes,Q1/2025,4.0,Cybersecurity Implementation,94.3,53,Yes,No,1,5,Low,No
E1169,24,Female,Married,Bachelor,Finance,Financial Analyst,4/28/2012,13,14,Full-time,"Java, GCP, React",No,Q1/2025,4.4,API Development,87.3,44,No,No,5,5,High,No
E1170,28,Male,Divorced,Bachelor,IT,System Admin,9/8/2017,8,11,Full-time,"Vue.js, Angular",No,Q1/2025,3.0,Data Analytics Platform,80.2,21,No,Yes,5,3,Medium,No
E1171,22,Male,Single,Bachelor,QA,QA Engineer,4/8/2012,13,14,Full-time,"Docker, Kubernetes",Yes,Q1/2025,3.7,Mobile App Design,95.9,52,No,No,2,1,Low,No
E1172,30,Female,Married,Master,IT,Software Engineer,3/21/2014,11,13,Full-time,"NoSQL, Azure, GCP, C#",No,Q1/2025,4.5,DevOps Automation,53.7,38,No,No,4,1,Low,No
E1173,26,Male,Married,Bachelor,QA,Test Analyst,3/24/2019,6,6,Full-time,"React, Python",Yes,Q1/2025,3.9,API Development,79.5,28,No,No,2,5,Low,No
E1174,26,Female,Married,Bachelor,Sales,Account Manager,10/28/2010,15,15,Full-time,"GCP, Python",Yes,Q1/2025,3.4,Web Application Development,60.8,70,No,Yes,1,4,Medium,No
E1175,34,Male,Married,Bachelor,Finance,Financial Analyst,3/24/2014,11,12,Full-time,"Docker, NoSQL, C#, Python, AWS",Yes,Q1/2025,4.1,Cybersecurity Implementation,78.1,48,No,No,1,2,High,No
E1176,28,Male,Married,Master,Sales,Account Manager,6/26/2015,10,13,Full-time,"GCP, NoSQL, C#, Angular, Vue.js",No,Q1/2025,2.9,AI/ML Model Deployment,69.4,74,No,Yes,3,2,Low,No
E1177,32,Female,Single,Bachelor,IT,Software Engineer,6/3/2012,13,16,Contractor,"Vue.js, React, Python, C#, AWS",No,Q1/2025,3.6,Mobile App Design,53.8,59,Yes,No,5,4,Medium,No
E1178,26,Male,Single,Master,HR,Recruiter,11/24/2022,3,4,Full-time,"Python, Vue.js, SQL, React",No,Q1/2025,4.8,API Development,62.9,19,No,No,4,3,Medium,No
E1179,27,Male,Single,Bachelor,Marketing,Business Analyst,7/4/2024,1,1,Part-time,"Java, Vue.js, Azure",Yes,Q1/2025,3.1,DevOps Automation,85.9,11,No,Yes,4,4,Low,No
E1180,35,Male,Single,Bachelor,Marketing,Digital Marketer,1/15/2020,5,6,Full-time,"Angular, Azure, Java, C#, Vue.js",Yes,Q1/2025,3.1,Cloud Migration,39.9,29,No,Yes,3,2,Medium,No
E1181,37,Male,Single,Bachelor,Finance,Accountant,5/16/2012,13,13,Full-time,"Java, Kubernetes, Azure, GCP, Docker",Yes,Q1/2025,3.8,Cloud Migration,79.6,54,No,No,5,5,Low,Yes
E1182,32,Male,Married,Bachelor,Marketing,Business Analyst,5/23/2019,6,7,Full-time,"Kubernetes, Azure, C#, Vue.js, Docker",Yes,Q1/2025,3.9,Data Analytics Platform,56.8,21,No,No,5,3,High,No
E1183,29,Female,Single,Bachelor,Finance,Finance Manager,3/4/2010,15,18,Contractor,"C#, NoSQL",Yes,Q1/2025,3.7,API Development,55.8,70,No,No,4,4,Low,No
E1184,29,Female,Married,College,Sales,Sales Executive,6/14/2014,11,14,Part-time,"React, Angular",Yes,Q1/2025,3.4,DevOps Automation,41.6,40,No,Yes,5,4,Low,No
E1185,38,Female,Married,Bachelor,QA,Test Analyst,4/18/2017,8,11,Full-time,"Angular, Python, Vue.js",No,Q1/2025,3.6,Cloud Migration,64.6,22,No,No,2,1,Medium,Yes
E1186,25,Male,Single,Bachelor,IT,System Admin,8/7/2011,14,17,Contractor,"C#, Azure, AWS, Python, Vue.js",Yes,Q1/2025,4.1,API Development,81.8,60,No,No,2,1,Low,No
E1187,28,Male,Single,Bachelor,Finance,Financial Analyst,4/19/2021,4,5,Full-time,"Python, Angular, React, SQL",Yes,Q1/2025,2.7,DevOps Automation,69.0,20,No,Yes,2,4,Medium,No
E1188,30,Male,Single,College,Marketing,Digital Marketer,2/16/2020,5,6,Full-time,"Java, Kubernetes, Vue.js",Yes,Q1/2025,5.0,Cloud Migration,65.5,27,No,No,3,5,Medium,No
E1189,26,Female,Married,Bachelor,Finance,Financial Analyst,10/1/2013,12,12,Full-time,"React, Angular",No,Q1/2025,3.8,Data Analytics Platform,57.1,57,No,No,3,5,Medium,No
E1190,27,Female,Single,College,QA,Test Analyst,8/13/2015,10,10,Full-time,"Java, Python, Kubernetes, Docker",Yes,Q1/2025,4.0,Web Application Development,69.5,45,Yes,No,5,3,Low,No
E1191,29,Female,Divorced,Bachelor,Finance,Finance Manager,10/4/2013,12,13,Full-time,"Docker, React, Angular, Python",No,Q1/2025,3.4,AI/ML Model Deployment,82.4,51,No,Yes,1,1,Low,No
E1192,33,Female,Single,Master,Finance,Financial Analyst,12/15/2012,13,15,Full-time,"Docker, Python",No,Q1/2025,2.9,AI/ML Model Deployment,72.4,39,No,Yes,5,2,High,Yes
E1193,31,Female,Married,Bachelor,Sales,Sales Executive,5/30/2017,8,9,Full-time,"NoSQL, React",No,Q1/2025,4.3,Cloud Migration,57.6,29,No,No,1,2,Medium,No
E1194,27,Male,Single,Master,QA,QA Engineer,10/14/2020,5,8,Full-time,"GCP, Angular, NoSQL, Python, Kubernetes",Yes,Q1/2025,3.4,Mobile App Design,86.1,20,No,Yes,3,1,High,No
E1195,27,Male,Married,Master,HR,HR Executive,5/28/2019,6,9,Full-time,"C#, React, Python, SQL, Kubernetes",Yes,Q1/2025,3.8,AI/ML Model Deployment,74.0,26,No,No,4,4,Low,No
E1196,35,Female,Married,Bachelor,IT,DevOps Engineer,6/23/2024,1,2,Contractor,"Azure, SQL",No,Q1/2025,3.5,API Development,79.5,10,No,Yes,2,4,Low,No
E1197,30,Male,Married,Bachelor,Finance,Accountant,2/19/2020,5,8,Full-time,"React, C#, GCP, Java, Azure",Yes,Q1/2025,3.3,Data Analytics Platform,82.9,29,No,Yes,2,2,Low,No
E1198,35,Male,Married,Bachelor,Marketing,Digital Marketer,11/20/2010,15,16,Full-time,"Angular, Kubernetes, Python, AWS",No,Q1/2025,4.1,API Development,78.4,58,No,No,3,4,Medium,No
E1199,24,Female,Married,Master,Finance,Financial Analyst,1/6/2010,15,18,Part-time,"NoSQL, Docker, SQL, C#, GCP",Yes,Q1/2025,3.7,AI/ML Model Deployment,69.8,47,No,No,1,2,Medium,No
E1200,30,Male,Married,College,Sales,Account Manager,7/10/2022,3,3,Full-time,"AWS, Docker, Python, Vue.js, GCP",Yes,Q1/2025,3.0,Mobile App Design,87.4,23,No,Yes,1,3,Low,No
E1201,34,Female,Married,College,QA,Test Analyst,11/21/2017,8,10,Part-time,"Python, React",Yes,Q1/2025,3.7,AI/ML Model Deployment,74.3,22,No,No,1,2,Low,No
E1202,29,Male,Single,Bachelor,HR,Recruiter,9/19/2013,12,13,Full-time,"SQL, Azure, Vue.js, React, Java",Yes,Q1/2025,3.8,AI/ML Model Deployment,71.3,41,No,No,5,4,Low,No
E1203,43,Female,Single,Master,Marketing,Digital Marketer,12/24/2022,3,4,Full-time,"GCP, Azure, C#, Python",Yes,Q1/2025,4.0,DevOps Automation,63.3,14,No,No,1,5,Low,Yes
E1204,31,Female,Married,Bachelor,Sales,Account Manager,2/5/2010,15,15,Full-time,"NoSQL, Vue.js, Docker, GCP",Yes,Q1/2025,4.7,Cloud Migration,63.2,51,No,No,4,1,Low,No
E1205,38,Male,Single,PhD,Marketing,Content Specialist,2/21/2015,10,10,Part-time,"AWS, Docker, Python, Kubernetes",Yes,Q1/2025,4.5,Mobile App Design,56.4,48,Yes,No,2,3,Medium,Yes
E1206,24,Male,Married,College,Sales,Sales Executive,9/9/2020,5,6,Full-time,"React, GCP, SQL, Java, Docker",Yes,Q1/2025,4.6,Mobile App Design,84.9,30,No,No,4,5,Low,No
E1207,31,Male,Single,College,HR,Recruiter,4/5/2011,14,15,Full-time,"Python, SQL, Docker, Angular",No,Q1/2025,3.3,API Development,77.4,44,No,Yes,4,5,Low,No
E1208,34,Female,Single,Master,IT,IT Support,10/3/2024,1,3,Contractor,"SQL, Docker, Azure, React",Yes,Q1/2025,3.7,Cybersecurity Implementation,90.0,10,No,Yes,5,4,Low,No
E1209,30,Female,Single,Bachelor,IT,System Admin,2/13/2016,9,12,Full-time,"React, SQL, Kubernetes",No,Q1/2025,3.4,Cybersecurity Implementation,87.5,26,No,Yes,1,5,Low,No
E1210,26,Male,Single,Bachelor,HR,HR Executive,5/29/2020,5,5,Full-time,"React, GCP, C#, NoSQL, Docker",Yes,Q1/2025,3.4,Cloud Migration,57.3,22,No,Yes,2,4,High,No
E1211,28,Female,Single,Bachelor,Finance,Finance Manager,7/17/2014,11,11,Full-time,"Kubernetes, React, Azure, C#, SQL",No,Q1/2025,4.1,AI/ML Model Deployment,74.8,60,No,No,2,1,Medium,No
E1212,33,Male,Divorced,College,Finance,Accountant,8/7/2016,9,9,Full-time,"AWS, Angular, SQL",Yes,Q1/2025,3.2,API Development,89.9,27,No,Yes,2,5,Low,No
E1213,26,Female,Single,Bachelor,IT,System Admin,12/15/2020,5,8,Full-time,"Docker, Python, Kubernetes",Yes,Q1/2025,3.6,Cybersecurity Implementation,85.4,33,No,No,1,1,Low,No
E1214,26,Female,Married,PhD,HR,HR Executive,4/12/2021,4,5,Full-time,"GCP, SQL, C#, NoSQL, Kubernetes",Yes,Q1/2025,2.7,Cybersecurity Implementation,50.8,20,No,Yes,5,1,High,Yes
E1215,31,Male,Single,Bachelor,Marketing,Content Specialist,5/25/2010,15,16,Full-time,"React, Docker",No,Q1/2025,3.5,Cloud Migration,77.9,51,No,No,3,2,Medium,No
E1216,22,Male,Married,Bachelor,QA,Test Analyst,6/19/2011,14,16,Full-time,"Angular, Python, GCP, Docker, Kubernetes",No,Q1/2025,3.6,Mobile App Design,69.4,37,No,No,3,5,High,No
E1217,23,Female,Single,Bachelor,IT,DevOps Engineer,9/23/2012,13,13,Full-time,"GCP, Docker, Angular, SQL",No,Q1/2025,3.9,Data Analytics Platform,74.2,57,No,No,5,2,Low,No
E1218,23,Female,Divorced,Bachelor,Finance,Finance Manager,3/25/2013,12,15,Full-time,"Azure, Java, Angular, NoSQL",No,Q1/2025,3.7,AI/ML Model Deployment,78.6,60,No,No,3,3,Low,No
E1219,32,Male,Married,Bachelor,HR,Recruiter,10/31/2018,7,7,Full-time,"C#, SQL, React",No,Q1/2025,2.6,API Development,88.3,23,Yes,Yes,5,5,Medium,No
E1220,34,Female,Married,College,IT,System Admin,7/13/2021,4,6,Full-time,"React, Angular, Python, GCP",No,Q1/2025,3.5,Mobile App Design,97.3,20,No,No,2,2,High,No
E1221,30,Female,Divorced,Master,Sales,Account Manager,9/26/2014,11,12,Full-time,"Vue.js, Docker, Kubernetes",No,Q1/2025,3.4,API Development,88.4,70,No,Yes,5,2,High,No
E1222,31,Male,Single,Bachelor,QA,Test Analyst,7/26/2021,4,4,Full-time,"Java, Docker, AWS, Python",Yes,Q1/2025,2.7,Data Analytics Platform,86.6,19,No,Yes,4,3,Low,No
E1223,22,Female,Married,PhD,Sales,Account Manager,9/19/2022,3,5,Full-time,"AWS, Docker, GCP, Kubernetes",No,Q1/2025,3.6,Cybersecurity Implementation,81.7,22,No,No,4,2,Low,No
E1224,32,Female,Single,Bachelor,Finance,Accountant,10/6/2024,1,4,Full-time,"C#, Python, Java, Docker, Vue.js",Yes,Q1/2025,4.0,Mobile App Design,70.5,9,No,Yes,5,4,Low,No
E1225,34,Female,Single,Bachelor,IT,DevOps Engineer,6/17/2013,12,12,Full-time,"Python, NoSQL, SQL, Docker",Yes,Q1/2025,3.1,Cloud Migration,60.5,44,No,Yes,3,1,Low,No
E1226,32,Male,Single,Bachelor,Sales,Account Manager,2/13/2019,6,8,Full-time,"Angular, Python, C#, React, Azure",Yes,Q1/2025,3.8,AI/ML Model Deployment,88.9,37,No,No,3,4,High,No
E1227,23,Female,Single,PhD,Marketing,Content Specialist,11/13/2018,7,7,Part-time,"NoSQL, Angular, C#, React",Yes,Q1/2025,3.1,Cloud Migration,79.9,26,No,Yes,3,1,Medium,No
E1228,26,Female,Single,PhD,Sales,Sales Executive,2/25/2016,9,11,Full-time,"Azure, Docker",No,Q1/2025,4.3,Web Application Development,34.1,31,No,No,2,3,Low,No
E1229,27,Male,Single,Bachelor,Marketing,Business Analyst,1/16/2020,5,6,Full-time,"Vue.js, Python, Kubernetes, React",Yes,Q1/2025,4.3,Data Analytics Platform,84.9,34,No,No,1,5,Low,No
E1230,28,Female,Divorced,Bachelor,QA,QA Engineer,11/7/2023,2,2,Full-time,"C#, GCP",No,Q1/2025,3.8,Data Analytics Platform,84.7,15,No,No,1,2,High,No
E1231,32,Male,Married,PhD,HR,Recruiter,8/14/2023,2,2,Full-time,"Kubernetes, React",No,Q1/2025,3.3,Cybersecurity Implementation,63.7,17,No,Yes,4,4,Low,No
E1232,23,Female,Single,Bachelor,IT,System Admin,5/6/2015,10,10,Full-time,"SQL, Angular, GCP, AWS, C#",Yes,Q1/2025,4.1,DevOps Automation,94.3,35,No,No,4,5,Medium,No
E1233,34,Male,Married,Bachelor,QA,QA Engineer,11/6/2016,9,12,Contractor,"Python, SQL, GCP, Vue.js, AWS",Yes,Q1/2025,3.8,Cloud Migration,87.1,31,No,No,4,3,High,No
E1234,33,Male,Married,Bachelor,QA,QA Engineer,10/11/2011,14,14,Full-time,"GCP, NoSQL, SQL",Yes,Q1/2025,4.4,Web Application Development,82.6,52,No,No,3,2,High,No
E1235,34,Female,Married,Bachelor,Marketing,Business Analyst,5/13/2014,11,13,Full-time,"Docker, C#",Yes,Q1/2025,3.8,Cybersecurity Implementation,75.2,48,No,No,4,5,Medium,No
E1236,29,Female,Divorced,Master,HR,Recruiter,2/11/2017,8,10,Full-time,"Vue.js, Angular, AWS, Kubernetes, Python",No,Q1/2025,2.8,Web Application Development,74.0,27,No,Yes,3,1,Medium,No
E1237,28,Male,Single,Bachelor,Finance,Finance Manager,3/2/2010,15,16,Contractor,"Kubernetes, SQL",Yes,Q1/2025,4.0,API Development,66.8,58,No,No,1,5,Medium,No
E1238,32,Male,Divorced,Master,QA,Test Analyst,4/9/2021,4,5,Full-time,"AWS, Angular, NoSQL",Yes,Q1/2025,3.9,AI/ML Model Deployment,61.4,17,No,No,4,4,Low,No
E1239,26,Male,Single,Bachelor,IT,Software Engineer,1/14/2010,15,18,Full-time,"C#, Azure",No,Q1/2025,3.8,Cloud Migration,75.3,58,No,No,4,1,High,No
E1240,28,Male,Married,PhD,IT,Software Engineer,10/24/2017,8,8,Full-time,"React, Kubernetes, C#",Yes,Q1/2025,4.0,Cybersecurity Implementation,50.7,27,No,No,5,4,Medium,No
E1241,27,Female,Single,College,QA,Test Analyst,6/28/2020,5,7,Full-time,"Kubernetes, AWS, Azure, Docker",No,Q1/2025,4.4,Cybersecurity Implementation,85.3,24,No,No,4,1,Medium,No
E1242,26,Male,Married,Master,QA,QA Engineer,7/9/2012,13,16,Full-time,"GCP, Python, NoSQL, Vue.js",Yes,Q1/2025,4.4,Cloud Migration,94.2,41,Yes,No,4,5,Medium,No
E1243,34,Female,Single,Bachelor,Sales,Account Manager,2/13/2015,10,10,Full-time,"Java, NoSQL, Angular",Yes,Q1/2025,3.7,API Development,78.1,84,No,No,2,3,High,No
E1244,25,Male,Married,Bachelor,Sales,Account Manager,5/6/2012,13,14,Contractor,"SQL, Python",Yes,Q1/2025,3.2,Web Application Development,91.1,71,Yes,Yes,2,2,Medium,No
E1245,25,Male,Married,Bachelor,Marketing,Business Analyst,12/13/2017,8,11,Full-time,"Azure, Angular, Python, React, Docker",No,Q1/2025,3.4,AI/ML Model Deployment,55.4,29,No,Yes,2,5,Low,No
E1246,33,Male,Single,Bachelor,IT,System Admin,4/17/2022,3,6,Full-time,"Azure, SQL, GCP",Yes,Q1/2025,2.9,API Development,90.5,13,No,Yes,5,2,Medium,No
E1247,30,Male,Married,Bachelor,Sales,Account Manager,12/3/2023,2,5,Full-time,"React, C#, Angular",Yes,Q1/2025,3.3,API Development,92.1,21,No,Yes,3,5,Low,No
E1248,29,Male,Single,Master,HR,Recruiter,7/1/2011,14,16,Full-time,"SQL, Angular, Docker, C#, Java",Yes,Q1/2025,3.5,Data Analytics Platform,56.0,41,Yes,No,4,3,Medium,No
E1249,28,Female,Married,Bachelor,Marketing,Content Specialist,6/22/2021,4,5,Full-time,"C#, Java, AWS",No,Q1/2025,4.2,Data Analytics Platform,43.6,16,No,No,3,3,Medium,No
E1250,34,Male,Married,Master,Sales,Sales Executive,7/20/2017,8,8,Part-time,"Python, SQL, C#, Azure",No,Q1/2025,3.8,Data Analytics Platform,93.6,22,No,No,2,2,Medium,No
E1251,24,Male,Single,PhD,QA,Test Analyst,1/7/2022,3,6,Full-time,"SQL, C#, Java, AWS, React",Yes,Q1/2025,4.0,API Development,51.5,15,No,No,4,4,Low,No
E1252,30,Male,Single,Bachelor,Marketing,Content Specialist,4/2/2016,9,9,Full-time,"C#, NoSQL",Yes,Q1/2025,3.4,AI/ML Model Deployment,40.8,33,No,Yes,2,4,High,No
E1253,31,Female,Married,Bachelor,Finance,Finance Manager,12/21/2010,15,18,Full-time,"Azure, Java, Vue.js, C#, Angular",Yes,Q1/2025,3.8,Data Analytics Platform,49.3,70,Yes,No,2,2,Low,No
E1254,29,Female,Single,Bachelor,Marketing,Digital Marketer,12/20/2015,10,13,Part-time,"NoSQL, Docker, Python",Yes,Q1/2025,3.4,Web Application Development,61.8,60,No,Yes,2,1,Medium,No
E1255,34,Female,Single,Master,Marketing,Business Analyst,9/6/2017,8,10,Full-time,"GCP, C#, Kubernetes",No,Q1/2025,3.4,API Development,86.4,34,No,Yes,1,2,High,No
E1256,28,Female,Married,Bachelor,IT,DevOps Engineer,3/2/2017,8,9,Full-time,"NoSQL, Angular, SQL",No,Q1/2025,3.8,Web Application Development,78.7,31,No,No,5,2,Medium,No
E1257,24,Male,Married,PhD,IT,System Admin,1/16/2015,10,12,Full-time,"Vue.js, GCP",Yes,Q1/2025,3.6,Cloud Migration,78.6,48,Yes,No,3,5,Low,No
E1258,34,Female,Married,Bachelor,IT,DevOps Engineer,12/13/2021,4,7,Full-time,"Angular, React, Kubernetes, GCP",No,Q1/2025,3.3,Cybersecurity Implementation,50.9,17,No,Yes,3,5,Low,No
E1259,26,Male,Married,Bachelor,HR,HR Executive,2/10/2010,15,17,Full-time,"Vue.js, Java",No,Q1/2025,3.8,Mobile App Design,34.9,49,No,No,2,1,High,No
E1260,32,Male,Married,College,Marketing,Content Specialist,7/22/2017,8,9,Full-time,"GCP, AWS, Vue.js, Docker, Angular",Yes,Q1/2025,3.8,Mobile App Design,68.4,28,No,No,1,2,High,No
E1261,31,Female,Married,Bachelor,QA,QA Engineer,10/14/2021,4,6,Contractor,"SQL, NoSQL, React",Yes,Q1/2025,3.2,Cloud Migration,76.9,20,Yes,Yes,5,4,High,No
E1262,30,Female,Married,Bachelor,QA,QA Engineer,3/7/2020,5,8,Full-time,"C#, Angular, Java",Yes,Q1/2025,3.1,Mobile App Design,87.7,23,No,Yes,1,3,Low,No
E1263,25,Male,Married,Bachelor,IT,IT Support,9/24/2023,2,5,Part-time,"SQL, AWS, C#",Yes,Q1/2025,4.3,AI/ML Model Deployment,66.6,14,No,No,2,5,Low,No
E1264,28,Female,Single,Bachelor,QA,QA Engineer,8/27/2011,14,16,Contractor,"Java, NoSQL",No,Q1/2025,3.4,Cybersecurity Implementation,61.3,53,No,Yes,2,2,Medium,No
E1265,25,Male,Married,PhD,IT,DevOps Engineer,11/18/2014,11,12,Full-time,"Vue.js, Docker, GCP, Angular",Yes,Q1/2025,4.5,Cloud Migration,71.2,51,No,No,3,5,Low,No
E1266,27,Female,Single,Bachelor,Marketing,Digital Marketer,3/24/2024,1,1,Full-time,"SQL, Azure",No,Q1/2025,3.1,Web Application Development,72.0,12,No,Yes,2,3,Medium,No
E1267,28,Female,Married,Bachelor,Marketing,Content Specialist,7/19/2024,1,2,Full-time,"Vue.js, SQL",Yes,Q1/2025,3.8,DevOps Automation,70.6,9,No,Yes,1,3,Low,No
E1268,38,Female,Divorced,Bachelor,HR,HR Executive,6/2/2021,4,5,Contractor,"Angular, Java, NoSQL, Kubernetes, Vue.js",Yes,Q1/2025,3.1,Cloud Migration,80.0,17,No,Yes,3,4,Low,Yes
E1269,26,Male,Single,Bachelor,Finance,Finance Manager,7/11/2017,8,11,Full-time,"SQL, React, C#, Angular",Yes,Q1/2025,2.6,Cloud Migration,67.0,28,Yes,Yes,4,1,Low,No
E1270,36,Male,Married,Master,HR,HR Executive,6/2/2012,13,15,Full-time,"Docker, AWS, Vue.js, SQL",No,Q1/2025,3.8,Mobile App Design,90.8,39,Yes,No,5,2,Low,Yes
E1271,30,Male,Married,Bachelor,Finance,Finance Manager,6/21/2012,13,15,Full-time,"React, GCP, AWS, Java",Yes,Q1/2025,3.6,Web Application Development,97.8,70,Yes,No,1,4,Medium,No
E1272,36,Male,Single,Bachelor,HR,HR Executive,3/24/2021,4,6,Full-time,"Kubernetes, AWS, Python, SQL, C#",Yes,Q1/2025,2.6,API Development,79.1,18,No,Yes,3,4,Medium,Yes
E1273,34,Female,Single,Master,Marketing,Content Specialist,11/2/2023,2,4,Full-time,"SQL, Azure, GCP",Yes,Q1/2025,3.9,DevOps Automation,63.3,12,No,No,2,5,Low,No
E1274,28,Male,Married,Master,Finance,Finance Manager,1/21/2015,10,12,Full-time,"Azure, Angular, AWS, Java, NoSQL",Yes,Q1/2025,4.3,Data Analytics Platform,81.5,57,No,No,5,4,Low,No
E1275,33,Female,Single,Master,HR,HR Executive,2/26/2018,7,10,Full-time,"Python, Java",No,Q1/2025,3.5,DevOps Automation,73.8,35,No,No,1,1,Low,No
E1276,32,Female,Married,Bachelor,Finance,Accountant,5/3/2010,15,16,Full-time,"Angular, NoSQL, React",Yes,Q1/2025,3.6,Cybersecurity Implementation,71.0,43,No,No,1,3,Low,No
E1277,31,Female,Married,Bachelor,QA,QA Engineer,4/6/2019,6,9,Part-time,"Azure, React, Python, Java, Angular",No,Q1/2025,3.3,Mobile App Design,63.4,29,No,Yes,5,5,Medium,No
E1278,25,Male,Single,Master,QA,QA Engineer,4/13/2021,4,6,Full-time,"Docker, Java, NoSQL, AWS, Python",No,Q1/2025,3.6,Cybersecurity Implementation,84.3,15,No,No,2,3,Medium,No
E1279,30,Female,Single,Bachelor,HR,HR Executive,4/21/2014,11,14,Full-time,"Docker, Python",No,Q1/2025,4.0,Web Application Development,46.3,47,Yes,No,5,4,Low,No
E1280,25,Male,Single,Master,IT,IT Support,10/14/2023,2,5,Full-time,"NoSQL, SQL, Java",Yes,Q1/2025,4.2,Cloud Migration,42.2,15,No,No,1,2,High,No
E1281,32,Female,Married,College,IT,Software Engineer,3/5/2014,11,11,Part-time,"GCP, Angular, Vue.js, C#, Kubernetes",No,Q1/2025,3.2,Mobile App Design,87.0,42,No,Yes,3,4,Low,No
E1282,22,Female,Single,College,Finance,Accountant,3/2/2012,13,15,Contractor,"Angular, Azure, Java, Docker, GCP",No,Q1/2025,4.4,Cybersecurity Implementation,77.9,52,No,No,3,3,High,No
E1283,24,Male,Single,Master,HR,Recruiter,7/1/2017,8,11,Full-time,"GCP, C#, Docker, Java, NoSQL",Yes,Q1/2025,3.3,Cloud Migration,93.4,34,No,Yes,4,3,High,No
E1284,30,Male,Married,Bachelor,QA,QA Engineer,11/1/2010,15,16,Full-time,"AWS, NoSQL, Vue.js, Docker",Yes,Q1/2025,3.4,AI/ML Model Deployment,94.3,60,No,Yes,5,3,Low,No
E1285,26,Male,Married,Bachelor,Sales,Account Manager,1/25/2014,11,13,Full-time,"C#, Kubernetes, GCP",No,Q1/2025,2.8,Mobile App Design,88.0,49,No,Yes,3,4,Low,No
E1286,33,Male,Married,Bachelor,QA,QA Engineer,9/19/2017,8,8,Full-time,"Java, React, Python, Docker",Yes,Q1/2025,3.8,Data Analytics Platform,56.4,26,No,No,5,4,Medium,No
E1287,34,Male,Single,PhD,Marketing,Digital Marketer,8/9/2010,15,15,Full-time,"Kubernetes, C#",Yes,Q1/2025,4.1,Mobile App Design,42.0,60,No,No,1,1,Low,No
E1288,25,Female,Single,Bachelor,Finance,Accountant,8/8/2022,3,3,Full-time,"Angular, Python, AWS",Yes,Q1/2025,4.6,Cybersecurity Implementation,69.9,13,No,No,5,5,Low,No
E1289,28,Male,Single,Master,Finance,Financial Analyst,1/28/2019,6,6,Full-time,"React, Vue.js",No,Q1/2025,4.5,Cybersecurity Implementation,48.4,29,No,No,3,2,Low,No
E1290,24,Female,Single,Bachelor,QA,QA Engineer,5/18/2024,1,2,Full-time,"Angular, Java, GCP, Vue.js, Kubernetes",Yes,Q1/2025,4.4,Cybersecurity Implementation,97.9,11,No,Yes,5,1,High,No
E1291,26,Male,Single,Bachelor,QA,Test Analyst,4/15/2021,4,7,Full-time,"NoSQL, C#, AWS, Java",No,Q1/2025,4.2,Web Application Development,73.7,16,No,No,4,3,Medium,No
E1292,29,Female,Married,Bachelor,QA,QA Engineer,12/11/2011,14,15,Full-time,"Kubernetes, AWS, GCP, Python",No,Q1/2025,2.6,API Development,86.8,47,No,Yes,2,5,Medium,No
E1293,31,Female,Single,Master,HR,Recruiter,9/7/2015,10,11,Full-time,"Vue.js, AWS, NoSQL, GCP",No,Q1/2025,3.8,AI/ML Model Deployment,95.0,54,No,No,2,5,High,No
E1294,28,Male,Single,PhD,Finance,Finance Manager,5/8/2017,8,10,Full-time,"C#, AWS, Azure, SQL",Yes,Q1/2025,3.9,AI/ML Model Deployment,78.6,32,No,No,4,2,Low,No
E1295,31,Female,Single,Master,IT,IT Support,4/15/2011,14,15,Full-time,"Java, React, Docker, AWS, NoSQL",Yes,Q1/2025,3.7,Cloud Migration,51.7,52,No,No,1,5,Low,No
E1296,22,Male,Single,Bachelor,QA,Test Analyst,8/2/2020,5,7,Full-time,"NoSQL, Kubernetes, C#, Vue.js, Python",Yes,Q1/2025,3.8,Cybersecurity Implementation,72.3,24,No,No,3,2,Low,No
E1297,29,Female,Married,Bachelor,Marketing,Business Analyst,2/25/2015,10,10,Full-time,"Vue.js, React, Docker, Azure",Yes,Q1/2025,4.8,DevOps Automation,63.2,47,No,No,5,1,Low,No
E1298,36,Female,Married,Bachelor,HR,Recruiter,1/9/2024,1,4,Full-time,"React, NoSQL",Yes,Q1/2025,4.0,Data Analytics Platform,57.3,10,No,Yes,2,1,Low,Yes
E1299,26,Female,Married,Bachelor,HR,HR Executive,12/23/2020,5,7,Full-time,"Azure, Docker, SQL",Yes,Q1/2025,3.8,Web Application Development,48.3,34,Yes,No,3,2,Medium,No
E1300,30,Female,Single,College,Marketing,Business Analyst,9/24/2019,6,8,Full-time,"Vue.js, GCP",Yes,Q1/2025,4.8,Mobile App Design,36.9,34,No,No,1,4,Low,No
E1301,30,Male,Single,College,HR,HR Executive,9/9/2017,8,8,Full-time,"Angular, AWS",No,Q1/2025,3.1,Cloud Migration,72.3,25,Yes,Yes,1,5,Low,No
E1302,33,Female,Married,Bachelor,Finance,Accountant,8/10/2018,7,8,Full-time,"Azure, Python",Yes,Q1/2025,4.2,DevOps Automation,88.4,23,Yes,No,2,2,Medium,No
E1303,31,Male,Married,Bachelor,Marketing,Content Specialist,1/1/2016,9,10,Full-time,"Azure, Angular, Python, Kubernetes",Yes,Q1/2025,3.4,Cybersecurity Implementation,45.6,28,No,Yes,3,2,Low,No
E1304,36,Male,Divorced,Bachelor,Marketing,Digital Marketer,2/13/2021,4,5,Full-time,"Vue.js, Docker, Angular, Kubernetes",No,Q1/2025,3.4,AI/ML Model Deployment,92.9,18,No,Yes,5,3,High,Yes
E1305,25,Male,Married,Bachelor,IT,Software Engineer,2/7/2013,12,13,Full-time,"Docker, NoSQL, SQL, Vue.js, Python",Yes,Q1/2025,3.1,Mobile App Design,59.9,57,No,Yes,5,2,Medium,No
E1306,35,Female,Married,Bachelor,IT,IT Support,1/20/2019,6,6,Full-time,"C#, NoSQL",Yes,Q1/2025,3.6,Mobile App Design,93.0,33,No,No,4,1,Low,No
E1307,29,Female,Married,Bachelor,HR,HR Executive,12/10/2016,9,11,Full-time,"Java, AWS, Vue.js, Azure, C#",Yes,Q1/2025,3.2,Data Analytics Platform,61.9,31,No,Yes,4,2,High,No
E1308,25,Male,Single,Bachelor,Sales,Sales Executive,5/31/2024,1,4,Full-time,"Kubernetes, Vue.js, React",Yes,Q1/2025,3.7,API Development,63.4,10,No,Yes,4,3,Medium,No
E1309,23,Female,Married,Bachelor,HR,HR Executive,1/28/2016,9,9,Full-time,"Java, Kubernetes, GCP, AWS",Yes,Q1/2025,3.0,DevOps Automation,91.7,32,Yes,Yes,3,2,High,Yes
E1310,28,Male,Single,Master,QA,QA Engineer,11/17/2018,7,10,Part-time,"SQL, Docker, NoSQL",Yes,Q1/2025,3.5,Cybersecurity Implementation,46.6,35,Yes,No,2,4,Low,No
E1311,30,Male,Married,Bachelor,HR,Recruiter,6/3/2023,2,5,Full-time,"NoSQL, Docker, Azure, Kubernetes",No,Q1/2025,3.4,Data Analytics Platform,69.7,14,No,Yes,2,3,Medium,No
E1312,22,Female,Married,Master,IT,System Admin,9/22/2016,9,12,Full-time,"Python, Docker, Azure, C#",No,Q1/2025,4.2,Mobile App Design,43.7,24,No,No,1,2,Medium,No
E1313,31,Male,Single,Bachelor,Marketing,Digital Marketer,8/7/2012,13,15,Full-time,"SQL, Vue.js, Python",No,Q1/2025,3.8,Data Analytics Platform,79.2,40,No,No,2,1,Low,No
E1314,28,Male,Single,Master,Sales,Sales Executive,11/15/2023,2,3,Full-time,"Angular, Kubernetes, SQL",Yes,Q1/2025,2.7,Data Analytics Platform,76.0,18,No,Yes,5,4,High,Yes
E1315,29,Male,Single,Bachelor,QA,QA Engineer,9/27/2013,12,12,Full-time,"GCP, Azure, AWS",Yes,Q1/2025,3.7,Cloud Migration,70.8,44,No,No,4,2,Medium,No
E1316,28,Female,Married,Bachelor,IT,IT Support,2/23/2015,10,11,Full-time,"Python, Docker, React, SQL, GCP",No,Q1/2025,4.1,Cybersecurity Implementation,75.1,54,Yes,No,2,2,Low,No
E1317,23,Female,Single,Master,QA,Test Analyst,5/11/2020,5,7,Contractor,"Docker, Angular, AWS",Yes,Q1/2025,3.4,Web Application Development,84.3,21,No,Yes,1,5,Low,No
E1318,29,Female,Married,Bachelor,QA,QA Engineer,8/18/2024,1,4,Full-time,"GCP, NoSQL, Angular, Azure",No,Q1/2025,4.2,AI/ML Model Deployment,64.4,12,No,Yes,4,3,Medium,No
E1319,29,Female,Single,Bachelor,Sales,Account Manager,9/4/2016,9,10,Contractor,"Vue.js, Python, GCP",No,Q1/2025,3.6,API Development,60.0,46,No,No,1,4,Low,No
E1320,30,Female,Married,Master,QA,QA Engineer,9/14/2012,13,15,Part-time,"AWS, SQL, NoSQL",Yes,Q1/2025,3.6,Data Analytics Platform,85.7,40,No,No,1,3,Low,No
E1321,28,Male,Single,Bachelor,Finance,Financial Analyst,10/18/2023,2,5,Full-time,"React, AWS, GCP, Java",Yes,Q1/2025,4.3,Web Application Development,40.0,12,No,No,3,5,Low,No
E1322,28,Male,Married,Bachelor,Marketing,Business Analyst,8/1/2019,6,7,Full-time,"Java, Kubernetes, SQL, AWS, Angular",Yes,Q1/2025,3.7,Cloud Migration,92.0,33,No,No,1,4,High,No
E1323,25,Female,Married,Master,Marketing,Business Analyst,8/23/2010,15,17,Full-time,"Vue.js, AWS",No,Q1/2025,3.8,API Development,87.2,41,No,No,4,4,Low,No
E1324,32,Female,Married,Bachelor,HR,HR Executive,8/27/2024,1,2,Full-time,"SQL, Vue.js",No,Q1/2025,3.9,DevOps Automation,80.5,8,No,Yes,5,1,Medium,No
E1325,34,Male,Single,Bachelor,Sales,Sales Executive,1/21/2020,5,6,Contractor,"Azure, GCP, NoSQL",No,Q1/2025,3.2,Data Analytics Platform,56.3,27,No,Yes,2,1,Low,No
E1326,29,Female,Single,Bachelor,IT,System Admin,2/26/2019,6,6,Part-time,"Docker, AWS, Kubernetes, Azure, React",Yes,Q1/2025,2.9,AI/ML Model Deployment,69.0,29,No,Yes,3,2,Low,No
E1327,28,Female,Single,Master,Marketing,Business Analyst,1/16/2013,12,15,Part-time,"Angular, Vue.js, Java",No,Q1/2025,3.3,Cloud Migration,59.3,35,No,Yes,5,3,High,No
E1328,33,Male,Divorced,College,Finance,Financial Analyst,9/4/2010,15,16,Contractor,"AWS, Azure",No,Q1/2025,3.5,Web Application Development,89.6,50,No,No,5,2,High,No
E1329,38,Female,Single,Master,IT,Software Engineer,12/29/2020,5,5,Full-time,"C#, SQL, Kubernetes, AWS",No,Q1/2025,4.4,AI/ML Model Deployment,58.0,25,No,No,1,2,Low,Yes
E1330,38,Female,Married,Bachelor,HR,Recruiter,5/4/2023,2,5,Full-time,"GCP, Python, Vue.js",No,Q1/2025,4.4,Web Application Development,76.3,16,No,No,4,1,Medium,Yes
E1331,36,Female,Single,Bachelor,QA,Test Analyst,5/16/2024,1,2,Full-time,"NoSQL, Kubernetes, Docker, Angular, Python",No,Q1/2025,4.4,Cybersecurity Implementation,96.6,9,No,Yes,1,1,Medium,No
E1332,37,Male,Single,Master,Sales,Sales Executive,11/6/2015,10,12,Full-time,"React, Kubernetes, Azure, NoSQL",No,Q1/2025,3.5,API Development,95.7,39,Yes,No,3,2,High,Yes
E1333,22,Female,Single,Bachelor,Sales,Account Manager,2/17/2023,2,5,Full-time,"NoSQL, Java",Yes,Q1/2025,5.0,API Development,76.8,19,Yes,No,1,1,Low,No
E1334,32,Female,Married,Bachelor,IT,Software Engineer,2/26/2019,6,8,Full-time,"GCP, Angular, Kubernetes",No,Q1/2025,3.2,Cybersecurity Implementation,60.6,21,No,Yes,5,5,Medium,No
E1335,29,Male,Married,Bachelor,IT,System Admin,6/22/2015,10,11,Full-time,"Angular, Docker",Yes,Q1/2025,5.0,Mobile App Design,42.7,44,No,No,2,2,Low,No
E1336,25,Male,Married,Master,QA,QA Engineer,11/25/2011,14,14,Full-time,"Vue.js, C#, AWS, SQL, Angular",Yes,Q1/2025,3.0,Cloud Migration,72.9,55,No,Yes,2,3,Low,No
E1337,39,Female,Married,Master,QA,QA Engineer,6/6/2023,2,2,Full-time,"Java, Angular",No,Q1/2025,4.3,DevOps Automation,73.7,15,No,No,5,3,Low,Yes
E1338,27,Female,Single,Bachelor,QA,QA Engineer,1/3/2015,10,10,Part-time,"React, Vue.js, Docker",No,Q1/2025,3.8,Cybersecurity Implementation,91.0,48,Yes,No,1,1,Medium,No
E1339,42,Female,Married,Bachelor,HR,HR Executive,12/22/2010,15,15,Full-time,"NoSQL, Angular",No,Q1/2025,4.5,Cybersecurity Implementation,52.6,46,No,No,3,1,Low,Yes
E1340,33,Female,Married,Bachelor,QA,QA Engineer,10/2/2015,10,12,Full-time,"Angular, SQL",Yes,Q1/2025,3.6,Mobile App Design,74.6,37,No,No,4,4,Low,No
E1341,32,Female,Single,Master,IT,DevOps Engineer,8/11/2014,11,12,Full-time,"AWS, Java, Vue.js, Azure, Angular",No,Q1/2025,4.2,Web Application Development,57.8,38,No,No,2,1,High,No
E1342,28,Female,Single,PhD,QA,QA Engineer,1/29/2021,4,6,Full-time,"Kubernetes, React, Azure, NoSQL, AWS",Yes,Q1/2025,3.8,API Development,75.4,19,No,No,4,5,Low,No
E1343,25,Other,Married,Bachelor,IT,Software Engineer,9/3/2021,4,4,Part-time,"Kubernetes, SQL, Java, AWS, NoSQL",Yes,Q1/2025,4.0,Mobile App Design,69.2,15,No,No,5,3,Low,No
E1344,32,Female,Single,Master,QA,QA Engineer,1/19/2019,6,9,Contractor,"Azure, C#, SQL",Yes,Q1/2025,3.8,AI/ML Model Deployment,47.9,23,No,No,2,4,Medium,No
E1345,34,Male,Single,Master,HR,HR Executive,8/12/2013,12,14,Contractor,"Kubernetes, Angular",Yes,Q1/2025,3.3,API Development,54.1,42,No,Yes,5,4,Low,No
E1346,23,Male,Single,Bachelor,Marketing,Digital Marketer,8/17/2018,7,9,Full-time,"AWS, Vue.js, NoSQL",Yes,Q1/2025,4.2,Data Analytics Platform,94.1,32,No,No,1,4,Low,No
E1347,31,Female,Single,College,HR,Recruiter,7/28/2013,12,12,Full-time,"AWS, NoSQL",Yes,Q1/2025,4.2,Data Analytics Platform,89.8,57,No,No,1,3,Medium,No
E1348,26,Male,Married,Bachelor,Finance,Finance Manager,6/2/2017,8,8,Full-time,"AWS, Kubernetes, Vue.js, SQL, Python",No,Q1/2025,3.9,Cybersecurity Implementation,79.8,46,No,No,2,3,Medium,No
E1349,28,Male,Married,Master,IT,IT Support,2/15/2017,8,9,Full-time,"Docker, GCP",No,Q1/2025,3.8,Cloud Migration,78.5,31,No,No,2,4,Medium,No
E1350,34,Female,Married,College,HR,HR Executive,11/6/2014,11,12,Full-time,"GCP, React, Python, C#, Angular",No,Q1/2025,3.5,Cloud Migration,69.8,49,No,No,5,4,Low,No
E1351,30,Male,Married,Bachelor,IT,System Admin,7/8/2019,6,6,Part-time,"NoSQL, GCP",No,Q1/2025,2.5,DevOps Automation,90.1,32,No,Yes,4,3,Low,No
E1352,29,Male,Married,Master,Sales,Account Manager,3/14/2015,10,11,Contractor,"Angular, Vue.js, Java",Yes,Q1/2025,3.2,Mobile App Design,81.6,71,No,Yes,5,2,Medium,No
E1353,38,Female,Married,Master,Finance,Finance Manager,2/17/2016,9,10,Full-time,"GCP, AWS, Docker, C#",No,Q1/2025,3.2,Mobile App Design,93.8,32,No,Yes,5,3,Low,Yes
E1354,31,Male,Married,Bachelor,Sales,Account Manager,7/2/2016,9,9,Contractor,"React, C#, GCP, Docker",No,Q1/2025,3.1,Data Analytics Platform,69.6,40,No,Yes,4,5,Medium,No
E1355,33,Female,Single,College,QA,Test Analyst,7/14/2024,1,3,Full-time,"SQL, Python, Azure, C#",Yes,Q1/2025,4.3,Cloud Migration,74.6,11,No,Yes,1,4,Low,No
E1356,30,Male,Divorced,Bachelor,HR,HR Executive,4/19/2011,14,16,Full-time,"SQL, Kubernetes, C#",No,Q1/2025,3.8,Data Analytics Platform,92.3,44,No,No,3,1,Low,No
E1357,40,Female,Single,Bachelor,Finance,Financial Analyst,11/4/2017,8,8,Full-time,"SQL, NoSQL, GCP",Yes,Q1/2025,4.3,Cloud Migration,76.7,29,Yes,No,2,3,Low,Yes
E1358,35,Male,Married,Bachelor,QA,QA Engineer,3/15/2014,11,13,Full-time,"React, Java, SQL, GCP",Yes,Q1/2025,3.7,AI/ML Model Deployment,88.9,47,No,No,2,4,Low,No
E1359,28,Female,Married,Bachelor,Marketing,Business Analyst,12/5/2014,11,11,Contractor,"Java, SQL, Python, AWS",Yes,Q1/2025,4.3,DevOps Automation,70.8,58,No,No,1,3,Medium,No
E1360,36,Male,Single,Bachelor,QA,QA Engineer,1/16/2012,13,16,Full-time,"Java, Kubernetes",No,Q1/2025,3.5,DevOps Automation,66.1,60,No,No,2,4,Medium,No
E1361,32,Female,Single,Bachelor,Finance,Accountant,11/29/2023,2,3,Full-time,"Kubernetes, Angular, Docker",Yes,Q1/2025,4.6,DevOps Automation,72.7,20,No,No,4,2,Medium,No
E1362,32,Male,Single,Master,IT,System Admin,4/22/2021,4,6,Full-time,"Docker, C#, Python, Azure, GCP",Yes,Q1/2025,4.7,Mobile App Design,59.6,16,Yes,No,2,5,Medium,No
E1363,25,Female,Single,Bachelor,IT,System Admin,1/22/2018,7,7,Full-time,"SQL, Azure, NoSQL, AWS",Yes,Q1/2025,4.2,Web Application Development,50.2,23,No,No,1,2,High,No
E1364,25,Male,Married,Master,Finance,Finance Manager,4/8/2015,10,10,Contractor,"AWS, Vue.js, Java, Angular",No,Q1/2025,3.1,DevOps Automation,56.2,84,No,Yes,4,3,Low,No
E1365,32,Female,Single,Bachelor,QA,QA Engineer,3/23/2024,1,1,Full-time,"Kubernetes, Vue.js, SQL",Yes,Q1/2025,3.7,API Development,77.9,10,No,Yes,3,5,Low,No
E1366,23,Male,Single,Master,Finance,Finance Manager,7/11/2023,2,3,Full-time,"Docker, Azure, Vue.js",Yes,Q1/2025,4.4,Cloud Migration,63.7,23,No,No,4,4,Low,No
E1367,26,Female,Single,Bachelor,QA,QA Engineer,8/12/2013,12,14,Contractor,"Docker, Vue.js, Java",No,Q1/2025,2.1,API Development,61.8,40,No,Yes,5,1,Medium,No
E1368,23,Female,Single,Master,HR,HR Executive,8/20/2016,9,10,Full-time,"Docker, Azure, Java",No,Q1/2025,2.9,Web Application Development,81.6,26,No,Yes,1,1,Low,No
E1369,36,Female,Married,Bachelor,Marketing,Business Analyst,7/16/2019,6,9,Full-time,"Vue.js, React",Yes,Q1/2025,3.9,AI/ML Model Deployment,78.4,29,No,No,2,1,Low,No
E1370,35,Female,Married,Bachelor,Finance,Financial Analyst,3/6/2017,8,11,Full-time,"SQL, Angular, GCP",Yes,Q1/2025,4.0,DevOps Automation,58.7,33,No,No,4,1,Low,No
E1371,32,Female,Single,Bachelor,QA,QA Engineer,9/30/2022,3,5,Full-time,"GCP, Vue.js, Angular, Java, AWS",No,Q1/2025,4.8,Mobile App Design,35.6,18,No,No,1,1,High,No
E1372,27,Female,Married,Bachelor,IT,Software Engineer,8/22/2020,5,6,Full-time,"Angular, Docker, Python",Yes,Q1/2025,5.0,Cloud Migration,97.5,27,Yes,No,5,5,Low,No
E1373,26,Female,Single,Master,QA,QA Engineer,9/8/2015,10,11,Full-time,"AWS, Java, GCP, Docker, React",Yes,Q1/2025,3.7,API Development,88.2,38,No,No,4,2,Medium,No
E1374,35,Female,Single,Bachelor,QA,Test Analyst,9/23/2012,13,13,Full-time,"C#, Python, SQL, GCP, Vue.js",Yes,Q1/2025,3.4,AI/ML Model Deployment,52.4,58,No,Yes,4,1,Low,No
E1375,33,Male,Single,Master,QA,Test Analyst,2/21/2011,14,14,Full-time,"Python, AWS, Vue.js, Java, Azure",No,Q1/2025,5.0,Data Analytics Platform,46.9,46,No,No,3,3,Low,No
E1376,27,Male,Married,Bachelor,Marketing,Content Specialist,9/13/2021,4,4,Full-time,"Kubernetes, Java, React, NoSQL, Azure",No,Q1/2025,3.2,Cloud Migration,75.3,18,No,Yes,3,4,Low,No
E1377,36,Female,Married,Bachelor,Marketing,Business Analyst,9/2/2020,5,7,Contractor,"Vue.js, Kubernetes, React, SQL",Yes,Q1/2025,4.6,Data Analytics Platform,64.7,27,No,No,2,2,Medium,No
E1378,32,Female,Married,Bachelor,Marketing,Content Specialist,4/14/2015,10,13,Full-time,"Docker, C#, Kubernetes, NoSQL, React",No,Q1/2025,3.8,API Development,78.9,38,No,No,4,1,Medium,No
E1379,27,Male,Married,Bachelor,Sales,Sales Executive,8/3/2011,14,17,Full-time,"React, Docker, Angular, Kubernetes, Python",No,Q1/2025,3.8,Mobile App Design,50.5,58,No,No,4,5,Medium,No
E1380,22,Male,Single,Bachelor,Finance,Accountant,6/20/2011,14,16,Full-time,"Kubernetes, GCP, Azure",No,Q1/2025,4.2,Cybersecurity Implementation,84.7,43,No,No,3,5,High,No
E1381,27,Female,Single,PhD,Finance,Accountant,2/26/2012,13,16,Full-time,"Python, Docker, Vue.js, Azure, React",Yes,Q1/2025,3.9,AI/ML Model Deployment,71.3,58,No,No,2,5,Low,No
E1382,22,Female,Single,Bachelor,Sales,Account Manager,8/9/2017,8,11,Full-time,"Java, AWS",Yes,Q1/2025,4.3,Web Application Development,66.7,46,No,No,5,5,Medium,No
E1383,30,Female,Married,Bachelor,Finance,Financial Analyst,12/22/2022,3,4,Full-time,"Azure, NoSQL, Python, Vue.js, C#",No,Q1/2025,5.0,Web Application Development,54.9,16,Yes,No,5,4,Medium,No
E1384,34,Other,Single,Master,Finance,Finance Manager,12/22/2016,9,9,Full-time,"Docker, Java",Yes,Q1/2025,4.1,Cybersecurity Implementation,75.7,49,No,No,2,1,Low,No
E1385,31,Male,Divorced,Master,Marketing,Content Specialist,5/6/2014,11,11,Part-time,"Java, Docker, Azure, Angular, SQL",Yes,Q1/2025,5.0,API Development,51.4,50,No,No,2,5,High,No
E1386,30,Female,Married,Master,IT,IT Support,10/7/2010,15,16,Full-time,"NoSQL, React",No,Q1/2025,3.9,API Development,80.5,39,No,No,3,2,Medium,No
E1387,27,Female,Single,Bachelor,QA,QA Engineer,12/14/2016,9,12,Contractor,"Java, Kubernetes, Azure",No,Q1/2025,3.8,AI/ML Model Deployment,63.2,23,No,No,3,5,Medium,No
E1388,32,Male,Married,Bachelor,QA,Test Analyst,4/29/2018,7,7,Full-time,"AWS, React, Vue.js, Docker",No,Q1/2025,3.6,Cloud Migration,78.9,24,No,No,2,5,Medium,No
E1389,36,Male,Single,PhD,Sales,Sales Executive,5/3/2018,7,8,Part-time,"Azure, SQL",No,Q1/2025,4.3,Data Analytics Platform,81.4,33,No,No,2,1,Medium,No
E1390,22,Other,Married,Bachelor,IT,Software Engineer,8/30/2023,2,4,Full-time,"Azure, NoSQL, Angular",Yes,Q1/2025,4.1,Data Analytics Platform,83.4,12,No,No,3,4,Low,No
E1391,28,Male,Single,Master,Marketing,Business Analyst,12/12/2024,1,3,Full-time,"NoSQL, Azure, Python, SQL",Yes,Q1/2025,4.0,Web Application Development,46.9,10,No,Yes,1,5,High,No
E1392,31,Female,Married,Master,Marketing,Digital Marketer,4/28/2010,15,18,Full-time,"Docker, NoSQL",Yes,Q1/2025,4.4,Cybersecurity Implementation,73.6,54,No,No,4,4,Low,No
E1393,26,Female,Single,Bachelor,QA,Test Analyst,9/18/2017,8,8,Full-time,"Angular, C#, GCP",Yes,Q1/2025,3.4,API Development,40.7,24,No,Yes,2,1,Low,No
E1394,26,Female,Single,Bachelor,Sales,Account Manager,2/17/2012,13,14,Full-time,"GCP, Angular",Yes,Q1/2025,4.2,Data Analytics Platform,87.7,74,No,No,1,2,Medium,No
E1395,26,Male,Married,Bachelor,QA,Test Analyst,1/17/2024,1,4,Full-time,"Java, GCP",No,Q1/2025,4.3,DevOps Automation,65.8,9,No,Yes,1,5,Medium,No
E1396,29,Male,Single,Bachelor,Finance,Finance Manager,3/9/2014,11,11,Full-time,"Kubernetes, Python, Vue.js",Yes,Q1/2025,3.3,Data Analytics Platform,95.9,61,No,Yes,5,1,Medium,No
E1397,37,Female,Single,College,IT,Software Engineer,8/20/2020,5,7,Full-time,"Vue.js, Azure, Angular, C#, SQL",Yes,Q1/2025,4.2,Web Application Development,12.3,31,No,No,4,5,Medium,Yes
E1398,22,Other,Married,Master,Finance,Financial Analyst,8/25/2010,15,18,Full-time,"Java, Azure, Angular, NoSQL, SQL",No,Q1/2025,4.0,Cybersecurity Implementation,62.9,38,No,No,2,3,Medium,No
E1399,25,Female,Single,Bachelor,QA,QA Engineer,12/12/2022,3,6,Full-time,"React, Angular, GCP",Yes,Q1/2025,3.9,Data Analytics Platform,59.8,18,No,No,1,5,Low,No
E1400,33,Female,Single,College,Marketing,Digital Marketer,10/14/2023,2,4,Full-time,"SQL, AWS, C#",Yes,Q1/2025,3.1,DevOps Automation,84.6,15,Yes,Yes,3,2,Low,No
E1401,24,Female,Married,Bachelor,Finance,Finance Manager,12/5/2018,7,10,Full-time,"GCP, Python, React, Azure, Docker",No,Q1/2025,5.0,DevOps Automation,82.3,43,No,No,1,4,Low,No
E1402,30,Male,Single,Master,Finance,Accountant,11/21/2021,4,6,Full-time,"Angular, C#, AWS, GCP",No,Q1/2025,2.7,Data Analytics Platform,61.9,15,No,Yes,4,4,Medium,No
E1403,23,Male,Single,Bachelor,Finance,Financial Analyst,10/20/2010,15,15,Full-time,"Kubernetes, SQL",No,Q1/2025,4.8,AI/ML Model Deployment,25.2,50,No,No,5,4,High,No
E1404,25,Male,Divorced,Bachelor,Finance,Financial Analyst,7/30/2023,2,4,Contractor,"Java, Vue.js, Docker, Kubernetes, SQL",Yes,Q1/2025,4.9,AI/ML Model Deployment,72.9,17,No,No,5,5,Low,No
E1405,28,Male,Single,Bachelor,Sales,Account Manager,4/20/2013,12,15,Part-time,"React, Angular, NoSQL",No,Q1/2025,4.4,DevOps Automation,68.3,57,No,No,3,3,Medium,No
E1406,22,Male,Single,Bachelor,QA,QA Engineer,6/4/2020,5,5,Full-time,"C#, SQL",No,Q1/2025,5.0,Mobile App Design,55.8,27,No,No,5,5,Low,No
E1407,33,Male,Single,Bachelor,IT,DevOps Engineer,8/26/2013,12,15,Full-time,"AWS, Vue.js, Kubernetes",Yes,Q1/2025,4.6,Data Analytics Platform,73.5,57,No,No,1,4,Medium,No
E1408,25,Male,Married,Bachelor,QA,Test Analyst,4/9/2017,8,8,Part-time,"React, Vue.js, AWS, SQL, NoSQL",Yes,Q1/2025,3.1,API Development,82.4,29,No,Yes,5,5,Low,No
E1409,29,Male,Divorced,Bachelor,HR,HR Executive,9/17/2013,12,13,Full-time,"C#, SQL, Kubernetes, GCP",Yes,Q1/2025,2.7,AI/ML Model Deployment,56.1,44,No,Yes,4,2,Low,No
E1410,27,Male,Single,Bachelor,QA,Test Analyst,3/19/2011,14,17,Full-time,"Docker, AWS, Azure, NoSQL",No,Q1/2025,3.9,Cybersecurity Implementation,90.9,39,No,No,2,2,Low,No
E1411,27,Male,Single,Bachelor,QA,QA Engineer,1/28/2014,11,14,Part-time,"Kubernetes, Angular",Yes,Q1/2025,3.0,Web Application Development,67.4,50,No,Yes,4,2,Low,No
E1412,25,Female,Single,Bachelor,IT,IT Support,9/17/2023,2,3,Full-time,"NoSQL, Vue.js, Azure, Angular, GCP",No,Q1/2025,3.8,Cloud Migration,96.3,14,No,No,2,4,Medium,No
E1413,30,Female,Married,Master,HR,Recruiter,7/3/2019,6,8,Full-time,"Angular, Python, NoSQL, C#, SQL",No,Q1/2025,4.1,Web Application Development,89.4,20,Yes,No,5,4,Low,No
E1414,34,Male,Single,Master,HR,HR Executive,7/9/2020,5,6,Full-time,"NoSQL, Python",No,Q1/2025,3.6,AI/ML Model Deployment,46.3,26,No,No,4,3,Medium,No
E1415,32,Male,Married,Master,Sales,Sales Executive,9/2/2015,10,11,Contractor,"GCP, NoSQL, Docker, Vue.js",Yes,Q1/2025,4.1,Cloud Migration,78.6,57,No,No,1,1,High,No
E1416,30,Male,Single,Master,Finance,Finance Manager,4/8/2013,12,13,Full-time,"Angular, Azure, GCP",Yes,Q1/2025,3.3,API Development,94.3,58,No,Yes,5,5,Medium,No
E1417,38,Female,Married,PhD,IT,Software Engineer,10/14/2016,9,10,Full-time,"NoSQL, Angular, Docker, GCP, Java",Yes,Q1/2025,4.0,Web Application Development,48.9,32,No,No,5,4,Medium,Yes
E1418,26,Female,Single,Bachelor,Finance,Financial Analyst,1/3/2014,11,13,Full-time,"AWS, C#, Azure, Python, Vue.js",No,Q1/2025,4.0,DevOps Automation,89.3,45,No,No,1,5,Medium,No
E1419,28,Male,Married,Master,QA,QA Engineer,9/11/2012,13,14,Full-time,"Kubernetes, Docker, Angular",No,Q1/2025,3.9,Web Application Development,61.5,57,No,No,5,4,Low,No
E1420,32,Male,Single,Bachelor,HR,HR Executive,11/7/2013,12,15,Full-time,"Angular, Kubernetes",Yes,Q1/2025,3.7,API Development,42.9,35,No,No,5,3,Low,No
E1421,33,Male,Married,Master,IT,DevOps Engineer,2/2/2021,4,5,Full-time,"Java, Python, GCP, C#",No,Q1/2025,4.0,Cybersecurity Implementation,60.1,14,No,No,5,4,Low,No
E1422,32,Female,Married,Bachelor,IT,DevOps Engineer,12/12/2018,7,8,Contractor,"Java, AWS, GCP, React",Yes,Q1/2025,2.6,Cybersecurity Implementation,41.9,20,No,Yes,4,3,Medium,No
E1423,32,Male,Single,Bachelor,Finance,Finance Manager,9/22/2012,13,16,Full-time,"Kubernetes, AWS",No,Q1/2025,3.8,Data Analytics Platform,36.2,64,No,No,1,2,High,No
E1424,44,Female,Single,Bachelor,Finance,Accountant,10/15/2014,11,12,Full-time,"React, AWS, NoSQL",No,Q1/2025,4.3,Data Analytics Platform,76.9,37,No,No,5,1,Medium,Yes
E1425,29,Female,Single,College,HR,HR Executive,1/13/2014,11,11,Part-time,"Angular, C#, Azure",No,Q1/2025,2.6,Cloud Migration,70.1,51,No,Yes,3,5,Low,No
E1426,37,Female,Divorced,Master,Finance,Finance Manager,2/22/2017,8,9,Full-time,"C#, Kubernetes, React, Angular",Yes,Q1/2025,4.2,Mobile App Design,76.4,29,No,No,1,3,High,Yes
E1427,38,Male,Single,College,IT,System Admin,5/3/2024,1,3,Full-time,"NoSQL, Angular",Yes,Q1/2025,4.7,API Development,60.1,12,No,Yes,1,5,High,Yes
E1428,31,Female,Single,Bachelor,QA,Test Analyst,10/4/2010,15,17,Full-time,"React, SQL, Angular, Vue.js, GCP",Yes,Q1/2025,3.7,Cloud Migration,95.5,56,No,No,5,3,Low,No
E1429,23,Male,Single,College,Finance,Finance Manager,12/23/2019,6,9,Full-time,"Java, SQL, Docker, GCP, NoSQL",Yes,Q1/2025,4.6,Cloud Migration,68.7,29,No,No,1,4,Medium,No
E1430,30,Male,Married,Bachelor,QA,QA Engineer,8/8/2012,13,16,Part-time,"GCP, Docker, C#, SQL",No,Q1/2025,3.9,Cloud Migration,77.4,43,No,No,3,4,Medium,No
E1431,33,Female,Single,College,Sales,Sales Executive,9/13/2012,13,16,Full-time,"Kubernetes, C#, SQL, AWS",No,Q1/2025,3.7,Cloud Migration,88.1,58,Yes,No,4,3,Medium,No
E1432,31,Female,Married,Bachelor,HR,Recruiter,11/7/2017,8,11,Full-time,"Java, Angular, Vue.js, C#",No,Q1/2025,2.6,AI/ML Model Deployment,48.8,30,No,Yes,5,4,Low,No
E1433,25,Male,Single,College,HR,Recruiter,1/28/2024,1,1,Full-time,"Angular, Kubernetes, NoSQL, SQL",No,Q1/2025,4.4,AI/ML Model Deployment,96.0,10,No,Yes,3,1,Medium,No
E1434,37,Female,Married,Bachelor,Marketing,Business Analyst,2/28/2024,1,3,Full-time,"Docker, Vue.js",No,Q1/2025,4.4,Cloud Migration,80.0,11,No,Yes,4,5,Medium,Yes
E1435,25,Female,Married,Bachelor,Marketing,Business Analyst,8/7/2020,5,7,Full-time,"Java, React, Docker",No,Q1/2025,4.4,Cloud Migration,86.0,23,No,No,1,1,High,No
E1436,29,Female,Married,Bachelor,IT,System Admin,8/29/2023,2,4,Part-time,"GCP, Kubernetes, Java, Azure",No,Q1/2025,4.9,Cybersecurity Implementation,88.7,19,No,No,3,5,Medium,No
E1437,22,Other,Single,Bachelor,HR,Recruiter,5/8/2010,15,15,Full-time,"Angular, Kubernetes",No,Q1/2025,5.0,Cybersecurity Implementation,52.0,52,No,No,5,2,Medium,No
E1438,24,Female,Divorced,Bachelor,HR,HR Executive,9/25/2019,6,6,Full-time,"C#, GCP, Docker",Yes,Q1/2025,4.3,Mobile App Design,80.2,24,No,No,4,3,Low,No
E1439,26,Female,Married,Bachelor,QA,QA Engineer,11/27/2011,14,16,Part-time,"SQL, AWS, Python",No,Q1/2025,4.3,Cloud Migration,80.8,50,No,No,1,4,High,No
E1440,27,Female,Single,Master,QA,Test Analyst,11/16/2010,15,16,Contractor,"AWS, Python, Azure, Docker, Angular",Yes,Q1/2025,3.8,Data Analytics Platform,74.7,53,No,No,3,5,Low,No
E1441,27,Male,Single,Bachelor,IT,IT Support,3/28/2024,1,1,Part-time,"Azure, GCP, C#, AWS",No,Q1/2025,4.0,Web Application Development,81.1,11,Yes,Yes,1,3,High,No
E1442,33,Male,Married,Master,Marketing,Digital Marketer,2/23/2024,1,4,Full-time,"NoSQL, Azure",No,Q1/2025,3.5,DevOps Automation,97.3,9,No,Yes,4,3,Medium,No
E1443,33,Male,Single,Bachelor,Sales,Sales Executive,2/16/2024,1,3,Full-time,"React, SQL, Python, GCP, NoSQL",Yes,Q1/2025,4.4,API Development,76.1,8,No,Yes,1,1,Medium,No
E1444,38,Male,Single,Bachelor,HR,Recruiter,12/16/2014,11,13,Full-time,"NoSQL, AWS, React, Angular",No,Q1/2025,4.0,Web Application Development,92.1,47,No,No,1,5,Medium,Yes
E1445,41,Female,Single,Bachelor,IT,Software Engineer,1/19/2014,11,13,Full-time,"React, Angular, AWS",Yes,Q1/2025,4.0,Web Application Development,75.8,47,No,No,5,4,Low,Yes
E1446,34,Female,Single,Bachelor,Sales,Account Manager,6/23/2015,10,12,Part-time,"React, Azure, C#, Docker",Yes,Q1/2025,4.8,Data Analytics Platform,76.7,84,No,No,4,2,Low,No
E1447,32,Male,Single,Bachelor,QA,Test Analyst,9/14/2014,11,14,Full-time,"Azure, SQL",Yes,Q1/2025,3.0,Mobile App Design,88.1,47,No,Yes,2,5,Low,No
E1448,25,Male,Divorced,Master,Sales,Account Manager,3/8/2021,4,5,Full-time,"GCP, Kubernetes",Yes,Q1/2025,4.3,API Development,68.1,26,No,No,4,3,Low,No
E1449,25,Female,Single,Bachelor,Sales,Account Manager,4/25/2023,2,4,Full-time,"AWS, Azure, Python, Kubernetes, Vue.js",Yes,Q1/2025,3.5,API Development,79.2,16,No,No,3,1,Low,No
E1450,27,Female,Single,College,Sales,Sales Executive,1/10/2017,8,9,Full-time,"Docker, Angular",No,Q1/2025,4.1,DevOps Automation,88.3,35,No,No,3,4,Low,No
E1451,35,Male,Married,Bachelor,IT,IT Support,2/1/2014,11,13,Full-time,"SQL, Azure, Angular, React",No,Q1/2025,3.5,Mobile App Design,59.5,44,No,No,4,1,Low,No
E1452,31,Male,Married,PhD,QA,QA Engineer,11/2/2010,15,18,Full-time,"Kubernetes, Docker",No,Q1/2025,4.5,API Development,68.5,40,No,No,5,4,Low,No
E1453,35,Other,Married,Bachelor,Sales,Account Manager,2/14/2012,13,13,Full-time,"NoSQL, Angular, Azure",No,Q1/2025,3.5,Data Analytics Platform,97.4,72,No,No,2,2,Low,No
E1454,36,Male,Divorced,Bachelor,Sales,Sales Executive,3/1/2020,5,5,Full-time,"Angular, Java, Docker, AWS, Vue.js",No,Q1/2025,4.0,Cybersecurity Implementation,84.7,23,No,No,2,2,High,No
E1455,40,Female,Divorced,Bachelor,IT,System Admin,3/13/2011,14,17,Full-time,"Kubernetes, Vue.js, AWS, Java",No,Q1/2025,4.0,Cloud Migration,73.9,59,No,No,5,3,Medium,Yes
E1456,38,Male,Single,Bachelor,HR,Recruiter,10/8/2020,5,6,Full-time,"Kubernetes, Java",Yes,Q1/2025,4.2,API Development,68.1,22,No,No,4,5,Low,Yes
E1457,33,Female,Married,Bachelor,Sales,Sales Executive,5/2/2023,2,3,Full-time,"Azure, Vue.js, Python, AWS",No,Q1/2025,3.2,DevOps Automation,28.3,20,No,Yes,1,1,Low,No
E1458,36,Male,Married,Bachelor,IT,IT Support,7/21/2012,13,14,Full-time,"GCP, Python",No,Q1/2025,3.4,Mobile App Design,59.9,41,No,Yes,3,5,Low,Yes
E1459,37,Female,Married,Bachelor,Finance,Financial Analyst,5/1/2020,5,6,Full-time,"SQL, C#, Java, Vue.js, React",No,Q1/2025,4.1,Web Application Development,80.5,25,No,No,3,2,Medium,Yes
E1460,22,Male,Single,Master,Sales,Account Manager,1/5/2024,1,3,Full-time,"C#, NoSQL, AWS, GCP, React",Yes,Q1/2025,3.4,Cybersecurity Implementation,51.3,16,No,Yes,2,5,Low,No
E1461,26,Male,Single,Bachelor,Sales,Sales Executive,4/8/2020,5,6,Full-time,"Docker, NoSQL, GCP",No,Q1/2025,3.4,Mobile App Design,85.0,31,No,Yes,1,3,Medium,No
E1462,28,Male,Married,Master,QA,QA Engineer,4/9/2020,5,7,Full-time,"GCP, SQL, React, Vue.js, Docker",No,Q1/2025,4.0,Mobile App Design,54.8,29,No,No,3,2,High,No
E1463,25,Female,Single,Master,Finance,Financial Analyst,11/1/2012,13,15,Full-time,"C#, AWS",No,Q1/2025,3.7,Mobile App Design,76.7,40,Yes,No,2,2,High,No
E1464,31,Female,Single,Bachelor,QA,QA Engineer,10/8/2012,13,16,Part-time,"Java, NoSQL, Azure, Kubernetes, AWS",Yes,Q1/2025,4.6,Data Analytics Platform,75.9,40,No,No,3,4,High,No
E1465,30,Female,Single,Master,QA,QA Engineer,1/28/2015,10,11,Full-time,"Angular, NoSQL, Java, GCP",Yes,Q1/2025,3.6,API Development,49.2,40,No,No,4,2,Medium,No
E1466,36,Male,Single,College,Finance,Finance Manager,8/5/2020,5,7,Full-time,"Kubernetes, SQL, Docker",Yes,Q1/2025,3.8,Web Application Development,94.6,33,No,No,2,2,Low,Yes
E1467,32,Male,Married,Bachelor,HR,Recruiter,1/21/2010,15,17,Contractor,"Java, C#",Yes,Q1/2025,3.2,AI/ML Model Deployment,84.3,54,Yes,Yes,4,4,High,No
E1468,31,Male,Single,Master,IT,IT Support,7/7/2010,15,16,Full-time,"NoSQL, Kubernetes, Docker",Yes,Q1/2025,4.1,Web Application Development,83.7,43,No,No,1,4,Low,No
E1469,37,Male,Single,Bachelor,Finance,Finance Manager,7/7/2020,5,7,Full-time,"Java, AWS, Docker, Azure",Yes,Q1/2025,3.5,Mobile App Design,54.0,46,No,No,4,3,Medium,Yes
E1470,26,Male,Single,Bachelor,Marketing,Content Specialist,2/13/2020,5,6,Full-time,"Azure, GCP, Python",Yes,Q1/2025,3.1,Web Application Development,82.6,32,Yes,Yes,3,2,Low,No
E1471,26,Female,Single,PhD,Marketing,Business Analyst,10/19/2016,9,9,Full-time,"SQL, Vue.js",Yes,Q1/2025,3.8,Mobile App Design,67.5,24,No,No,4,4,High,No
E1472,28,Male,Single,PhD,HR,HR Executive,7/10/2015,10,13,Full-time,"SQL, C#, Vue.js, NoSQL, Docker",No,Q1/2025,3.6,API Development,54.0,51,No,No,1,5,Medium,No
E1473,24,Male,Married,Bachelor,HR,HR Executive,12/19/2015,10,13,Full-time,"AWS, React, NoSQL, Angular",Yes,Q1/2025,4.1,AI/ML Model Deployment,37.5,56,No,No,2,3,High,No
E1474,25,Male,Single,Bachelor,Finance,Accountant,1/31/2019,6,8,Full-time,"Java, Python, C#, NoSQL",Yes,Q1/2025,4.3,Cloud Migration,84.8,23,No,No,1,5,Low,No
E1475,28,Female,Married,Master,Finance,Finance Manager,12/22/2023,2,5,Contractor,"NoSQL, Azure, Kubernetes, Java",Yes,Q1/2025,3.2,Web Application Development,89.0,28,Yes,Yes,1,3,Low,No
E1476,30,Male,Single,Bachelor,IT,DevOps Engineer,12/19/2013,12,12,Contractor,"Python, Vue.js, Java, Docker, Angular",Yes,Q1/2025,4.6,Cybersecurity Implementation,50.1,49,No,No,5,3,Low,No
E1477,22,Female,Married,Bachelor,Marketing,Business Analyst,1/2/2011,14,17,Part-time,"Docker, Angular",Yes,Q1/2025,4.7,Cybersecurity Implementation,76.9,43,No,No,4,2,Low,No
E1478,22,Male,Single,Master,QA,Test Analyst,4/3/2018,7,9,Contractor,"Angular, Vue.js, Java, Python, NoSQL",Yes,Q1/2025,3.1,Web Application Development,73.2,35,No,Yes,1,5,Low,No
E1479,28,Male,Single,Bachelor,Sales,Sales Executive,1/10/2022,3,4,Full-time,"Azure, SQL, Angular, Kubernetes",Yes,Q1/2025,3.6,API Development,42.7,12,No,No,5,4,Low,No
E1480,22,Female,Single,Bachelor,Sales,Account Manager,6/29/2022,3,5,Full-time,"C#, NoSQL, Docker, Azure, React",Yes,Q1/2025,4.1,AI/ML Model Deployment,37.5,19,No,No,1,5,Medium,No
E1481,23,Female,Single,Master,QA,Test Analyst,2/4/2017,8,10,Part-time,"SQL, Azure, NoSQL, C#, Docker",Yes,Q1/2025,4.0,Mobile App Design,75.6,25,No,No,1,5,Medium,No
E1482,32,Male,Single,Bachelor,Finance,Financial Analyst,7/3/2013,12,15,Full-time,"Azure, NoSQL, Docker",Yes,Q1/2025,3.6,Web Application Development,91.7,38,No,No,4,1,Medium,No
E1483,29,Male,Married,Master,Sales,Sales Executive,8/7/2018,7,9,Full-time,"C#, NoSQL, GCP, Python, Docker",Yes,Q1/2025,4.9,Cybersecurity Implementation,40.4,34,No,No,2,1,Medium,No
E1484,33,Male,Married,Bachelor,Sales,Account Manager,8/29/2023,2,4,Full-time,"Docker, Azure",No,Q1/2025,3.2,AI/ML Model Deployment,82.4,25,No,Yes,2,2,Low,No
E1485,28,Female,Single,Master,Finance,Financial Analyst,7/31/2011,14,17,Full-time,"React, Kubernetes, Python, GCP",No,Q1/2025,4.4,Data Analytics Platform,74.8,45,No,No,5,3,Low,No
E1486,24,Male,Married,Bachelor,IT,Software Engineer,2/8/2011,14,14,Full-time,"Angular, C#, AWS, Python",Yes,Q1/2025,3.1,Data Analytics Platform,38.0,57,No,Yes,1,4,Medium,No
E1487,38,Female,Single,Bachelor,Marketing,Business Analyst,5/10/2024,1,4,Full-time,"Python, React, Azure",No,Q1/2025,4.8,Cybersecurity Implementation,89.5,11,No,Yes,1,1,Medium,Yes
E1488,22,Female,Single,Bachelor,Marketing,Content Specialist,1/24/2021,4,7,Full-time,"AWS, Kubernetes, Azure",Yes,Q1/2025,4.4,Web Application Development,82.8,16,No,No,1,3,Medium,No
E1489,22,Female,Married,Master,HR,HR Executive,2/3/2016,9,12,Contractor,"Angular, NoSQL, Java, Docker, Python",Yes,Q1/2025,3.1,Web Application Development,67.1,34,Yes,Yes,1,1,Low,No
E1490,22,Male,Single,College,IT,DevOps Engineer,8/10/2014,11,13,Full-time,"Java, SQL",No,Q1/2025,3.9,DevOps Automation,73.5,48,Yes,No,3,5,Low,No
E1491,22,Male,Married,College,Sales,Account Manager,3/17/2010,15,15,Full-time,"Vue.js, GCP, Python, Java, NoSQL",Yes,Q1/2025,4.0,Data Analytics Platform,55.2,77,No,No,2,4,Low,No
E1492,24,Female,Married,Bachelor,Finance,Accountant,10/5/2013,12,12,Full-time,"AWS, Kubernetes, C#, React",No,Q1/2025,3.8,AI/ML Model Deployment,77.8,38,Yes,No,1,3,Low,No
E1493,31,Female,Single,Bachelor,Marketing,Content Specialist,10/8/2014,11,11,Full-time,"AWS, SQL, Java, Azure",No,Q1/2025,3.4,DevOps Automation,95.2,37,No,Yes,5,4,Low,No
E1494,35,Other,Divorced,Bachelor,IT,DevOps Engineer,10/1/2011,14,17,Full-time,"Python, Java, AWS",Yes,Q1/2025,3.8,Cloud Migration,68.7,53,No,No,2,5,Low,No
E1495,35,Male,Single,Bachelor,HR,Recruiter,6/26/2013,12,12,Full-time,"Azure, Java, Vue.js",Yes,Q1/2025,3.9,DevOps Automation,75.1,54,Yes,No,2,5,Medium,No
E1496,36,Male,Married,PhD,Marketing,Digital Marketer,1/26/2020,5,8,Full-time,"NoSQL, Angular",No,Q1/2025,4.4,Cybersecurity Implementation,43.7,35,No,No,4,2,Low,Yes
E1497,29,Male,Married,Bachelor,IT,DevOps Engineer,5/3/2024,1,4,Full-time,"SQL, Kubernetes, React, Docker, NoSQL",Yes,Q1/2025,4.2,Cybersecurity Implementation,90.7,10,No,Yes,3,3,Medium,No
E1498,29,Male,Single,Bachelor,Marketing,Digital Marketer,3/28/2011,14,16,Full-time,"NoSQL, SQL, Angular, React, AWS",No,Q1/2025,3.9,Cloud Migration,84.7,37,No,No,1,2,Low,No
E1499,40,Female,Single,Bachelor,Sales,Account Manager,9/7/2022,3,3,Contractor,"SQL, Python",Yes,Q1/2025,3.7,Mobile App Design,66.2,19,No,No,2,4,Low,Yes
E1500,33,Male,Single,Bachelor,QA,QA Engineer,10/21/2011,14,17,Full-time,"Python, React, Docker",No,Q1/2025,4.1,API Development,84.4,40,No,No,1,1,Medium,No
E1501,22,Male,Single,Master,IT,IT Support,12/8/2018,7,9,Part-time,"Angular, Java, NoSQL, Kubernetes, Vue.js",Yes,Q1/2025,3.5,API Development,39.1,29,No,No,5,2,Low,No
E1502,37,Male,Married,Master,Marketing,Digital Marketer,9/11/2022,3,3,Full-time,"NoSQL, GCP, Vue.js",No,Q1/2025,4.3,Web Application Development,67.9,16,No,No,2,5,Low,Yes
E1503,23,Male,Single,Master,QA,Test Analyst,7/23/2012,13,15,Full-time,"Docker, Vue.js, Python",Yes,Q1/2025,4.9,AI/ML Model Deployment,45.6,36,Yes,No,1,4,Low,No
E1504,30,Male,Single,Master,Sales,Account Manager,6/12/2010,15,16,Full-time,"React, SQL, Vue.js, GCP, Angular",No,Q1/2025,5.0,Cloud Migration,88.1,82,No,No,4,5,Low,No
E1505,29,Male,Married,College,Marketing,Digital Marketer,8/23/2023,2,2,Part-time,"Azure, React, NoSQL, SQL",Yes,Q1/2025,3.5,AI/ML Model Deployment,73.7,18,No,No,2,5,High,No
E1506,25,Female,Married,Bachelor,Marketing,Business Analyst,2/23/2023,2,2,Full-time,"React, NoSQL, AWS, Java, SQL",Yes,Q1/2025,3.4,Data Analytics Platform,80.5,12,No,Yes,2,1,Low,No
E1507,24,Male,Single,Master,HR,Recruiter,7/24/2018,7,8,Contractor,"GCP, Azure",Yes,Q1/2025,3.7,Cloud Migration,71.7,30,No,No,3,1,Low,No
E1508,29,Male,Single,Bachelor,HR,Recruiter,6/27/2011,14,14,Part-time,"SQL, Java, Vue.js, GCP, Azure",Yes,Q1/2025,3.8,Data Analytics Platform,57.8,47,No,No,1,3,Low,No
E1509,34,Female,Married,Bachelor,Sales,Account Manager,1/18/2024,1,2,Full-time,"Vue.js, NoSQL, Java",Yes,Q1/2025,3.5,Web Application Development,55.5,15,No,Yes,5,1,Medium,No
E1510,30,Female,Married,Master,IT,System Admin,4/6/2021,4,6,Full-time,"Azure, Angular, Java, NoSQL",No,Q1/2025,3.5,DevOps Automation,45.2,16,No,No,3,3,Low,No
E1511,32,Male,Married,Bachelor,HR,HR Executive,12/22/2020,5,8,Full-time,"Angular, Docker, React",Yes,Q1/2025,3.6,Mobile App Design,66.7,30,No,No,1,5,Medium,No
E1512,28,Female,Married,Bachelor,HR,HR Executive,5/15/2015,10,11,Full-time,"Vue.js, Python",Yes,Q1/2025,4.2,Mobile App Design,57.9,41,No,No,4,5,Low,No
E1513,35,Female,Single,Bachelor,QA,Test Analyst,6/6/2020,5,8,Contractor,"SQL, Azure",Yes,Q1/2025,4.4,Data Analytics Platform,64.2,30,No,No,1,1,Medium,No
E1514,30,Female,Single,Bachelor,Finance,Finance Manager,5/5/2015,10,11,Full-time,"Python, Angular, Docker",No,Q1/2025,4.8,API Development,88.1,84,No,No,4,5,Medium,No
E1515,25,Male,Married,Bachelor,Marketing,Business Analyst,5/1/2010,15,17,Contractor,"GCP, Azure",Yes,Q1/2025,3.7,Mobile App Design,51.9,59,No,No,1,1,Low,No
E1516,30,Male,Single,Master,QA,QA Engineer,4/22/2014,11,13,Full-time,"Kubernetes, C#, GCP, React",Yes,Q1/2025,2.5,Data Analytics Platform,92.4,37,No,Yes,2,1,High,Yes
E1517,33,Male,Married,Bachelor,Finance,Finance Manager,5/29/2012,13,13,Full-time,"Java, GCP, Angular, Vue.js",No,Q1/2025,4.1,Mobile App Design,63.6,50,No,No,3,4,Low,No
E1518,40,Female,Married,Bachelor,Finance,Finance Manager,4/28/2011,14,14,Full-time,"AWS, Vue.js",No,Q1/2025,3.5,API Development,31.4,74,No,No,4,1,Low,Yes
E1519,24,Female,Single,Bachelor,Sales,Sales Executive,2/11/2021,4,7,Full-time,"React, Azure, C#, Python, SQL",Yes,Q1/2025,2.3,Mobile App Design,49.0,15,No,Yes,2,2,Medium,No
E1520,29,Female,Single,Bachelor,QA,QA Engineer,11/24/2017,8,11,Full-time,"Java, Azure, C#, Docker, NoSQL",Yes,Q1/2025,4.9,Cloud Migration,42.4,26,No,No,2,3,Medium,No
E1521,28,Male,Single,Master,Sales,Account Manager,1/9/2011,14,14,Full-time,"Angular, Azure, Python, AWS",No,Q1/2025,4.2,Cybersecurity Implementation,85.5,65,No,No,4,4,Low,No
E1522,33,Female,Single,Bachelor,Marketing,Content Specialist,2/20/2022,3,3,Full-time,"React, AWS, NoSQL, Python",Yes,Q1/2025,2.9,Cybersecurity Implementation,74.9,14,No,Yes,3,5,High,Yes
E1523,24,Other,Single,PhD,Sales,Sales Executive,10/18/2022,3,5,Contractor,"Vue.js, Angular, Docker, GCP, C#",Yes,Q1/2025,4.3,DevOps Automation,80.9,19,No,No,4,2,Low,No
E1524,34,Male,Married,Bachelor,IT,Software Engineer,10/7/2011,14,17,Full-time,"C#, React",No,Q1/2025,4.3,DevOps Automation,57.4,47,No,No,4,1,Low,No
E1525,34,Male,Single,Bachelor,IT,System Admin,4/16/2011,14,15,Contractor,"NoSQL, AWS, Python",Yes,Q1/2025,3.5,Mobile App Design,56.9,59,No,No,1,2,Low,No
E1526,42,Male,Married,Bachelor,Sales,Account Manager,10/12/2012,13,15,Full-time,"NoSQL, React, Docker, Java, Vue.js",Yes,Q1/2025,4.2,Data Analytics Platform,44.6,78,No,No,1,2,Low,Yes
E1527,26,Female,Married,Bachelor,Finance,Finance Manager,12/6/2013,12,15,Full-time,"React, Kubernetes",Yes,Q1/2025,4.3,DevOps Automation,90.2,51,No,No,1,1,High,No
E1528,29,Male,Single,Bachelor,QA,QA Engineer,6/24/2021,4,6,Full-time,"GCP, Azure, Docker",Yes,Q1/2025,3.6,Data Analytics Platform,68.0,14,No,No,1,5,Medium,No
E1529,30,Female,Married,Master,Finance,Accountant,2/13/2013,12,15,Full-time,"GCP, NoSQL, Azure, C#, Angular",No,Q1/2025,5.0,Data Analytics Platform,74.8,55,No,No,2,3,Low,No
E1530,26,Male,Married,Bachelor,IT,Software Engineer,1/27/2010,15,15,Full-time,"Java, SQL, React, C#",Yes,Q1/2025,3.6,AI/ML Model Deployment,58.2,53,No,No,1,5,Low,No
E1531,36,Male,Married,Master,Marketing,Digital Marketer,1/5/2019,6,8,Full-time,"AWS, React, Java, Python, SQL",Yes,Q1/2025,3.7,Mobile App Design,57.2,28,No,No,2,2,Low,No
E1532,33,Female,Single,Bachelor,IT,IT Support,7/11/2014,11,12,Full-time,"React, Kubernetes, Angular",Yes,Q1/2025,3.7,AI/ML Model Deployment,83.1,54,No,No,2,5,Low,No
E1533,22,Male,Married,PhD,Sales,Sales Executive,4/5/2013,12,14,Part-time,"Angular, Java, Python, Docker, GCP",Yes,Q1/2025,4.5,DevOps Automation,79.9,55,No,No,5,1,Low,No
E1534,33,Female,Single,College,IT,Software Engineer,6/25/2016,9,12,Contractor,"GCP, Vue.js, Angular, Docker, Java",Yes,Q1/2025,5.0,AI/ML Model Deployment,64.9,35,No,No,1,1,Low,No
E1535,22,Male,Married,Bachelor,Sales,Account Manager,8/24/2012,13,16,Full-time,"AWS, Angular, NoSQL, Java",Yes,Q1/2025,3.4,Mobile App Design,47.8,61,Yes,Yes,1,4,Medium,No
E1536,29,Male,Single,Bachelor,HR,Recruiter,1/24/2021,4,6,Full-time,"Azure, React, SQL, Python",Yes,Q1/2025,3.7,API Development,90.6,19,Yes,No,4,1,High,No
E1537,27,Male,Single,Master,Sales,Account Manager,7/12/2019,6,7,Full-time,"Vue.js, Azure, Docker, Kubernetes",Yes,Q1/2025,2.9,Data Analytics Platform,92.7,35,No,Yes,4,3,Low,No
E1538,28,Male,Married,Bachelor,QA,QA Engineer,3/30/2022,3,4,Full-time,"React, Python, SQL, Angular",No,Q1/2025,4.5,Mobile App Design,65.4,20,No,No,4,1,High,No
E1539,27,Female,Married,Bachelor,IT,IT Support,7/13/2024,1,1,Contractor,"NoSQL, Docker, C#, Angular",Yes,Q1/2025,3.6,DevOps Automation,75.0,8,No,Yes,3,2,Medium,No
E1540,29,Male,Single,Master,Finance,Financial Analyst,1/31/2021,4,6,Full-time,"React, Angular",Yes,Q1/2025,3.6,Mobile App Design,93.9,15,No,No,4,1,Low,No
E1541,35,Female,Single,Master,Sales,Account Manager,8/26/2024,1,1,Full-time,"Docker, C#",Yes,Q1/2025,4.0,DevOps Automation,90.7,16,No,Yes,3,4,Low,No
E1542,34,Female,Married,Bachelor,IT,System Admin,1/23/2024,1,3,Full-time,"React, Azure",No,Q1/2025,2.9,Web Application Development,32.8,12,No,Yes,1,5,High,Yes
E1543,32,Male,Married,PhD,Sales,Account Manager,3/18/2016,9,11,Full-time,"Vue.js, Python",No,Q1/2025,3.6,AI/ML Model Deployment,43.2,47,Yes,No,1,1,Medium,No
E1544,31,Female,Single,Bachelor,IT,IT Support,9/15/2012,13,13,Part-time,"React, AWS, Angular, GCP, SQL",Yes,Q1/2025,3.3,AI/ML Model Deployment,63.8,36,No,Yes,5,5,Low,No
E1545,26,Female,Married,Bachelor,Marketing,Business Analyst,1/28/2014,11,11,Full-time,"Kubernetes, C#, React, GCP, Java",Yes,Q1/2025,4.4,API Development,85.2,59,No,No,4,2,Medium,No
E1546,28,Male,Married,Bachelor,Sales,Account Manager,10/15/2020,5,7,Full-time,"Java, AWS, SQL",Yes,Q1/2025,4.0,Mobile App Design,76.1,39,No,No,5,4,Medium,No
E1547,30,Male,Single,Bachelor,QA,QA Engineer,9/9/2011,14,15,Full-time,"Docker, Angular, Java",No,Q1/2025,3.7,Mobile App Design,66.4,38,No,No,5,5,Low,No
E1548,29,Female,Single,College,HR,HR Executive,6/27/2022,3,6,Full-time,"SQL, Azure",No,Q1/2025,3.6,Cloud Migration,93.2,12,No,No,2,4,Medium,No
E1549,25,Female,Single,Master,HR,Recruiter,12/16/2013,12,14,Full-time,"C#, NoSQL, Vue.js, SQL",No,Q1/2025,4.1,Data Analytics Platform,68.3,40,No,No,3,2,Medium,No
E1550,35,Female,Single,Master,Finance,Financial Analyst,10/18/2020,5,5,Full-time,"Java, Angular",No,Q1/2025,3.4,AI/ML Model Deployment,69.1,25,No,Yes,5,5,Low,No
E1551,30,Female,Single,Master,Sales,Account Manager,12/8/2021,4,5,Full-time,"NoSQL, GCP",No,Q1/2025,4.0,Web Application Development,85.5,19,Yes,No,3,5,Low,No
E1552,27,Male,Married,Bachelor,Marketing,Content Specialist,8/14/2015,10,11,Full-time,"C#, SQL, Docker, GCP, Python",Yes,Q1/2025,3.6,Data Analytics Platform,78.4,56,No,No,1,2,Medium,No
E1553,30,Male,Married,Bachelor,Marketing,Digital Marketer,6/16/2015,10,10,Full-time,"Azure, Vue.js, Kubernetes",No,Q1/2025,4.6,API Development,64.7,38,No,No,2,3,Medium,No
E1554,25,Male,Single,College,QA,QA Engineer,6/11/2017,8,9,Contractor,"Python, React, AWS, Docker, C#",No,Q1/2025,3.8,Mobile App Design,62.3,32,Yes,No,3,5,Low,No
E1555,40,Female,Single,College,IT,Software Engineer,12/24/2014,11,13,Full-time,"Python, SQL, AWS",No,Q1/2025,3.1,Data Analytics Platform,87.3,48,No,Yes,5,4,Low,Yes
E1556,35,Female,Married,Master,IT,IT Support,12/18/2014,11,14,Full-time,"Java, C#, GCP",Yes,Q1/2025,4.1,DevOps Automation,78.4,55,No,No,5,3,Low,No
E1557,27,Male,Single,College,Marketing,Content Specialist,10/3/2020,5,5,Full-time,"Angular, GCP, Java, Docker, C#",Yes,Q1/2025,4.4,Cybersecurity Implementation,77.7,27,No,No,1,2,Medium,No
E1558,31,Female,Single,College,QA,QA Engineer,4/8/2015,10,12,Contractor,"Python, AWS",Yes,Q1/2025,3.9,Cloud Migration,67.4,58,No,No,2,2,Medium,No
E1559,22,Male,Single,PhD,HR,HR Executive,12/2/2014,11,14,Full-time,"SQL, GCP, AWS",Yes,Q1/2025,3.2,Data Analytics Platform,83.1,60,No,Yes,3,2,High,No
E1560,22,Male,Single,Bachelor,Marketing,Business Analyst,11/30/2018,7,9,Part-time,"Azure, Java",No,Q1/2025,3.7,API Development,77.7,27,No,No,4,5,Low,No
E1561,22,Female,Married,Bachelor,HR,HR Executive,2/18/2010,15,18,Full-time,"Angular, Java, Python, Docker",Yes,Q1/2025,2.6,Web Application Development,16.9,39,Yes,Yes,5,3,Low,No
E1562,22,Female,Married,College,QA,QA Engineer,6/13/2014,11,11,Full-time,"Azure, Docker, C#",Yes,Q1/2025,4.3,Data Analytics Platform,60.0,47,Yes,No,1,3,Medium,No
E1563,30,Female,Divorced,Bachelor,Finance,Finance Manager,6/13/2010,15,18,Full-time,"Java, Vue.js, C#",No,Q1/2025,3.9,Cybersecurity Implementation,87.4,64,No,No,5,1,Low,No
E1564,27,Female,Single,Bachelor,Marketing,Business Analyst,6/20/2011,14,16,Full-time,"SQL, Python, Angular, Kubernetes",No,Q1/2025,4.3,Cybersecurity Implementation,83.0,57,No,No,1,1,Low,No
E1565,28,Male,Single,Bachelor,Finance,Finance Manager,7/21/2018,7,9,Part-time,"Kubernetes, SQL, AWS, GCP, Azure",Yes,Q1/2025,4.1,API Development,65.8,32,No,No,5,1,High,No
E1566,22,Male,Married,Bachelor,Finance,Finance Manager,4/3/2011,14,14,Full-time,"Java, AWS, Docker, NoSQL, Angular",No,Q1/2025,3.7,Cybersecurity Implementation,65.1,79,No,No,3,3,Medium,No
E1567,27,Male,Married,College,QA,Test Analyst,2/2/2013,12,13,Full-time,"Kubernetes, NoSQL, Azure, GCP",No,Q1/2025,3.3,Cybersecurity Implementation,72.3,38,No,Yes,5,5,Low,No
E1568,40,Female,Married,Bachelor,HR,Recruiter,9/25/2013,12,14,Full-time,"Java, Docker",Yes,Q1/2025,4.1,Web Application Development,75.8,50,No,No,1,3,Medium,Yes
E1569,37,Female,Single,Master,HR,Recruiter,4/23/2024,1,3,Full-time,"Angular, Kubernetes, Docker",No,Q1/2025,2.4,Cybersecurity Implementation,55.3,11,No,Yes,4,3,Low,Yes
E1570,33,Male,Single,Bachelor,Finance,Finance Manager,10/15/2015,10,10,Full-time,"Kubernetes, Java, GCP",No,Q1/2025,3.4,AI/ML Model Deployment,61.4,64,No,Yes,2,2,Medium,No
E1571,22,Male,Married,Bachelor,Sales,Sales Executive,2/23/2019,6,8,Full-time,"AWS, GCP, Java, NoSQL, Angular",No,Q1/2025,4.1,Mobile App Design,63.3,24,No,No,5,1,Medium,No
E1572,26,Male,Single,Bachelor,Finance,Finance Manager,10/11/2013,12,14,Contractor,"NoSQL, Angular, Vue.js, Kubernetes",No,Q1/2025,4.8,Data Analytics Platform,56.3,78,Yes,No,1,4,Low,No
E1573,43,Female,Single,Bachelor,Marketing,Business Analyst,8/11/2013,12,12,Contractor,"GCP, React, Angular, Kubernetes",No,Q1/2025,2.9,Mobile App Design,87.4,41,No,Yes,3,2,Low,Yes
E1574,31,Female,Married,Master,Finance,Financial Analyst,8/17/2012,13,14,Full-time,"Kubernetes, Azure",No,Q1/2025,3.0,DevOps Automation,86.8,39,No,Yes,4,5,Medium,No
E1575,26,Female,Single,Bachelor,Finance,Accountant,3/16/2020,5,5,Full-time,"React, Angular, GCP, Python",Yes,Q1/2025,4.4,AI/ML Model Deployment,54.1,31,No,No,1,4,Low,No
E1576,23,Male,Married,Bachelor,HR,Recruiter,7/24/2012,13,16,Full-time,"Kubernetes, AWS",Yes,Q1/2025,3.9,Cloud Migration,83.5,51,No,No,5,3,Low,No
E1577,29,Male,Single,Bachelor,Finance,Financial Analyst,6/4/2013,12,13,Contractor,"GCP, Python, C#, React",Yes,Q1/2025,3.8,DevOps Automation,79.6,49,No,No,2,3,Medium,No
E1578,33,Female,Married,Bachelor,Marketing,Content Specialist,1/7/2013,12,14,Full-time,"React, C#",No,Q1/2025,3.6,Web Application Development,65.3,45,Yes,No,4,5,Low,No
E1579,36,Male,Single,Bachelor,Sales,Account Manager,4/6/2021,4,7,Contractor,"C#, Python",Yes,Q1/2025,3.9,Data Analytics Platform,90.5,23,No,No,3,3,High,No
E1580,31,Female,Married,Master,Marketing,Content Specialist,4/12/2010,15,17,Full-time,"GCP, Azure, Java",No,Q1/2025,4.0,AI/ML Model Deployment,79.4,55,No,No,4,4,Low,No
E1581,26,Male,Married,Master,Finance,Finance Manager,10/15/2022,3,5,Full-time,"Vue.js, Docker",Yes,Q1/2025,3.8,Cybersecurity Implementation,91.8,18,Yes,No,3,3,Low,No
E1582,23,Female,Single,Bachelor,HR,Recruiter,12/1/2012,13,15,Full-time,"Python, Kubernetes, SQL, GCP, AWS",No,Q1/2025,2.9,Cybersecurity Implementation,83.0,54,No,Yes,4,4,High,Yes
E1583,37,Male,Married,College,QA,Test Analyst,2/14/2022,3,5,Full-time,"SQL, NoSQL, React",Yes,Q1/2025,3.1,Mobile App Design,75.3,18,Yes,Yes,2,2,Low,Yes
E1584,26,Male,Married,Bachelor,Marketing,Content Specialist,9/27/2019,6,9,Full-time,"Docker, GCP",No,Q1/2025,3.7,API Development,84.6,32,No,No,2,1,Low,No
E1585,26,Female,Single,Bachelor,IT,IT Support,3/20/2017,8,10,Full-time,"Java, Docker, C#",No,Q1/2025,4.3,Cybersecurity Implementation,72.8,26,No,No,2,5,Medium,No
E1586,28,Female,Single,Bachelor,Finance,Financial Analyst,6/13/2020,5,6,Full-time,"Python, Vue.js",Yes,Q1/2025,4.3,Cloud Migration,81.9,30,No,No,1,1,High,No
E1587,32,Male,Single,Bachelor,Marketing,Digital Marketer,7/20/2012,13,13,Full-time,"NoSQL, Python, Vue.js, Angular, AWS",Yes,Q1/2025,3.0,Cloud Migration,78.1,59,No,Yes,1,4,Low,No
E1588,30,Male,Married,Master,QA,QA Engineer,6/12/2010,15,18,Contractor,"Docker, Azure, AWS",Yes,Q1/2025,4.3,Mobile App Design,94.0,52,No,No,5,5,Low,No
E1589,28,Female,Single,Bachelor,Finance,Financial Analyst,3/12/2017,8,10,Full-time,"Kubernetes, C#, GCP, Angular",No,Q1/2025,3.7,DevOps Automation,94.9,30,No,No,5,4,Medium,No
E1590,24,Male,Married,Bachelor,IT,IT Support,12/1/2011,14,16,Part-time,"Docker, Vue.js, Kubernetes, GCP",Yes,Q1/2025,2.8,Mobile App Design,71.8,37,No,Yes,5,5,Medium,No
E1591,22,Male,Married,Bachelor,HR,Recruiter,7/4/2012,13,14,Full-time,"AWS, C#, Docker",No,Q1/2025,2.3,Data Analytics Platform,46.2,45,No,Yes,1,3,Low,No
E1592,37,Female,Married,Master,IT,System Admin,6/9/2010,15,15,Full-time,"AWS, NoSQL, Python, React, Java",No,Q1/2025,3.2,Data Analytics Platform,67.4,58,No,Yes,5,3,Medium,Yes
E1593,34,Male,Married,Bachelor,IT,DevOps Engineer,10/14/2023,2,4,Full-time,"React, Vue.js, GCP, Angular",Yes,Q1/2025,4.4,API Development,89.7,14,No,No,5,5,Medium,No
E1594,22,Female,Married,College,QA,QA Engineer,10/21/2023,2,3,Full-time,"Kubernetes, Java, Vue.js, C#, Python",Yes,Q1/2025,4.2,AI/ML Model Deployment,88.5,14,No,No,1,3,Low,No
E1595,30,Male,Married,Bachelor,Marketing,Business Analyst,12/15/2012,13,16,Full-time,"GCP, Angular, Docker",Yes,Q1/2025,3.7,API Development,38.6,35,Yes,No,5,1,Low,No
E1596,37,Male,Married,Bachelor,QA,Test Analyst,2/8/2022,3,3,Full-time,"Vue.js, Python",Yes,Q1/2025,2.8,Cloud Migration,79.4,17,No,Yes,2,5,Low,Yes
E1597,26,Male,Divorced,Bachelor,Marketing,Digital Marketer,10/6/2019,6,7,Full-time,"Angular, GCP, Kubernetes, Vue.js, React",No,Q1/2025,3.5,Web Application Development,62.7,27,No,No,2,3,Low,No
E1598,24,Female,Married,Master,Sales,Sales Executive,1/14/2018,7,7,Full-time,"Angular, Java, Vue.js, React, Kubernetes",Yes,Q1/2025,3.1,Cybersecurity Implementation,57.2,27,No,Yes,5,2,High,Yes
E1599,30,Female,Married,Bachelor,Finance,Finance Manager,12/19/2022,3,5,Full-time,"SQL, GCP",No,Q1/2025,4.0,DevOps Automation,57.0,25,No,No,4,3,Medium,No
E1600,34,Male,Single,Bachelor,QA,Test Analyst,2/18/2024,1,4,Full-time,"AWS, Python",Yes,Q1/2025,3.4,Cloud Migration,65.8,11,No,Yes,3,4,Low,No
E1601,29,Male,Married,Bachelor,Marketing,Content Specialist,11/25/2024,1,2,Full-time,"Vue.js, C#, Kubernetes",No,Q1/2025,3.8,API Development,50.9,11,No,Yes,1,5,Low,No
E1602,32,Female,Single,Bachelor,Marketing,Business Analyst,9/29/2012,13,15,Part-time,"Azure, React, C#, Java",Yes,Q1/2025,4.0,API Development,60.8,46,No,No,1,4,Medium,No
E1603,33,Male,Single,Master,Finance,Accountant,12/18/2020,5,7,Part-time,"GCP, Docker, Angular",Yes,Q1/2025,4.9,Cloud Migration,61.5,31,No,No,3,3,Medium,No
E1604,43,Male,Married,Master,Marketing,Business Analyst,4/3/2024,1,4,Full-time,"Java, Angular, Kubernetes",No,Q1/2025,2.9,Web Application Development,87.7,11,No,Yes,3,2,Medium,Yes
E1605,22,Female,Divorced,Bachelor,Finance,Financial Analyst,6/1/2021,4,6,Contractor,"Java, Angular, Docker",Yes,Q1/2025,3.6,DevOps Automation,72.2,17,Yes,No,3,3,Medium,No
E1606,24,Female,Married,Bachelor,Marketing,Business Analyst,2/25/2013,12,13,Full-time,"Azure, AWS, SQL, Kubernetes, NoSQL",Yes,Q1/2025,3.2,Data Analytics Platform,58.1,46,No,Yes,1,2,Low,No
E1607,31,Male,Married,PhD,QA,QA Engineer,1/30/2017,8,11,Contractor,"SQL, Vue.js",No,Q1/2025,3.5,Web Application Development,97.1,31,No,No,1,5,Low,No
E1608,24,Male,Single,Bachelor,IT,DevOps Engineer,5/24/2019,6,7,Full-time,"NoSQL, Angular, Kubernetes, Azure",Yes,Q1/2025,2.5,Mobile App Design,84.3,22,No,Yes,1,3,Low,No
E1609,28,Female,Single,Bachelor,HR,HR Executive,7/27/2011,14,14,Full-time,"Vue.js, Azure, Angular, AWS, Python",No,Q1/2025,3.4,Mobile App Design,60.0,38,No,Yes,2,4,Medium,No
E1610,34,Male,Single,Bachelor,Marketing,Business Analyst,8/18/2018,7,7,Part-time,"Java, AWS, Docker, C#, Angular",Yes,Q1/2025,3.6,Cybersecurity Implementation,56.7,34,No,No,1,2,Medium,No
E1611,31,Male,Married,Bachelor,HR,Recruiter,12/8/2010,15,18,Contractor,"Java, Vue.js, Angular, SQL, AWS",Yes,Q1/2025,4.0,Cybersecurity Implementation,61.6,36,No,No,3,1,Medium,No
E1612,26,Male,Married,Bachelor,Finance,Accountant,9/19/2021,4,7,Full-time,"GCP, AWS, SQL",Yes,Q1/2025,3.6,DevOps Automation,76.2,20,No,No,5,5,Medium,No
E1613,32,Male,Married,Master,QA,Test Analyst,1/6/2010,15,18,Part-time,"C#, Python, React, Java",No,Q1/2025,4.1,API Development,95.4,52,No,No,2,2,Medium,No
E1614,23,Female,Single,Bachelor,Marketing,Business Analyst,12/1/2012,13,14,Contractor,"NoSQL, Kubernetes, SQL",Yes,Q1/2025,3.9,DevOps Automation,58.7,59,No,No,5,4,Medium,No
E1615,39,Other,Married,Bachelor,Finance,Financial Analyst,2/21/2016,9,10,Full-time,"Kubernetes, Java, Python, Docker",Yes,Q1/2025,3.5,Cybersecurity Implementation,71.7,29,No,No,3,3,Low,Yes
E1616,38,Male,Single,Bachelor,QA,QA Engineer,2/29/2024,1,2,Full-time,"Python, Angular",Yes,Q1/2025,4.0,Web Application Development,83.5,10,Yes,Yes,2,4,Low,Yes
E1617,35,Female,Married,Bachelor,Sales,Account Manager,7/30/2017,8,11,Full-time,"NoSQL, Angular, Python",No,Q1/2025,3.9,DevOps Automation,73.0,40,No,No,4,5,Medium,No
E1618,37,Female,Married,PhD,Marketing,Digital Marketer,10/25/2011,14,14,Full-time,"Java, Docker",Yes,Q1/2025,3.2,DevOps Automation,78.7,36,No,Yes,3,4,High,Yes
E1619,38,Male,Married,Master,Sales,Account Manager,6/20/2010,15,15,Full-time,"AWS, GCP, Angular, Docker",Yes,Q1/2025,4.2,Cloud Migration,66.1,84,No,No,1,2,Low,Yes
E1620,35,Female,Single,Bachelor,QA,Test Analyst,7/7/2022,3,6,Full-time,"C#, React, GCP, Azure, Angular",No,Q1/2025,3.8,Mobile App Design,64.8,12,Yes,No,4,1,Medium,No
E1621,31,Female,Single,College,QA,QA Engineer,3/27/2012,13,14,Part-time,"Azure, AWS, Python",No,Q1/2025,3.5,API Development,74.6,44,No,No,5,2,Low,No
E1622,38,Male,Married,Bachelor,Finance,Accountant,11/12/2017,8,10,Full-time,"Java, Vue.js",No,Q1/2025,3.3,Data Analytics Platform,97.0,30,No,Yes,4,1,Low,Yes
E1623,25,Female,Single,Bachelor,Marketing,Content Specialist,2/19/2014,11,11,Contractor,"Azure, Docker, GCP, NoSQL",Yes,Q1/2025,3.4,DevOps Automation,75.1,38,No,Yes,3,5,Medium,No
E1624,24,Female,Single,Bachelor,QA,QA Engineer,9/2/2017,8,8,Full-time,"Kubernetes, Java",Yes,Q1/2025,4.1,API Development,89.2,22,No,No,3,2,Medium,No
E1625,34,Male,Married,Master,HR,HR Executive,5/6/2024,1,1,Part-time,"NoSQL, Java, Docker",No,Q1/2025,3.4,Cloud Migration,53.5,11,No,Yes,3,4,Low,No
E1626,33,Male,Single,Master,IT,DevOps Engineer,3/22/2021,4,7,Full-time,"Kubernetes, React, Python, AWS",No,Q1/2025,3.0,Data Analytics Platform,80.7,18,No,Yes,3,2,Low,No
E1627,29,Female,Married,Master,Sales,Account Manager,3/23/2019,6,7,Full-time,"Azure, React, Docker",Yes,Q1/2025,2.9,Data Analytics Platform,60.2,43,No,Yes,1,5,High,Yes
E1628,32,Male,Married,Bachelor,Marketing,Business Analyst,6/4/2011,14,17,Full-time,"SQL, Python",Yes,Q1/2025,4.8,Data Analytics Platform,88.5,47,No,No,2,2,Low,No
E1629,26,Male,Single,Master,IT,Software Engineer,10/7/2020,5,8,Full-time,"Angular, AWS, Vue.js",Yes,Q1/2025,4.4,Mobile App Design,89.2,23,No,No,4,4,Medium,No
E1630,31,Male,Single,Bachelor,HR,HR Executive,10/23/2021,4,7,Full-time,"Azure, Java, React",Yes,Q1/2025,4.5,API Development,58.5,12,No,No,3,5,Low,No
E1631,36,Female,Divorced,College,Finance,Finance Manager,5/8/2021,4,6,Full-time,"GCP, Docker, Angular, Vue.js, C#",Yes,Q1/2025,5.0,AI/ML Model Deployment,97.2,18,No,No,2,2,Low,No
E1632,27,Female,Married,Bachelor,IT,IT Support,11/20/2014,11,11,Full-time,"GCP, Docker, Kubernetes, Python, Angular",No,Q1/2025,3.6,Web Application Development,97.1,43,Yes,No,2,5,High,No
E1633,36,Male,Single,Bachelor,Marketing,Digital Marketer,1/1/2010,15,18,Full-time,"Java, React",No,Q1/2025,3.8,Cybersecurity Implementation,76.9,39,No,No,3,5,Low,No
E1634,35,Male,Single,Bachelor,Finance,Financial Analyst,12/24/2018,7,8,Full-time,"Kubernetes, Vue.js, C#, SQL, NoSQL",Yes,Q1/2025,3.5,Cybersecurity Implementation,80.0,28,No,No,2,4,High,No
E1635,31,Female,Single,Bachelor,QA,QA Engineer,9/17/2018,7,8,Full-time,"Python, React, Azure, GCP, Docker",No,Q1/2025,4.1,Mobile App Design,53.7,24,No,No,1,1,Low,No
E1636,27,Female,Single,Bachelor,Marketing,Digital Marketer,5/11/2015,10,10,Full-time,"NoSQL, React, SQL",No,Q1/2025,3.9,Web Application Development,76.2,37,No,No,3,5,Medium,No
E1637,35,Female,Married,Master,IT,System Admin,3/15/2013,12,15,Full-time,"React, NoSQL, C#, SQL, Angular",Yes,Q1/2025,3.8,DevOps Automation,73.9,51,No,No,3,3,High,No
E1638,40,Female,Married,Bachelor,QA,QA Engineer,11/15/2014,11,14,Full-time,"Azure, Kubernetes",Yes,Q1/2025,2.9,Cloud Migration,68.3,41,No,Yes,3,3,Low,Yes
E1639,36,Other,Single,Bachelor,IT,IT Support,10/13/2016,9,11,Contractor,"AWS, C#, React, Docker",Yes,Q1/2025,4.0,Web Application Development,63.7,34,No,No,5,2,Low,No
E1640,36,Male,Single,Bachelor,HR,Recruiter,11/4/2010,15,18,Full-time,"Docker, NoSQL, Angular, AWS",Yes,Q1/2025,3.7,API Development,56.1,51,No,No,1,2,Low,No
E1641,24,Male,Single,Bachelor,HR,Recruiter,2/22/2023,2,5,Full-time,"Angular, Vue.js",Yes,Q1/2025,3.9,API Development,78.0,20,No,No,3,1,Low,No
E1642,22,Male,Single,Bachelor,HR,Recruiter,3/23/2010,15,16,Full-time,"Java, NoSQL, Angular, Docker, Python",No,Q1/2025,4.8,API Development,53.5,51,No,No,4,1,Medium,No
E1643,31,Male,Married,Bachelor,Sales,Account Manager,2/27/2017,8,11,Full-time,"Docker, AWS, Angular",No,Q1/2025,4.1,Web Application Development,65.5,30,No,No,1,2,Low,No
E1644,24,Female,Single,Bachelor,Sales,Account Manager,10/2/2015,10,10,Full-time,"NoSQL, Docker, Python, GCP, React",No,Q1/2025,3.0,Mobile App Design,92.9,57,No,Yes,2,4,Medium,No
E1645,31,Female,Divorced,Bachelor,Finance,Financial Analyst,12/8/2023,2,4,Full-time,"GCP, SQL",No,Q1/2025,4.5,Mobile App Design,76.5,20,No,No,3,1,High,No
E1646,28,Male,Married,Bachelor,Finance,Accountant,6/30/2022,3,3,Full-time,"Docker, GCP",No,Q1/2025,3.9,API Development,91.0,19,No,No,3,1,Low,No
E1647,23,Female,Married,Bachelor,HR,Recruiter,6/3/2014,11,13,Full-time,"C#, Kubernetes, Azure, Vue.js, GCP",No,Q1/2025,3.4,Cloud Migration,69.3,49,No,Yes,3,3,Medium,No
E1648,23,Male,Married,Bachelor,IT,IT Support,5/16/2010,15,15,Part-time,"Kubernetes, Vue.js, C#",Yes,Q1/2025,3.4,Mobile App Design,80.4,35,No,Yes,1,4,Low,No
E1649,32,Male,Married,Master,QA,Test Analyst,8/30/2018,7,7,Full-time,"Docker, SQL",Yes,Q1/2025,4.1,Mobile App Design,46.4,21,No,No,5,5,Low,No
E1650,24,Male,Divorced,Master,IT,Software Engineer,10/10/2024,1,2,Full-time,"C#, GCP",No,Q1/2025,3.7,Web Application Development,39.4,12,No,Yes,2,1,High,No
E1651,30,Female,Married,Master,Sales,Account Manager,10/14/2010,15,16,Full-time,"C#, GCP, SQL, React",Yes,Q1/2025,3.6,Cybersecurity Implementation,63.8,53,No,No,2,5,Medium,No
E1652,29,Female,Married,Bachelor,Finance,Finance Manager,9/21/2014,11,12,Full-time,"C#, Docker",No,Q1/2025,4.0,Web Application Development,87.7,50,No,No,1,3,Medium,No
E1653,36,Male,Married,PhD,Finance,Financial Analyst,4/1/2016,9,12,Full-time,"Java, SQL, Python, Kubernetes",No,Q1/2025,3.1,Mobile App Design,62.8,32,Yes,Yes,4,3,Low,No
E1654,24,Female,Single,Bachelor,Finance,Finance Manager,3/28/2013,12,12,Full-time,"Vue.js, Angular, C#, SQL, Kubernetes",Yes,Q1/2025,3.8,Cloud Migration,92.6,79,No,No,4,3,Medium,No
E1655,22,Female,Married,Bachelor,IT,IT Support,5/22/2016,9,9,Full-time,"GCP, C#",Yes,Q1/2025,4.4,API Development,67.6,22,Yes,No,5,1,Medium,No
E1656,24,Male,Single,Bachelor,Finance,Accountant,2/7/2011,14,14,Full-time,"Docker, SQL, Python, C#, AWS",Yes,Q1/2025,2.6,Cybersecurity Implementation,66.0,54,No,Yes,3,4,Low,No
E1657,22,Male,Married,Bachelor,HR,HR Executive,5/20/2022,3,4,Part-time,"GCP, SQL, Kubernetes",Yes,Q1/2025,3.5,AI/ML Model Deployment,32.1,13,No,No,1,5,Medium,No
E1658,36,Female,Single,Master,Marketing,Business Analyst,10/2/2011,14,15,Full-time,"NoSQL, SQL, Python, Azure, AWS",Yes,Q1/2025,5.0,Cloud Migration,71.8,40,No,No,4,4,Medium,No
E1659,30,Female,Married,Master,HR,Recruiter,2/29/2012,13,16,Full-time,"NoSQL, Angular, GCP, SQL, Vue.js",Yes,Q1/2025,4.4,Mobile App Design,64.7,36,No,No,3,1,Medium,No
E1660,32,Female,Married,Bachelor,Finance,Financial Analyst,4/14/2014,11,13,Full-time,"Python, NoSQL, React, Angular",Yes,Q1/2025,3.6,AI/ML Model Deployment,86.3,48,No,No,2,4,Medium,No
E1661,28,Female,Single,Bachelor,QA,Test Analyst,2/13/2024,1,4,Full-time,"Kubernetes, React, SQL, Python",No,Q1/2025,3.9,Data Analytics Platform,46.9,8,No,Yes,4,2,Low,No
E1662,24,Male,Single,Bachelor,Sales,Account Manager,1/10/2015,10,12,Full-time,"Java, C#, Vue.js, AWS",Yes,Q1/2025,3.6,AI/ML Model Deployment,84.0,78,No,No,2,4,Medium,No
E1663,26,Female,Married,Bachelor,HR,Recruiter,5/15/2023,2,3,Full-time,"C#, NoSQL, AWS, Vue.js",No,Q1/2025,4.1,Web Application Development,85.5,14,No,No,2,4,Medium,No
E1664,31,Male,Married,Bachelor,IT,DevOps Engineer,3/25/2019,6,8,Full-time,"NoSQL, SQL, Python, GCP, AWS",No,Q1/2025,3.8,Cybersecurity Implementation,63.9,28,No,No,1,2,Medium,No
E1665,28,Male,Single,Bachelor,HR,HR Executive,12/17/2012,13,15,Full-time,"AWS, Angular, Vue.js",Yes,Q1/2025,5.0,Cloud Migration,72.7,60,No,No,5,1,Low,No
E1666,29,Male,Single,Bachelor,QA,Test Analyst,11/14/2011,14,14,Contractor,"Kubernetes, Docker",Yes,Q1/2025,3.1,Mobile App Design,80.8,57,No,Yes,3,3,Low,No
E1667,28,Female,Single,Bachelor,QA,QA Engineer,12/15/2018,7,9,Full-time,"Docker, Angular, Python",Yes,Q1/2025,4.1,Cybersecurity Implementation,81.6,26,No,No,5,4,Medium,No
E1668,31,Male,Single,Master,HR,HR Executive,8/13/2013,12,14,Part-time,"React, Azure",Yes,Q1/2025,4.8,Cybersecurity Implementation,63.1,39,No,No,3,1,Low,No
E1669,23,Male,Married,Master,QA,Test Analyst,4/2/2019,6,6,Full-time,"GCP, NoSQL",No,Q1/2025,3.3,AI/ML Model Deployment,87.4,24,No,Yes,5,4,Medium,No
E1670,32,Female,Single,Bachelor,Sales,Account Manager,12/31/2023,2,5,Full-time,"Azure, NoSQL, GCP, AWS",Yes,Q1/2025,3.6,API Development,67.0,21,Yes,No,5,3,Low,No
E1671,28,Male,Single,Bachelor,IT,System Admin,3/20/2017,8,11,Full-time,"React, GCP, Kubernetes, Angular, NoSQL",Yes,Q1/2025,3.4,Data Analytics Platform,93.6,28,No,Yes,5,3,Low,No
E1672,22,Female,Single,Master,Sales,Account Manager,4/8/2012,13,15,Full-time,"React, Java, Kubernetes, Python",Yes,Q1/2025,4.1,AI/ML Model Deployment,81.1,68,No,No,1,1,Medium,No
E1673,31,Female,Married,Master,Marketing,Business Analyst,11/29/2015,10,11,Full-time,"Vue.js, SQL, Docker",No,Q1/2025,3.2,Cloud Migration,70.0,44,No,Yes,2,3,High,No
E1674,30,Male,Married,Bachelor,IT,IT Support,10/11/2017,8,11,Full-time,"Azure, Java",Yes,Q1/2025,4.8,Mobile App Design,84.7,24,No,No,1,4,Low,No
E1675,36,Female,Single,Bachelor,Marketing,Business Analyst,9/6/2020,5,8,Full-time,"GCP, Kubernetes, AWS",Yes,Q1/2025,3.7,API Development,84.5,28,No,No,1,5,Medium,No
E1676,32,Female,Single,Master,Sales,Account Manager,1/25/2023,2,5,Contractor,"Python, Angular",Yes,Q1/2025,3.9,Data Analytics Platform,47.9,21,No,No,5,3,Low,No
E1677,27,Female,Single,PhD,HR,Recruiter,9/27/2016,9,10,Part-time,"C#, AWS, Azure, Python",No,Q1/2025,3.9,DevOps Automation,62.8,29,No,No,4,5,Medium,No
E1678,26,Male,Single,College,Finance,Finance Manager,12/10/2022,3,3,Contractor,"React, Angular, Vue.js, Python",No,Q1/2025,5.0,Cybersecurity Implementation,68.2,25,Yes,No,2,3,Low,No
E1679,32,Male,Married,Bachelor,Finance,Finance Manager,8/13/2017,8,8,Full-time,"Angular, React, NoSQL",No,Q1/2025,3.4,Data Analytics Platform,65.8,42,No,Yes,3,2,High,No
E1680,28,Male,Single,Bachelor,IT,DevOps Engineer,12/24/2018,7,10,Full-time,"React, Vue.js",No,Q1/2025,5.0,Mobile App Design,76.7,20,Yes,No,3,5,Medium,No
E1681,31,Male,Single,Bachelor,Marketing,Digital Marketer,3/31/2024,1,4,Full-time,"Docker, Java",Yes,Q1/2025,3.9,AI/ML Model Deployment,81.1,8,No,Yes,5,4,Medium,No
E1682,30,Female,Married,Bachelor,Finance,Finance Manager,5/27/2010,15,15,Full-time,"Python, Angular",Yes,Q1/2025,4.7,Cybersecurity Implementation,46.7,67,No,No,5,4,Medium,No
E1683,35,Female,Single,Master,Finance,Financial Analyst,8/26/2023,2,5,Full-time,"C#, Azure",Yes,Q1/2025,4.7,AI/ML Model Deployment,33.9,16,No,No,1,1,Low,No
E1684,27,Male,Single,Bachelor,Finance,Accountant,5/28/2013,12,12,Full-time,"SQL, GCP, Java, Azure, Angular",No,Q1/2025,3.5,Cybersecurity Implementation,85.6,38,No,No,3,1,High,No
E1685,33,Male,Married,Bachelor,QA,QA Engineer,3/5/2018,7,7,Full-time,"AWS, Docker",No,Q1/2025,4.6,Web Application Development,59.8,29,No,No,3,5,High,No
E1686,29,Female,Single,Bachelor,Finance,Finance Manager,7/31/2019,6,9,Part-time,"Python, Kubernetes, Java, Azure",Yes,Q1/2025,3.8,Cybersecurity Implementation,46.5,42,Yes,No,2,3,Medium,No
E1687,32,Male,Single,Bachelor,Sales,Sales Executive,5/2/2010,15,16,Contractor,"Kubernetes, GCP, Java",No,Q1/2025,3.7,DevOps Automation,62.1,50,No,No,4,2,Medium,No
E1688,37,Male,Single,Bachelor,IT,DevOps Engineer,9/23/2014,11,13,Full-time,"SQL, Python, GCP",Yes,Q1/2025,3.6,DevOps Automation,96.1,50,No,No,4,1,Low,Yes
E1689,36,Male,Single,Master,IT,Software Engineer,11/14/2010,15,16,Full-time,"GCP, SQL, NoSQL",No,Q1/2025,4.3,AI/ML Model Deployment,69.0,59,No,No,5,5,Medium,No
E1690,32,Female,Married,College,HR,HR Executive,11/13/2011,14,14,Full-time,"Azure, Docker, AWS, GCP",No,Q1/2025,4.2,AI/ML Model Deployment,88.8,59,No,No,1,5,Medium,No
E1691,29,Female,Single,Bachelor,IT,System Admin,8/21/2015,10,13,Full-time,"NoSQL, Python, React",No,Q1/2025,3.2,Mobile App Design,88.0,55,No,Yes,1,5,Medium,No
E1692,36,Male,Married,Master,IT,Software Engineer,6/26/2017,8,9,Contractor,"Python, AWS, React, Angular",Yes,Q1/2025,3.9,Data Analytics Platform,83.9,20,No,No,1,4,Low,No
E1693,30,Female,Married,Bachelor,Finance,Accountant,12/19/2017,8,11,Part-time,"Angular, Vue.js, Docker, GCP, AWS",Yes,Q1/2025,4.2,AI/ML Model Deployment,92.0,23,No,No,5,3,Low,No
E1694,30,Male,Married,College,Finance,Financial Analyst,6/18/2022,3,3,Contractor,"Docker, C#, Vue.js, React, AWS",Yes,Q1/2025,3.7,API Development,84.9,17,No,No,2,1,Low,No
E1695,25,Female,Divorced,Bachelor,Finance,Finance Manager,10/20/2020,5,8,Full-time,"GCP, SQL, Docker, AWS",Yes,Q1/2025,3.9,Mobile App Design,82.8,30,No,No,4,4,Low,No
E1696,28,Female,Single,Master,Finance,Financial Analyst,9/2/2013,12,13,Full-time,"Angular, Azure, AWS",Yes,Q1/2025,3.7,Mobile App Design,90.7,54,No,No,1,4,Low,No
E1697,37,Male,Single,Bachelor,QA,Test Analyst,11/18/2015,10,13,Full-time,"Kubernetes, C#, React, Java",No,Q1/2025,4.3,Cloud Migration,72.7,51,No,No,2,3,Low,Yes
E1698,25,Female,Single,College,Finance,Financial Analyst,3/5/2011,14,15,Part-time,"Azure, Docker, Java, Kubernetes",Yes,Q1/2025,3.4,DevOps Automation,84.9,37,No,Yes,3,2,Low,No
E1699,36,Female,Single,Bachelor,Sales,Account Manager,12/3/2013,12,15,Full-time,"Angular, GCP, C#",Yes,Q1/2025,3.7,AI/ML Model Deployment,42.7,78,Yes,No,2,5,Low,No
E1700,33,Male,Married,Master,Sales,Sales Executive,1/16/2017,8,9,Part-time,"AWS, React, Angular, SQL, Kubernetes",No,Q1/2025,3.8,Data Analytics Platform,74.3,27,No,No,1,1,Low,No
E1701,22,Female,Single,Bachelor,Finance,Finance Manager,6/16/2020,5,5,Contractor,"AWS, Java",No,Q1/2025,2.9,Cloud Migration,73.5,33,No,Yes,4,3,High,Yes
E1702,31,Female,Married,Master,HR,Recruiter,8/4/2024,1,1,Full-time,"Angular, Vue.js, C#, Docker, React",No,Q1/2025,2.7,Cybersecurity Implementation,73.3,8,No,Yes,4,2,Low,No
E1703,24,Male,Single,Bachelor,HR,Recruiter,7/30/2012,13,14,Full-time,"AWS, GCP, NoSQL, C#, SQL",Yes,Q1/2025,3.5,Data Analytics Platform,46.4,40,No,No,5,5,Low,No
E1704,23,Female,Single,PhD,Marketing,Digital Marketer,7/14/2013,12,15,Full-time,"SQL, Python, AWS, C#, GCP",Yes,Q1/2025,5.0,DevOps Automation,76.9,37,No,No,5,4,Low,No
E1705,24,Female,Single,Bachelor,HR,HR Executive,12/10/2020,5,7,Part-time,"SQL, Docker, AWS",Yes,Q1/2025,4.7,DevOps Automation,82.8,27,No,No,2,4,Low,No
E1706,22,Female,Single,Master,QA,QA Engineer,3/29/2013,12,13,Full-time,"React, Python, GCP, Java",Yes,Q1/2025,5.0,Data Analytics Platform,77.0,43,No,No,5,5,Low,No
E1707,27,Male,Married,Bachelor,HR,HR Executive,8/26/2015,10,11,Full-time,"Java, NoSQL, GCP, Vue.js, React",Yes,Q1/2025,4.1,Web Application Development,77.9,49,No,No,5,4,Low,No
E1708,33,Male,Single,Bachelor,QA,Test Analyst,1/5/2023,2,2,Full-time,"Vue.js, SQL, AWS, NoSQL, GCP",No,Q1/2025,4.7,API Development,77.3,12,No,No,1,2,Low,No
E1709,27,Female,Single,Bachelor,HR,Recruiter,3/24/2021,4,6,Contractor,"AWS, C#, Kubernetes",No,Q1/2025,2.1,Cybersecurity Implementation,58.6,20,Yes,Yes,2,2,Low,No
E1710,22,Female,Single,College,Marketing,Content Specialist,7/20/2022,3,3,Full-time,"Angular, SQL",No,Q1/2025,2.9,Web Application Development,86.0,20,No,Yes,4,3,Low,No
E1711,34,Male,Single,Bachelor,Sales,Account Manager,3/1/2013,12,13,Full-time,"Docker, SQL, C#, GCP, AWS",No,Q1/2025,3.4,Cloud Migration,66.8,78,No,Yes,2,5,Low,No
E1712,28,Female,Single,Bachelor,Sales,Account Manager,9/16/2020,5,8,Full-time,"Azure, React, SQL",No,Q1/2025,4.1,Mobile App Design,72.4,28,No,No,1,4,Low,No
E1713,27,Female,Single,Bachelor,Sales,Sales Executive,6/25/2012,13,13,Full-time,"GCP, Angular, React, Vue.js",Yes,Q1/2025,4.8,API Development,76.4,59,No,No,3,4,Low,No
E1714,32,Male,Single,Bachelor,Marketing,Business Analyst,1/4/2015,10,11,Full-time,"Kubernetes, SQL",Yes,Q1/2025,4.9,Mobile App Design,71.7,41,No,No,5,1,Low,No
E1715,25,Male,Single,Bachelor,Sales,Account Manager,2/6/2016,9,10,Contractor,"Java, Azure, React",Yes,Q1/2025,4.1,Cybersecurity Implementation,75.2,28,No,No,2,4,Low,No
E1716,24,Female,Single,Bachelor,Finance,Financial Analyst,8/21/2014,11,11,Full-time,"Vue.js, AWS, Docker",Yes,Q1/2025,3.4,Web Application Development,90.7,37,No,Yes,1,5,Low,No
E1717,32,Female,Divorced,College,Finance,Finance Manager,5/10/2016,9,10,Full-time,"Docker, Kubernetes, C#",Yes,Q1/2025,4.2,Web Application Development,69.9,33,Yes,No,1,1,Low,No
E1718,29,Male,Married,Bachelor,Finance,Accountant,12/16/2015,10,10,Full-time,"Docker, Angular, Kubernetes",No,Q1/2025,2.7,AI/ML Model Deployment,56.5,43,Yes,Yes,5,4,Low,No
E1719,22,Female,Married,Master,Sales,Account Manager,4/28/2019,6,8,Full-time,"GCP, NoSQL, Azure, SQL",No,Q1/2025,3.6,Cybersecurity Implementation,66.0,43,No,No,1,4,Low,No
E1720,32,Female,Single,Bachelor,Marketing,Digital Marketer,5/31/2010,15,18,Contractor,"Java, Python, C#, React, Kubernetes",Yes,Q1/2025,3.2,Cloud Migration,41.1,43,No,Yes,4,5,Medium,No
E1721,37,Other,Married,Master,Finance,Financial Analyst,2/15/2020,5,5,Full-time,"Vue.js, GCP, Kubernetes, Azure",Yes,Q1/2025,4.3,AI/ML Model Deployment,84.8,33,Yes,No,3,3,Medium,Yes
E1722,26,Male,Divorced,Bachelor,HR,HR Executive,5/30/2017,8,9,Full-time,"AWS, Vue.js, Docker, NoSQL, Azure",No,Q1/2025,4.3,API Development,84.1,24,No,No,5,3,Medium,No
E1723,22,Male,Married,Bachelor,Marketing,Business Analyst,1/10/2016,9,12,Part-time,"Docker, Angular, SQL",No,Q1/2025,4.1,Mobile App Design,59.1,26,No,No,4,4,Medium,No
E1724,30,Female,Married,Bachelor,Marketing,Digital Marketer,6/13/2020,5,5,Full-time,"GCP, SQL, Docker, NoSQL, Angular",No,Q1/2025,3.1,Web Application Development,58.5,30,Yes,Yes,3,2,Low,No
E1725,30,Male,Single,Bachelor,IT,DevOps Engineer,9/14/2013,12,12,Full-time,"React, Kubernetes, SQL, C#",No,Q1/2025,3.9,Mobile App Design,60.2,58,No,No,5,3,Low,No
E1726,26,Male,Single,Master,Sales,Sales Executive,1/18/2023,2,4,Full-time,"React, AWS, NoSQL, GCP",No,Q1/2025,4.2,Cybersecurity Implementation,54.0,12,No,No,1,2,Low,No
E1727,28,Male,Divorced,Bachelor,QA,Test Analyst,3/26/2024,1,3,Full-time,"React, Python, Angular, Java, Vue.js",Yes,Q1/2025,2.9,Cloud Migration,69.8,12,No,Yes,1,3,Low,No
E1728,27,Female,Married,Bachelor,Finance,Accountant,6/20/2019,6,8,Full-time,"React, NoSQL, Angular, Docker, Kubernetes",Yes,Q1/2025,4.1,Mobile App Design,83.6,30,No,No,2,2,High,No
E1729,24,Female,Married,Bachelor,Finance,Finance Manager,8/6/2010,15,15,Full-time,"Azure, C#, Python, NoSQL",Yes,Q1/2025,4.2,API Development,17.4,84,No,No,4,4,Low,No
E1730,40,Female,Single,Master,Sales,Sales Executive,1/9/2014,11,12,Full-time,"Azure, Kubernetes, SQL, NoSQL",No,Q1/2025,3.3,Cybersecurity Implementation,84.1,40,No,Yes,3,3,Low,Yes
E1731,34,Male,Married,Bachelor,QA,Test Analyst,7/26/2019,6,6,Full-time,"Python, Vue.js, GCP, C#",Yes,Q1/2025,3.7,AI/ML Model Deployment,72.3,32,No,No,5,4,Low,No
E1732,35,Female,Single,College,QA,QA Engineer,2/14/2014,11,11,Full-time,"SQL, Docker, Java",No,Q1/2025,2.6,Cloud Migration,80.4,49,No,Yes,3,3,Medium,No
E1733,25,Female,Divorced,PhD,IT,DevOps Engineer,5/5/2014,11,12,Full-time,"Python, Vue.js, AWS, NoSQL, Kubernetes",Yes,Q1/2025,4.3,DevOps Automation,79.5,55,No,No,4,3,Low,No
E1734,27,Male,Single,Bachelor,Finance,Finance Manager,1/15/2011,14,16,Full-time,"AWS, React, Python, SQL",Yes,Q1/2025,3.1,Web Application Development,68.5,82,No,Yes,3,3,Medium,No
E1735,35,Male,Single,Bachelor,HR,Recruiter,2/25/2011,14,17,Full-time,"React, Java",No,Q1/2025,4.2,Mobile App Design,59.3,44,No,No,1,4,Low,No
E1736,34,Female,Married,Bachelor,Sales,Account Manager,8/7/2014,11,13,Part-time,"SQL, Azure, React, Python",Yes,Q1/2025,3.8,Web Application Development,89.0,61,No,No,4,1,Medium,No
E1737,32,Female,Single,Bachelor,IT,Software Engineer,11/3/2016,9,9,Full-time,"C#, Azure",No,Q1/2025,4.1,Mobile App Design,66.2,35,No,No,5,2,High,No
E1738,28,Male,Divorced,Bachelor,IT,DevOps Engineer,4/22/2011,14,14,Full-time,"NoSQL, Vue.js",Yes,Q1/2025,3.5,Cloud Migration,79.9,56,No,No,2,1,Low,No
E1739,36,Female,Married,Bachelor,IT,System Admin,12/18/2010,15,16,Full-time,"React, Java, GCP",No,Q1/2025,3.9,Mobile App Design,71.7,59,No,No,1,3,Medium,No
E1740,33,Male,Married,Bachelor,IT,System Admin,1/28/2023,2,2,Full-time,"React, AWS, Vue.js, Kubernetes, Azure",No,Q1/2025,3.4,Data Analytics Platform,83.1,12,No,Yes,3,2,Medium,No
E1741,30,Male,Married,Bachelor,Marketing,Content Specialist,2/5/2011,14,17,Full-time,"Docker, Angular, C#",Yes,Q1/2025,4.6,DevOps Automation,83.5,51,No,No,3,4,Medium,No
E1742,29,Female,Married,Bachelor,IT,System Admin,11/13/2022,3,4,Full-time,"Python, AWS, Java",Yes,Q1/2025,3.5,Data Analytics Platform,74.5,13,No,No,4,1,Medium,No
E1743,31,Male,Married,Master,Finance,Finance Manager,11/25/2010,15,15,Full-time,"SQL, Vue.js",No,Q1/2025,3.5,Data Analytics Platform,90.2,82,No,No,1,2,High,No
E1744,28,Male,Married,Bachelor,Sales,Account Manager,10/21/2017,8,8,Full-time,"Vue.js, NoSQL, AWS",Yes,Q1/2025,4.0,Cloud Migration,44.8,35,No,No,3,3,Low,No
E1745,31,Female,Married,Master,Sales,Account Manager,10/15/2020,5,6,Part-time,"Angular, SQL, Java, C#",Yes,Q1/2025,4.2,Data Analytics Platform,64.2,49,No,No,2,4,Medium,No
E1746,24,Female,Single,College,Sales,Account Manager,6/11/2019,6,8,Full-time,"AWS, Angular, Azure, Docker",Yes,Q1/2025,3.0,Mobile App Design,40.3,33,No,Yes,5,3,Medium,No
E1747,22,Female,Single,Bachelor,Sales,Sales Executive,12/27/2023,2,2,Contractor,"NoSQL, Kubernetes, Docker",Yes,Q1/2025,3.0,Mobile App Design,85.2,18,No,Yes,2,2,Low,No
E1748,28,Female,Single,Bachelor,IT,System Admin,7/23/2017,8,11,Contractor,"Angular, Java, Kubernetes",No,Q1/2025,3.4,DevOps Automation,71.0,31,No,Yes,3,5,Low,No
E1749,31,Male,Single,PhD,Sales,Account Manager,5/15/2011,14,14,Full-time,"Docker, AWS",No,Q1/2025,3.4,Cybersecurity Implementation,77.7,75,No,Yes,4,4,Low,No
E1750,32,Male,Married,Bachelor,IT,System Admin,7/19/2015,10,12,Full-time,"NoSQL, SQL, Python, Angular, React",Yes,Q1/2025,4.6,DevOps Automation,64.2,42,No,No,3,2,Low,No
E1751,28,Female,Single,Bachelor,Marketing,Business Analyst,9/7/2010,15,17,Part-time,"Java, GCP, SQL",Yes,Q1/2025,2.4,API Development,57.6,44,No,Yes,5,2,Medium,No
E1752,27,Male,Single,Bachelor,IT,DevOps Engineer,11/17/2016,9,12,Full-time,"Azure, SQL",Yes,Q1/2025,3.7,Mobile App Design,81.2,29,No,No,1,2,High,No
E1753,22,Female,Married,Bachelor,QA,Test Analyst,3/11/2023,2,5,Full-time,"AWS, NoSQL",No,Q1/2025,4.3,Data Analytics Platform,80.8,19,No,No,4,4,Low,No
E1754,26,Male,Married,Master,HR,HR Executive,11/5/2022,3,4,Full-time,"C#, Angular",Yes,Q1/2025,5.0,Data Analytics Platform,90.0,12,No,No,4,3,Low,No
E1755,30,Male,Single,Bachelor,QA,QA Engineer,1/5/2021,4,4,Full-time,"Docker, React, Kubernetes, Azure, Vue.js",Yes,Q1/2025,4.1,Web Application Development,57.9,16,No,No,5,2,Low,No
E1756,33,Female,Married,Bachelor,Sales,Account Manager,4/22/2022,3,4,Contractor,"React, Java, Vue.js, GCP",No,Q1/2025,5.0,Cloud Migration,34.3,28,No,No,1,2,Medium,No
E1757,27,Female,Married,College,Finance,Finance Manager,7/8/2020,5,6,Full-time,"Docker, NoSQL, GCP, AWS, Java",No,Q1/2025,3.7,Cloud Migration,84.7,40,No,No,2,2,Medium,No
E1758,28,Female,Divorced,Bachelor,Sales,Account Manager,4/30/2023,2,4,Full-time,"Python, React, Kubernetes",Yes,Q1/2025,3.8,AI/ML Model Deployment,92.5,23,No,No,1,2,Medium,No
E1759,25,Female,Single,Master,Finance,Financial Analyst,2/18/2016,9,9,Full-time,"Angular, Vue.js",Yes,Q1/2025,4.8,Web Application Development,76.2,26,No,No,3,4,Medium,No
E1760,35,Female,Single,Master,Sales,Sales Executive,1/7/2019,6,6,Full-time,"GCP, SQL, Kubernetes, Docker, Angular",No,Q1/2025,3.9,Cybersecurity Implementation,77.3,23,No,No,2,4,Low,No
E1761,34,Male,Single,Bachelor,HR,Recruiter,3/28/2012,13,13,Full-time,"Python, Angular",Yes,Q1/2025,2.9,Web Application Development,73.0,49,No,Yes,1,3,Low,No
E1762,28,Male,Single,Bachelor,Finance,Finance Manager,3/5/2010,15,15,Full-time,"NoSQL, Vue.js",Yes,Q1/2025,4.2,Cybersecurity Implementation,56.3,61,No,No,5,3,Low,No
E1763,31,Male,Single,Bachelor,HR,HR Executive,2/24/2015,10,13,Full-time,"Docker, NoSQL, React, C#, Kubernetes",No,Q1/2025,3.8,Cloud Migration,59.9,53,No,No,1,1,Low,No
E1764,31,Female,Married,Bachelor,IT,IT Support,12/26/2010,15,15,Full-time,"C#, Azure, Java",Yes,Q1/2025,4.1,Data Analytics Platform,70.7,35,No,No,4,3,Medium,No
E1765,22,Male,Married,Bachelor,QA,QA Engineer,8/22/2022,3,5,Full-time,"Java, NoSQL, Angular, React, Vue.js",No,Q1/2025,4.0,Data Analytics Platform,77.4,12,No,No,4,3,Low,No
E1766,22,Male,Single,Bachelor,HR,HR Executive,6/19/2020,5,5,Full-time,"Angular, Vue.js, React, Kubernetes, Java",Yes,Q1/2025,4.1,Cloud Migration,75.1,21,No,No,1,5,Low,No
E1767,28,Male,Married,Bachelor,Marketing,Digital Marketer,11/5/2010,15,18,Full-time,"C#, React",Yes,Q1/2025,4.1,DevOps Automation,76.4,41,No,No,4,2,Low,No
E1768,24,Male,Single,Bachelor,HR,HR Executive,8/3/2023,2,2,Full-time,"SQL, Python, C#, Kubernetes, Vue.js",Yes,Q1/2025,3.5,Mobile App Design,76.7,16,No,No,4,5,Low,No
E1769,25,Male,Single,College,HR,HR Executive,6/14/2020,5,8,Full-time,"Kubernetes, SQL, Azure, React, C#",No,Q1/2025,4.7,Cybersecurity Implementation,70.8,26,No,No,2,1,Medium,No
E1770,39,Male,Married,Master,QA,Test Analyst,2/1/2014,11,13,Part-time,"Vue.js, Kubernetes, Python, SQL, Angular",Yes,Q1/2025,3.7,AI/ML Model Deployment,52.2,50,No,No,4,3,Low,Yes
E1771,22,Female,Single,Master,Sales,Sales Executive,11/25/2014,11,13,Full-time,"Angular, Java",No,Q1/2025,3.6,DevOps Automation,57.3,55,No,No,5,1,Medium,No
E1772,36,Male,Married,Bachelor,Marketing,Digital Marketer,10/31/2022,3,4,Full-time,"React, NoSQL, Python, Vue.js, Kubernetes",No,Q1/2025,2.7,Cybersecurity Implementation,92.3,15,No,Yes,1,1,Medium,No
E1773,23,Female,Single,Bachelor,Sales,Sales Executive,1/3/2012,13,16,Contractor,"GCP, NoSQL",Yes,Q1/2025,4.3,AI/ML Model Deployment,81.3,43,No,No,1,1,Medium,No
E1774,27,Male,Married,Bachelor,Finance,Finance Manager,12/3/2015,10,10,Part-time,"Java, Kubernetes, GCP, AWS, Vue.js",Yes,Q1/2025,3.1,Mobile App Design,51.9,84,No,Yes,1,3,Medium,No
E1775,26,Female,Married,PhD,Finance,Accountant,10/14/2022,3,6,Full-time,"Python, GCP",Yes,Q1/2025,4.0,Mobile App Design,74.0,13,No,No,2,2,Medium,No
E1776,24,Male,Married,PhD,Marketing,Digital Marketer,10/18/2017,8,10,Full-time,"SQL, Angular, Python, Docker",Yes,Q1/2025,4.2,Cloud Migration,74.1,22,No,No,2,3,Low,No
E1777,33,Female,Married,PhD,Sales,Sales Executive,11/25/2012,13,13,Full-time,"Python, Kubernetes, AWS",No,Q1/2025,3.7,Cloud Migration,67.7,41,No,No,2,4,Low,No
E1778,27,Female,Single,College,HR,Recruiter,11/29/2021,4,4,Full-time,"AWS, Python, Java, SQL, React",Yes,Q1/2025,3.3,Data Analytics Platform,68.2,18,Yes,Yes,5,1,Medium,No
E1779,32,Male,Married,PhD,Marketing,Business Analyst,9/6/2018,7,10,Full-time,"Vue.js, GCP",No,Q1/2025,3.4,Web Application Development,59.3,30,No,Yes,1,3,Medium,No
E1780,32,Male,Married,Bachelor,IT,Software Engineer,4/12/2016,9,9,Full-time,"Angular, Docker, Python, Kubernetes, Azure",Yes,Q1/2025,4.0,Mobile App Design,57.5,23,No,No,1,5,Medium,No
E1781,27,Male,Single,Master,IT,DevOps Engineer,9/20/2019,6,7,Full-time,"NoSQL, Angular, AWS, Azure, C#",Yes,Q1/2025,3.4,DevOps Automation,86.2,20,No,Yes,3,5,Low,No
E1782,24,Male,Single,Bachelor,HR,HR Executive,12/4/2018,7,7,Full-time,"AWS, Kubernetes, Angular, SQL",Yes,Q1/2025,3.9,DevOps Automation,79.8,31,No,No,2,5,Low,No
E1783,22,Male,Married,Bachelor,IT,DevOps Engineer,7/19/2023,2,5,Full-time,"Java, Azure",Yes,Q1/2025,3.9,Data Analytics Platform,60.4,13,No,No,1,2,Low,No
E1784,31,Female,Married,Bachelor,Finance,Finance Manager,7/29/2013,12,13,Full-time,"GCP, Python, React",No,Q1/2025,4.4,Cybersecurity Implementation,57.8,75,No,No,4,5,Low,No
E1785,24,Female,Married,Bachelor,HR,HR Executive,1/29/2022,3,4,Part-time,"Docker, SQL, C#",Yes,Q1/2025,4.0,Data Analytics Platform,32.9,18,No,No,1,2,Medium,No
E1786,23,Male,Married,Bachelor,Sales,Account Manager,2/19/2011,14,15,Full-time,"NoSQL, C#, SQL",Yes,Q1/2025,2.8,Web Application Development,91.6,51,No,Yes,1,2,Medium,No
E1787,24,Male,Married,Master,Sales,Sales Executive,5/20/2014,11,14,Full-time,"SQL, GCP, Kubernetes, NoSQL, Java",Yes,Q1/2025,4.2,Cloud Migration,93.1,56,No,No,3,3,Low,No
E1788,27,Male,Married,College,QA,Test Analyst,2/28/2020,5,7,Full-time,"Kubernetes, C#, Python",No,Q1/2025,4.2,Cybersecurity Implementation,18.9,24,No,No,3,4,Medium,No
E1789,26,Other,Single,Bachelor,HR,HR Executive,8/3/2017,8,9,Full-time,"NoSQL, Kubernetes, Python, AWS, Azure",Yes,Q1/2025,3.3,Data Analytics Platform,74.0,29,No,Yes,5,3,Low,No
E1790,25,Male,Married,College,Sales,Sales Executive,10/15/2018,7,8,Full-time,"Angular, Azure, React, Vue.js, NoSQL",No,Q1/2025,3.1,AI/ML Model Deployment,94.1,23,No,Yes,1,5,Medium,No
E1791,37,Female,Single,Master,Finance,Finance Manager,11/8/2020,5,6,Full-time,"NoSQL, GCP, Azure",Yes,Q1/2025,4.3,Cybersecurity Implementation,84.9,28,No,No,5,1,Low,Yes
E1792,42,Male,Single,Master,Sales,Account Manager,2/24/2013,12,14,Full-time,"Docker, Angular",No,Q1/2025,2.2,Mobile App Design,62.8,54,No,Yes,3,3,Low,Yes
E1793,28,Other,Single,Bachelor,IT,DevOps Engineer,4/15/2016,9,10,Full-time,"Azure, SQL, C#, GCP, React",Yes,Q1/2025,3.8,API Development,65.6,34,No,No,3,2,Low,No
E1794,33,Male,Single,PhD,Finance,Financial Analyst,1/21/2024,1,4,Full-time,"SQL, GCP",Yes,Q1/2025,3.7,API Development,85.1,9,No,Yes,3,1,Low,No
E1795,32,Male,Single,Bachelor,QA,QA Engineer,5/18/2014,11,13,Full-time,"C#, Angular, GCP",Yes,Q1/2025,3.8,API Development,73.3,43,No,No,5,3,Low,No
E1796,30,Female,Single,Master,Sales,Account Manager,3/30/2018,7,10,Full-time,"Docker, NoSQL, Vue.js",No,Q1/2025,4.1,DevOps Automation,96.4,43,No,No,1,3,High,No
E1797,37,Female,Married,Bachelor,Marketing,Business Analyst,4/23/2021,4,5,Full-time,"SQL, Kubernetes, AWS, C#",Yes,Q1/2025,4.6,Data Analytics Platform,87.2,15,No,No,1,5,High,Yes
E1798,22,Female,Single,Bachelor,Finance,Finance Manager,6/26/2019,6,9,Full-time,"Angular, Java",Yes,Q1/2025,3.5,Cybersecurity Implementation,80.2,29,No,No,4,5,Medium,No
E1799,31,Female,Single,Bachelor,Sales,Sales Executive,12/22/2020,5,8,Contractor,"SQL, Python, Java",Yes,Q1/2025,2.2,AI/ML Model Deployment,57.7,24,No,Yes,3,3,Low,No
E1800,33,Female,Married,Bachelor,Marketing,Digital Marketer,5/15/2010,15,16,Full-time,"Kubernetes, C#, Azure",Yes,Q1/2025,4.2,DevOps Automation,79.7,55,No,No,4,3,High,No
E1801,24,Female,Married,PhD,Sales,Sales Executive,6/26/2022,3,5,Full-time,"Java, NoSQL",Yes,Q1/2025,3.8,Cybersecurity Implementation,33.5,12,No,No,5,2,High,No
E1802,29,Male,Single,Bachelor,QA,QA Engineer,11/29/2012,13,15,Full-time,"Docker, C#, NoSQL, Kubernetes",No,Q1/2025,4.5,Cloud Migration,76.2,47,No,No,3,2,High,No
E1803,34,Female,Married,Bachelor,Finance,Financial Analyst,8/20/2012,13,15,Full-time,"Kubernetes, Docker, Python, Angular, C#",No,Q1/2025,3.9,Web Application Development,88.8,51,No,No,4,4,High,No
E1804,36,Male,Divorced,Master,Marketing,Digital Marketer,1/3/2015,10,10,Full-time,"GCP, Vue.js, C#, Angular, Python",Yes,Q1/2025,2.9,DevOps Automation,87.6,39,Yes,Yes,5,4,High,Yes
E1805,27,Male,Married,Master,HR,Recruiter,12/28/2022,3,3,Full-time,"Angular, Java, Docker, AWS",Yes,Q1/2025,3.2,Web Application Development,35.9,18,No,Yes,2,5,Medium,No
E1806,32,Female,Single,Bachelor,Finance,Accountant,2/18/2016,9,12,Full-time,"GCP, React, NoSQL, C#, Kubernetes",Yes,Q1/2025,4.1,Web Application Development,70.2,20,No,No,3,2,Medium,No
E1807,29,Male,Married,Bachelor,QA,QA Engineer,12/25/2012,13,15,Full-time,"Azure, React, Java, GCP",No,Q1/2025,4.6,API Development,66.2,37,No,No,2,3,Medium,No
E1808,24,Female,Single,Master,QA,QA Engineer,7/21/2022,3,6,Full-time,"SQL, AWS",Yes,Q1/2025,3.8,Mobile App Design,62.6,16,No,No,4,4,Medium,No
E1809,27,Female,Single,Master,HR,HR Executive,2/10/2018,7,8,Contractor,"Java, Azure, Angular, AWS",Yes,Q1/2025,4.4,Cloud Migration,77.2,28,No,No,5,3,Low,No
E1810,30,Male,Married,Bachelor,IT,System Admin,5/8/2014,11,14,Full-time,"Java, Azure, Docker, React",No,Q1/2025,4.1,API Development,78.2,55,No,No,4,3,Low,No
E1811,22,Female,Divorced,Master,Marketing,Content Specialist,5/11/2024,1,1,Full-time,"Vue.js, SQL",Yes,Q1/2025,3.1,Cybersecurity Implementation,75.8,11,No,Yes,2,2,Low,No
E1812,36,Male,Married,Bachelor,Finance,Financial Analyst,4/18/2023,2,3,Contractor,"GCP, C#, React",No,Q1/2025,3.8,Cloud Migration,63.5,17,Yes,No,1,5,Medium,No
E1813,27,Female,Married,Bachelor,Sales,Account Manager,7/20/2019,6,9,Full-time,"C#, Java, SQL, NoSQL",Yes,Q1/2025,3.2,Cybersecurity Implementation,34.8,42,No,Yes,2,1,Low,No
E1814,25,Female,Divorced,Bachelor,IT,Software Engineer,5/29/2020,5,6,Full-time,"React, Python, Docker",No,Q1/2025,3.9,AI/ML Model Deployment,44.3,20,No,No,5,1,Medium,No
E1815,36,Male,Married,Bachelor,Sales,Sales Executive,3/3/2020,5,7,Full-time,"C#, Java",Yes,Q1/2025,4.4,Data Analytics Platform,85.4,34,No,No,4,1,Low,No
E1816,30,Male,Single,Bachelor,Finance,Financial Analyst,8/1/2011,14,15,Full-time,"C#, Java, Angular",Yes,Q1/2025,4.4,AI/ML Model Deployment,65.8,37,No,No,1,3,Low,No
E1817,33,Male,Single,Bachelor,HR,Recruiter,1/2/2010,15,16,Full-time,"Docker, Vue.js",Yes,Q1/2025,4.8,Data Analytics Platform,90.9,39,Yes,No,1,3,Low,No
E1818,26,Male,Single,Bachelor,QA,Test Analyst,4/14/2024,1,3,Full-time,"NoSQL, C#, GCP, SQL, React",Yes,Q1/2025,4.3,Web Application Development,53.5,10,No,Yes,4,4,Medium,No
E1819,35,Male,Married,Master,Finance,Finance Manager,3/10/2021,4,4,Full-time,"Kubernetes, Docker, NoSQL, GCP, Vue.js",No,Q1/2025,5.0,Web Application Development,64.7,28,Yes,No,2,5,Medium,No
E1820,22,Female,Married,Bachelor,QA,QA Engineer,1/24/2019,6,6,Full-time,"React, Python, Angular, Vue.js, Java",Yes,Q1/2025,4.0,Mobile App Design,68.2,27,No,No,1,4,Medium,No
E1821,26,Male,Single,Bachelor,QA,QA Engineer,10/26/2017,8,10,Contractor,"NoSQL, Angular, GCP, Python, React",No,Q1/2025,2.6,Web Application Development,82.1,21,No,Yes,5,2,High,Yes
E1822,27,Male,Divorced,Bachelor,HR,Recruiter,4/4/2012,13,13,Full-time,"Angular, NoSQL, Azure, React",No,Q1/2025,3.9,Web Application Development,47.9,47,No,No,3,3,Low,No
E1823,25,Male,Married,Master,Marketing,Content Specialist,10/31/2023,2,5,Contractor,"GCP, Java, Vue.js, React, Kubernetes",Yes,Q1/2025,3.4,AI/ML Model Deployment,89.4,12,No,Yes,3,3,Medium,No
E1824,34,Female,Married,Bachelor,IT,IT Support,4/2/2024,1,3,Full-time,"GCP, SQL, C#",No,Q1/2025,3.6,AI/ML Model Deployment,77.2,8,No,Yes,1,3,Low,No
E1825,26,Female,Single,Master,IT,Software Engineer,7/31/2012,13,15,Full-time,"Java, SQL, Kubernetes, Vue.js, GCP",Yes,Q1/2025,3.9,API Development,73.1,60,No,No,3,5,Low,No
E1826,22,Male,Married,Bachelor,Sales,Sales Executive,6/26/2014,11,13,Full-time,"Angular, Kubernetes, Python, NoSQL",Yes,Q1/2025,3.5,API Development,64.1,41,No,No,1,5,Low,No
E1827,22,Female,Single,Bachelor,Marketing,Content Specialist,5/14/2012,13,14,Full-time,"React, Python, Kubernetes, NoSQL",Yes,Q1/2025,4.0,Mobile App Design,59.1,44,No,No,5,4,Medium,No
E1828,39,Male,Married,Bachelor,HR,HR Executive,1/6/2024,1,1,Full-time,"AWS, Java, Kubernetes",Yes,Q1/2025,4.2,Mobile App Design,62.4,10,No,Yes,4,1,Low,Yes
E1829,31,Female,Single,Master,HR,HR Executive,9/1/2019,6,7,Full-time,"React, C#, NoSQL, Java",No,Q1/2025,3.4,DevOps Automation,87.3,20,No,Yes,1,2,Low,No
E1830,37,Female,Married,Bachelor,IT,DevOps Engineer,1/23/2011,14,16,Full-time,"Angular, React, C#, Vue.js, Docker",No,Q1/2025,4.2,AI/ML Model Deployment,62.2,50,No,No,3,2,Low,Yes
E1831,35,Male,Married,Bachelor,HR,HR Executive,11/28/2014,11,14,Part-time,"Java, GCP, NoSQL, SQL",Yes,Q1/2025,4.3,AI/ML Model Deployment,53.7,35,Yes,No,1,2,Medium,No
E1832,22,Female,Single,Master,Sales,Sales Executive,9/13/2013,12,15,Full-time,"Angular, C#, GCP, Docker",No,Q1/2025,3.5,DevOps Automation,80.0,52,No,No,2,3,Medium,No
E1833,30,Male,Married,Bachelor,QA,Test Analyst,4/9/2023,2,2,Full-time,"Angular, SQL, C#, Docker",No,Q1/2025,3.7,DevOps Automation,44.5,18,No,No,3,5,High,No
E1834,40,Male,Single,Bachelor,Sales,Sales Executive,4/20/2022,3,6,Full-time,"Python, C#, React, SQL",Yes,Q1/2025,4.0,DevOps Automation,43.5,18,Yes,No,2,3,High,Yes
E1835,34,Male,Married,Bachelor,Marketing,Digital Marketer,7/17/2015,10,12,Part-time,"Azure, GCP",No,Q1/2025,4.3,Cybersecurity Implementation,62.1,44,No,No,3,2,Low,No
E1836,33,Male,Married,Bachelor,Marketing,Digital Marketer,8/18/2012,13,15,Full-time,"Azure, Docker, Angular, NoSQL",Yes,Q1/2025,3.8,Data Analytics Platform,77.0,37,Yes,No,1,4,Medium,No
E1837,27,Female,Married,Bachelor,Finance,Financial Analyst,9/18/2015,10,12,Contractor,"Vue.js, NoSQL, React, Kubernetes, Azure",Yes,Q1/2025,3.2,Data Analytics Platform,80.0,35,No,Yes,1,5,Low,No
E1838,35,Male,Married,Bachelor,Marketing,Content Specialist,12/23/2020,5,7,Full-time,"SQL, React, Azure, Docker",Yes,Q1/2025,4.6,Cybersecurity Implementation,92.6,34,No,No,3,4,Low,No
E1839,28,Female,Single,Bachelor,QA,QA Engineer,9/2/2015,10,12,Full-time,"GCP, Docker",No,Q1/2025,3.9,DevOps Automation,91.1,40,No,No,2,5,Low,No
E1840,32,Female,Married,Master,Sales,Account Manager,7/24/2016,9,11,Full-time,"C#, GCP, React, Docker",Yes,Q1/2025,3.7,Mobile App Design,65.7,30,No,No,3,5,Medium,No
E1841,28,Female,Married,Bachelor,Marketing,Business Analyst,2/28/2021,4,5,Part-time,"Kubernetes, SQL, React",No,Q1/2025,3.1,Cloud Migration,44.5,18,No,Yes,5,2,Low,No
E1842,33,Male,Married,Master,HR,HR Executive,5/12/2019,6,9,Contractor,"GCP, C#, Kubernetes, Docker, Java",Yes,Q1/2025,3.8,AI/ML Model Deployment,73.6,25,No,No,1,3,Medium,No
E1843,33,Male,Married,College,HR,Recruiter,6/16/2022,3,3,Full-time,"Python, Vue.js",Yes,Q1/2025,4.5,Cloud Migration,48.5,14,No,No,3,3,Medium,No
E1844,29,Male,Married,Bachelor,QA,QA Engineer,2/7/2015,10,12,Full-time,"Kubernetes, NoSQL, Angular, C#, React",No,Q1/2025,4.2,Cybersecurity Implementation,77.9,38,No,No,4,2,Medium,No
E1845,33,Male,Single,PhD,Finance,Financial Analyst,5/2/2016,9,11,Full-time,"Java, Python, SQL, C#",Yes,Q1/2025,3.9,Cloud Migration,93.3,32,No,No,3,5,Low,No
E1846,22,Female,Married,Bachelor,Sales,Sales Executive,2/4/2019,6,7,Full-time,"Vue.js, Kubernetes, React, Java",No,Q1/2025,2.6,AI/ML Model Deployment,75.1,21,No,Yes,2,1,Medium,No
E1847,35,Male,Married,Bachelor,Sales,Sales Executive,9/25/2023,2,4,Full-time,"Kubernetes, NoSQL, React",Yes,Q1/2025,3.8,Cybersecurity Implementation,82.6,17,No,No,3,5,Low,No
E1848,32,Female,Married,Bachelor,Marketing,Business Analyst,6/15/2013,12,14,Full-time,"AWS, C#",Yes,Q1/2025,2.8,AI/ML Model Deployment,79.9,40,Yes,Yes,2,2,Low,No
E1849,32,Female,Single,Master,IT,System Admin,3/25/2019,6,8,Full-time,"Azure, Docker, Python, C#",Yes,Q1/2025,4.1,Web Application Development,35.4,34,Yes,No,3,4,Medium,No
E1850,31,Male,Single,College,Finance,Finance Manager,10/4/2011,14,17,Full-time,"Python, Azure, Angular, Java, Kubernetes",Yes,Q1/2025,2.8,API Development,84.8,64,No,Yes,1,4,Medium,No
E1851,27,Female,Single,Bachelor,QA,Test Analyst,1/31/2015,10,11,Full-time,"Python, Azure, Vue.js, SQL",No,Q1/2025,3.9,AI/ML Model Deployment,93.2,38,No,No,4,2,High,No
E1852,32,Male,Married,Bachelor,HR,Recruiter,5/28/2016,9,12,Full-time,"Java, AWS, NoSQL, Angular",No,Q1/2025,4.1,Data Analytics Platform,84.0,27,No,No,2,5,Low,No
E1853,35,Female,Married,Bachelor,QA,Test Analyst,9/30/2020,5,5,Full-time,"Docker, Angular, GCP, React, SQL",No,Q1/2025,4.2,API Development,78.7,34,No,No,4,4,Low,No
E1854,30,Male,Married,Bachelor,QA,Test Analyst,8/21/2012,13,16,Full-time,"AWS, Vue.js, Kubernetes, Angular",No,Q1/2025,3.2,AI/ML Model Deployment,74.0,49,No,Yes,4,4,Medium,No
E1855,29,Female,Single,College,Marketing,Business Analyst,9/25/2011,14,14,Full-time,"AWS, Azure, Vue.js, React, Kubernetes",Yes,Q1/2025,4.2,Data Analytics Platform,79.9,38,No,No,1,4,Medium,No
E1856,25,Male,Married,Bachelor,HR,Recruiter,6/20/2020,5,6,Contractor,"AWS, Python, Angular, Kubernetes, SQL",Yes,Q1/2025,3.9,Mobile App Design,61.0,34,Yes,No,5,4,Low,No
E1857,27,Female,Single,Bachelor,QA,QA Engineer,4/23/2010,15,18,Part-time,"GCP, SQL, C#",Yes,Q1/2025,3.2,Web Application Development,60.9,36,No,Yes,4,4,High,No
E1858,27,Other,Single,Bachelor,IT,System Admin,12/29/2012,13,14,Full-time,"NoSQL, Azure, Java, Vue.js",Yes,Q1/2025,3.6,Cloud Migration,65.7,56,No,No,4,1,Low,No
E1859,22,Female,Married,College,Sales,Account Manager,5/30/2013,12,14,Full-time,"GCP, Azure, Python, React, NoSQL",Yes,Q1/2025,2.4,Cybersecurity Implementation,73.9,56,No,Yes,2,2,Medium,No
E1860,38,Male,Married,Bachelor,Finance,Finance Manager,2/16/2020,5,8,Contractor,"SQL, Kubernetes, Python, NoSQL, GCP",Yes,Q1/2025,4.3,Data Analytics Platform,42.4,47,Yes,No,3,2,Low,Yes
E1861,31,Male,Divorced,Master,QA,QA Engineer,7/21/2022,3,3,Contractor,"React, Docker, AWS, Kubernetes",Yes,Q1/2025,4.8,Web Application Development,93.2,17,No,No,1,3,High,No
E1862,27,Female,Married,Master,QA,Test Analyst,5/7/2022,3,4,Contractor,"Docker, Java, AWS, C#, Angular",No,Q1/2025,3.2,API Development,71.4,17,No,Yes,5,3,High,No
E1863,33,Female,Single,Master,Finance,Finance Manager,1/6/2016,9,9,Full-time,"React, SQL, Angular, Azure, C#",Yes,Q1/2025,4.1,Cybersecurity Implementation,49.6,29,No,No,5,5,High,No
E1864,35,Female,Single,Bachelor,IT,Software Engineer,8/21/2015,10,13,Full-time,"React, C#",No,Q1/2025,4.2,Data Analytics Platform,97.0,46,No,No,3,4,Low,No
E1865,28,Female,Single,Master,QA,Test Analyst,4/29/2016,9,10,Full-time,"GCP, SQL, Docker, NoSQL, Python",Yes,Q1/2025,4.4,API Development,67.8,27,No,No,3,3,Low,No
E1866,22,Male,Married,Master,Marketing,Digital Marketer,7/31/2023,2,2,Part-time,"Docker, NoSQL, Angular, Kubernetes, SQL",Yes,Q1/2025,4.5,AI/ML Model Deployment,83.5,18,No,No,3,2,Medium,No
E1867,30,Male,Married,Master,IT,IT Support,5/5/2018,7,8,Full-time,"AWS, C#, Azure, NoSQL, GCP",Yes,Q1/2025,3.6,DevOps Automation,70.4,29,No,No,2,2,Low,No
E1868,25,Male,Married,Bachelor,IT,IT Support,9/23/2011,14,17,Full-time,"NoSQL, GCP, React, AWS, Docker",No,Q1/2025,2.8,AI/ML Model Deployment,77.5,55,No,Yes,2,3,Low,No
E1869,30,Female,Single,College,HR,HR Executive,12/31/2019,6,9,Full-time,"Java, AWS, React",No,Q1/2025,4.4,Cybersecurity Implementation,83.0,32,No,No,1,1,Medium,No
E1870,26,Female,Married,Bachelor,Sales,Account Manager,12/6/2016,9,10,Full-time,"Vue.js, C#, Angular, NoSQL",Yes,Q1/2025,3.8,DevOps Automation,57.1,29,No,No,4,5,Low,No
E1871,28,Male,Single,PhD,HR,Recruiter,5/30/2020,5,7,Contractor,"GCP, AWS, Kubernetes",No,Q1/2025,4.3,DevOps Automation,50.0,30,No,No,4,5,Low,No
E1872,22,Female,Married,Bachelor,Finance,Finance Manager,7/2/2016,9,11,Full-time,"GCP, Angular, Java, Kubernetes, AWS",No,Q1/2025,2.4,AI/ML Model Deployment,70.5,36,No,Yes,5,5,High,Yes
E1873,25,Female,Married,Bachelor,Sales,Account Manager,4/6/2021,4,6,Full-time,"Docker, SQL, C#, Azure, React",Yes,Q1/2025,3.7,Cloud Migration,86.4,28,No,No,3,1,Low,No
E1874,24,Female,Single,Bachelor,QA,QA Engineer,6/4/2014,11,13,Part-time,"C#, GCP",No,Q1/2025,2.9,AI/ML Model Deployment,74.2,38,No,Yes,5,3,High,Yes
E1875,22,Female,Married,Master,HR,Recruiter,4/16/2020,5,8,Full-time,"Java, Vue.js, GCP",Yes,Q1/2025,4.5,DevOps Automation,54.6,35,No,No,2,3,Medium,No
E1876,29,Female,Single,Bachelor,IT,Software Engineer,7/22/2011,14,14,Full-time,"React, GCP, NoSQL, Azure, SQL",No,Q1/2025,2.6,Cloud Migration,73.2,35,No,Yes,2,4,Low,No
E1877,29,Male,Married,PhD,IT,DevOps Engineer,8/13/2020,5,8,Full-time,"Vue.js, Azure, AWS, Angular",Yes,Q1/2025,3.5,AI/ML Model Deployment,64.6,23,No,No,5,3,Low,No
E1878,30,Female,Single,Bachelor,IT,DevOps Engineer,7/10/2021,4,4,Contractor,"Azure, GCP",No,Q1/2025,2.9,AI/ML Model Deployment,38.7,16,No,Yes,1,3,High,Yes
E1879,29,Male,Single,Bachelor,Marketing,Digital Marketer,9/19/2010,15,18,Full-time,"React, GCP, Vue.js",No,Q1/2025,3.5,Web Application Development,81.2,49,No,No,2,4,Low,No
E1880,31,Male,Single,College,HR,Recruiter,8/20/2010,15,17,Full-time,"Vue.js, NoSQL, Angular",Yes,Q1/2025,3.5,Web Application Development,64.7,49,No,No,4,4,Low,No
E1881,22,Male,Married,Bachelor,Finance,Finance Manager,3/4/2021,4,5,Full-time,"Kubernetes, SQL, Python",No,Q1/2025,4.4,AI/ML Model Deployment,57.0,16,Yes,No,3,2,Medium,No
E1882,24,Female,Single,Bachelor,QA,Test Analyst,12/16/2014,11,13,Full-time,"NoSQL, Kubernetes, SQL, React",Yes,Q1/2025,4.1,Cloud Migration,73.9,44,No,No,1,2,Low,No
E1883,24,Male,Married,Bachelor,Marketing,Digital Marketer,10/27/2016,9,9,Full-time,"Vue.js, Kubernetes, GCP, Java",No,Q1/2025,2.4,API Development,75.9,28,No,Yes,2,2,Low,No
E1884,34,Female,Single,Bachelor,QA,Test Analyst,9/21/2017,8,10,Full-time,"Angular, React, Docker, NoSQL",No,Q1/2025,4.6,Data Analytics Platform,69.4,24,No,No,2,5,Medium,No
E1885,24,Male,Single,Bachelor,QA,QA Engineer,4/25/2018,7,7,Full-time,"C#, Kubernetes, Docker",No,Q1/2025,4.2,Cloud Migration,56.7,35,No,No,5,4,High,No
E1886,34,Male,Single,College,HR,HR Executive,5/25/2017,8,9,Full-time,"Python, NoSQL, SQL",Yes,Q1/2025,4.1,Cybersecurity Implementation,67.1,21,No,No,3,5,Medium,No
E1887,35,Male,Divorced,Master,Sales,Account Manager,10/17/2023,2,4,Full-time,"Java, Kubernetes, C#, AWS, Angular",No,Q1/2025,4.4,Cybersecurity Implementation,86.8,28,No,No,4,2,Low,No
E1888,28,Female,Married,Bachelor,QA,Test Analyst,7/11/2011,14,16,Part-time,"NoSQL, Java, Vue.js, Angular",No,Q1/2025,4.7,DevOps Automation,91.3,50,No,No,4,2,Low,No
E1889,33,Other,Single,PhD,Sales,Sales Executive,9/4/2019,6,6,Full-time,"Docker, Azure, GCP, NoSQL, Vue.js",No,Q1/2025,3.1,Mobile App Design,79.1,23,No,Yes,1,1,Medium,No
E1890,26,Female,Married,Master,QA,QA Engineer,1/7/2016,9,10,Full-time,"C#, Azure, Docker",No,Q1/2025,3.9,Cloud Migration,81.0,25,Yes,No,2,2,High,No
E1891,26,Male,Single,Bachelor,Sales,Account Manager,4/22/2011,14,17,Full-time,"SQL, React, Kubernetes, C#",Yes,Q1/2025,3.7,AI/ML Model Deployment,43.6,50,Yes,No,2,4,Low,No
E1892,37,Male,Married,Bachelor,Finance,Accountant,5/2/2024,1,3,Full-time,"C#, Azure, AWS",Yes,Q1/2025,4.6,DevOps Automation,96.9,9,No,Yes,3,2,Medium,Yes
E1893,33,Male,Married,College,QA,Test Analyst,7/21/2014,11,11,Full-time,"AWS, Angular, Python",Yes,Q1/2025,3.8,Cybersecurity Implementation,52.1,35,Yes,No,5,4,Medium,No
E1894,32,Male,Divorced,Bachelor,Marketing,Digital Marketer,9/29/2011,14,17,Full-time,"Python, Kubernetes",Yes,Q1/2025,3.6,Mobile App Design,96.0,60,No,No,4,5,Low,No
E1895,24,Female,Single,Bachelor,IT,System Admin,12/5/2019,6,7,Full-time,"GCP, SQL, Vue.js",No,Q1/2025,3.4,DevOps Automation,94.1,33,No,Yes,4,2,Medium,No
E1896,33,Female,Single,Bachelor,HR,HR Executive,9/9/2015,10,13,Full-time,"Kubernetes, React, GCP",No,Q1/2025,4.1,Web Application Development,36.3,52,No,No,3,4,Low,No
E1897,28,Female,Married,Bachelor,Sales,Account Manager,6/30/2018,7,10,Full-time,"Vue.js, Java",No,Q1/2025,4.0,API Development,62.9,29,Yes,No,4,5,Low,No
E1898,26,Female,Married,Master,QA,Test Analyst,2/5/2010,15,18,Full-time,"Azure, Angular, Python, React",No,Q1/2025,2.5,Mobile App Design,82.8,36,No,Yes,4,1,Low,No
E1899,26,Male,Single,Bachelor,Finance,Accountant,3/24/2020,5,5,Full-time,"AWS, React",Yes,Q1/2025,4.5,Cybersecurity Implementation,68.8,31,No,No,5,1,Medium,No
E1900,34,Female,Married,Bachelor,Marketing,Business Analyst,7/12/2012,13,16,Full-time,"Java, GCP",No,Q1/2025,4.3,API Development,76.5,41,No,No,5,3,Low,No
E1901,27,Male,Single,Bachelor,Sales,Sales Executive,3/30/2015,10,11,Full-time,"React, Docker, GCP",No,Q1/2025,1.8,Data Analytics Platform,89.6,35,Yes,Yes,5,2,Low,No
E1902,29,Male,Single,Bachelor,Finance,Financial Analyst,5/23/2021,4,4,Full-time,"C#, Azure",Yes,Q1/2025,4.1,API Development,84.2,16,No,No,4,3,Low,No
E1903,22,Female,Married,College,IT,Software Engineer,4/18/2023,2,4,Full-time,"Kubernetes, Docker",No,Q1/2025,3.0,Data Analytics Platform,84.5,15,No,Yes,3,2,Medium,No
E1904,30,Female,Married,Bachelor,IT,System Admin,6/17/2013,12,12,Full-time,"Docker, Azure, Java, GCP",Yes,Q1/2025,4.8,Web Application Development,70.8,46,No,No,2,5,High,No
E1905,29,Female,Married,College,Finance,Accountant,10/30/2012,13,13,Contractor,"AWS, SQL",Yes,Q1/2025,2.8,Cloud Migration,43.9,53,No,Yes,4,1,Low,No
E1906,31,Female,Married,Bachelor,Sales,Sales Executive,7/19/2017,8,10,Full-time,"C#, SQL, Kubernetes, Docker",Yes,Q1/2025,4.7,Cloud Migration,68.4,35,No,No,1,4,Low,No
E1907,27,Male,Single,Bachelor,QA,QA Engineer,5/9/2020,5,8,Part-time,"GCP, Python, Java, NoSQL, Docker",Yes,Q1/2025,3.0,Mobile App Design,86.9,35,No,Yes,5,4,Medium,No
E1908,27,Female,Single,Bachelor,Sales,Sales Executive,1/29/2017,8,11,Full-time,"NoSQL, C#, Docker, Kubernetes",Yes,Q1/2025,4.2,Cloud Migration,77.0,24,No,No,3,1,Low,No
E1909,35,Female,Married,Bachelor,IT,System Admin,9/10/2018,7,10,Full-time,"Java, Azure, AWS",Yes,Q1/2025,2.7,DevOps Automation,58.0,25,No,Yes,3,1,Medium,No
E1910,23,Female,Single,Bachelor,Marketing,Digital Marketer,10/4/2020,5,7,Full-time,"AWS, Angular, Docker, Kubernetes, Azure",Yes,Q1/2025,2.7,AI/ML Model Deployment,59.8,27,No,Yes,3,3,Medium,No
E1911,36,Male,Married,Bachelor,QA,QA Engineer,3/6/2011,14,15,Full-time,"Kubernetes, C#, NoSQL",No,Q1/2025,3.9,Cloud Migration,67.6,60,No,No,1,1,Medium,No
E1912,22,Female,Single,College,IT,Software Engineer,12/2/2017,8,11,Full-time,"Angular, Python, Docker",No,Q1/2025,3.1,API Development,51.7,20,No,Yes,3,1,Low,No
E1913,34,Male,Single,College,Marketing,Business Analyst,10/20/2016,9,11,Part-time,"NoSQL, Java, SQL, Kubernetes, Python",No,Q1/2025,3.4,Web Application Development,72.3,32,No,Yes,5,5,Low,No
E1914,27,Male,Married,Bachelor,Sales,Sales Executive,7/30/2014,11,14,Full-time,"Angular, GCP",Yes,Q1/2025,3.7,Cybersecurity Implementation,90.4,41,No,No,5,1,Medium,No
E1915,30,Female,Single,Master,Sales,Account Manager,1/22/2019,6,8,Full-time,"Kubernetes, NoSQL, Docker, Java, Vue.js",Yes,Q1/2025,3.0,AI/ML Model Deployment,56.5,35,No,Yes,5,2,Medium,No
E1916,30,Male,Single,College,Marketing,Digital Marketer,10/30/2017,8,11,Full-time,"GCP, React, AWS",Yes,Q1/2025,3.5,Data Analytics Platform,88.1,32,No,No,2,4,Low,No
E1917,29,Male,Married,Master,IT,System Admin,10/6/2014,11,12,Full-time,"AWS, Angular, NoSQL",Yes,Q1/2025,5.0,DevOps Automation,44.8,44,No,No,2,4,High,No
E1918,26,Female,Married,Bachelor,QA,Test Analyst,3/8/2014,11,13,Full-time,"C#, SQL",No,Q1/2025,2.9,Mobile App Design,66.6,37,No,Yes,5,5,Low,No
E1919,32,Male,Married,Bachelor,QA,Test Analyst,4/4/2023,2,4,Full-time,"Vue.js, SQL, Docker",No,Q1/2025,4.1,Cybersecurity Implementation,70.0,15,Yes,No,5,4,Medium,No
E1920,22,Male,Married,Bachelor,HR,Recruiter,9/2/2024,1,3,Part-time,"Python, Docker, GCP, C#",Yes,Q1/2025,4.4,Mobile App Design,67.7,9,No,Yes,1,1,Low,No
E1921,25,Female,Single,Bachelor,HR,Recruiter,10/18/2011,14,15,Full-time,"C#, Docker, React, SQL",Yes,Q1/2025,4.2,Cloud Migration,62.5,45,No,No,4,1,Low,No
E1922,22,Male,Single,Master,QA,Test Analyst,2/8/2021,4,4,Full-time,"C#, Java, SQL, GCP",Yes,Q1/2025,2.6,Data Analytics Platform,89.8,20,No,Yes,3,2,Medium,No
E1923,22,Male,Married,Master,HR,Recruiter,10/29/2013,12,13,Full-time,"Vue.js, Java",Yes,Q1/2025,3.0,Mobile App Design,19.4,48,No,Yes,5,2,High,Yes
E1924,28,Female,Single,Bachelor,Finance,Financial Analyst,4/24/2016,9,11,Full-time,"Vue.js, React, GCP",No,Q1/2025,4.3,DevOps Automation,68.7,21,No,No,1,3,Low,No
E1925,33,Male,Single,Master,Sales,Account Manager,12/17/2013,12,15,Full-time,"Angular, Kubernetes, Azure",Yes,Q1/2025,3.7,AI/ML Model Deployment,53.3,70,No,No,5,2,Low,No
E1926,29,Female,Divorced,College,Finance,Accountant,1/1/2015,10,11,Full-time,"React, SQL, Kubernetes, AWS",No,Q1/2025,4.0,Data Analytics Platform,87.4,48,No,No,1,3,Medium,No
E1927,23,Male,Single,Master,Marketing,Content Specialist,1/31/2016,9,9,Full-time,"React, SQL, Kubernetes, Angular, Java",No,Q1/2025,3.6,Web Application Development,70.3,32,No,No,1,4,Low,No
E1928,33,Male,Married,Bachelor,IT,System Admin,2/24/2012,13,14,Full-time,"C#, Vue.js",Yes,Q1/2025,3.5,API Development,75.9,57,Yes,No,3,1,Low,No
E1929,35,Other,Single,Master,Finance,Finance Manager,10/4/2016,9,12,Full-time,"GCP, C#, Java",No,Q1/2025,4.0,API Development,74.4,47,No,No,5,5,Low,No
E1930,38,Male,Married,Bachelor,Marketing,Business Analyst,6/3/2022,3,4,Full-time,"C#, Python, SQL, Java",Yes,Q1/2025,3.0,Cloud Migration,67.5,18,No,Yes,4,2,Medium,Yes
E1931,32,Male,Married,Bachelor,Marketing,Content Specialist,1/20/2021,4,7,Full-time,"AWS, SQL, Vue.js",No,Q1/2025,3.2,Web Application Development,98.4,19,No,Yes,4,2,High,No
E1932,31,Female,Married,Bachelor,HR,HR Executive,3/13/2024,1,3,Full-time,"Kubernetes, Azure, NoSQL, SQL, AWS",No,Q1/2025,3.2,Web Application Development,57.4,12,Yes,Yes,3,1,Low,No
E1933,28,Female,Married,Master,Finance,Accountant,2/22/2010,15,17,Full-time,"React, Azure, Python, NoSQL",Yes,Q1/2025,3.4,Cloud Migration,60.4,52,No,Yes,5,4,Medium,No
E1934,32,Female,Single,College,Finance,Financial Analyst,2/11/2018,7,7,Full-time,"Docker, Python, Kubernetes, Vue.js, Java",No,Q1/2025,4.1,API Development,75.3,25,No,No,4,2,Medium,No
E1935,33,Male,Married,Bachelor,IT,Software Engineer,12/9/2016,9,12,Part-time,"Azure, Angular, Python, AWS",Yes,Q1/2025,3.5,DevOps Automation,83.6,25,No,No,3,2,Medium,No
E1936,33,Female,Single,Bachelor,QA,Test Analyst,1/4/2011,14,14,Part-time,"GCP, Vue.js, SQL, Kubernetes, React",Yes,Q1/2025,3.8,DevOps Automation,63.2,46,No,No,2,3,Low,No
E1937,26,Male,Single,Master,Finance,Financial Analyst,10/3/2010,15,18,Full-time,"Java, GCP",Yes,Q1/2025,3.1,Cloud Migration,88.1,58,No,Yes,2,5,Low,No
E1938,24,Female,Married,Bachelor,HR,HR Executive,4/12/2011,14,14,Full-time,"Angular, GCP, Azure, SQL, Python",Yes,Q1/2025,3.8,DevOps Automation,78.4,38,Yes,No,1,1,Medium,No
E1939,34,Female,Single,Master,HR,Recruiter,9/30/2024,1,3,Full-time,"Kubernetes, Vue.js, React, AWS",Yes,Q1/2025,4.8,Mobile App Design,82.7,11,No,Yes,2,5,Low,No
E1940,32,Male,Single,Bachelor,HR,HR Executive,6/11/2022,3,3,Full-time,"C#, Python, Docker, React",Yes,Q1/2025,2.9,API Development,85.6,18,No,Yes,5,4,Low,No
E1941,32,Male,Single,Bachelor,Sales,Sales Executive,6/10/2023,2,2,Full-time,"Angular, Java",No,Q1/2025,3.3,Web Application Development,58.1,15,No,Yes,4,1,High,No
E1942,36,Male,Married,Master,HR,HR Executive,6/17/2012,13,16,Part-time,"Angular, Java, AWS, NoSQL",Yes,Q1/2025,4.3,AI/ML Model Deployment,81.7,50,No,No,1,5,High,No
E1943,28,Male,Single,Bachelor,IT,DevOps Engineer,5/29/2018,7,8,Full-time,"Docker, Kubernetes, NoSQL",Yes,Q1/2025,4.7,Web Application Development,59.8,22,No,No,3,4,Low,No
E1944,37,Male,Single,Bachelor,IT,DevOps Engineer,1/3/2011,14,14,Part-time,"Azure, Vue.js",No,Q1/2025,3.9,Cybersecurity Implementation,91.9,56,No,No,1,1,High,Yes
E1945,40,Male,Married,Bachelor,Sales,Sales Executive,9/3/2016,9,10,Part-time,"React, SQL, NoSQL",Yes,Q1/2025,3.4,DevOps Automation,85.0,33,No,Yes,1,3,High,Yes
E1946,34,Female,Single,Master,Marketing,Content Specialist,2/1/2022,3,3,Full-time,"Docker, C#",No,Q1/2025,4.4,Mobile App Design,41.9,15,No,No,1,3,Medium,No
E1947,34,Male,Married,Bachelor,Finance,Financial Analyst,11/26/2016,9,11,Full-time,"Angular, AWS, React, NoSQL, C#",Yes,Q1/2025,3.1,Cybersecurity Implementation,57.9,21,No,Yes,3,1,Low,No
E1948,42,Male,Single,Bachelor,HR,HR Executive,8/19/2024,1,1,Full-time,"AWS, Azure, React, Kubernetes",Yes,Q1/2025,3.8,DevOps Automation,66.8,11,No,Yes,3,5,High,Yes
E1949,22,Female,Married,Bachelor,QA,Test Analyst,3/30/2019,6,9,Full-time,"Docker, GCP",No,Q1/2025,4.2,Data Analytics Platform,79.5,33,No,No,4,3,High,No
E1950,29,Male,Married,Bachelor,Finance,Accountant,4/18/2011,14,17,Full-time,"C#, Angular, NoSQL, AWS",Yes,Q1/2025,4.6,DevOps Automation,65.8,55,No,No,1,1,Medium,No
E1951,35,Male,Single,Bachelor,IT,Software Engineer,12/17/2013,12,14,Full-time,"Python, SQL, Azure, React, Docker",Yes,Q1/2025,3.1,AI/ML Model Deployment,90.4,38,No,Yes,5,1,Low,No
E1952,35,Female,Married,Bachelor,QA,QA Engineer,6/20/2014,11,11,Full-time,"SQL, Docker, Python, React",Yes,Q1/2025,4.6,Data Analytics Platform,78.1,54,No,No,5,5,Low,No
E1953,25,Female,Single,Master,Sales,Account Manager,5/28/2017,8,11,Part-time,"Vue.js, Angular, GCP, C#, AWS",No,Q1/2025,3.6,Mobile App Design,56.7,43,No,No,5,3,High,No
E1954,25,Female,Married,Bachelor,Marketing,Business Analyst,3/15/2023,2,3,Full-time,"SQL, Kubernetes, Java, Vue.js",Yes,Q1/2025,3.7,API Development,63.3,14,No,No,5,3,High,No
E1955,27,Female,Single,Master,Marketing,Digital Marketer,4/25/2016,9,11,Full-time,"Azure, Vue.js, SQL, Java",No,Q1/2025,4.0,Cybersecurity Implementation,51.6,24,No,No,4,2,Low,No
E1956,37,Male,Single,College,HR,Recruiter,6/25/2018,7,7,Full-time,"Azure, C#",Yes,Q1/2025,3.5,Web Application Development,47.5,20,No,No,5,4,Medium,Yes
E1957,27,Female,Married,Bachelor,Finance,Finance Manager,12/18/2015,10,12,Contractor,"Java, Azure, Docker",No,Q1/2025,3.8,Cloud Migration,92.0,53,No,No,3,2,Low,No
E1958,33,Female,Divorced,Bachelor,Sales,Sales Executive,3/11/2018,7,8,Full-time,"Python, Java, C#",Yes,Q1/2025,4.6,API Development,78.9,35,No,No,1,5,Low,No
E1959,27,Female,Married,Bachelor,QA,QA Engineer,5/17/2015,10,13,Full-time,"React, Docker, Python, SQL",No,Q1/2025,3.8,AI/ML Model Deployment,64.6,52,No,No,4,4,Low,No
E1960,29,Female,Single,Bachelor,Finance,Finance Manager,5/5/2023,2,5,Full-time,"NoSQL, Java, Python, Angular",No,Q1/2025,3.5,Cybersecurity Implementation,78.2,25,No,No,2,1,Low,No
E1961,22,Male,Married,Bachelor,Marketing,Digital Marketer,5/19/2013,12,13,Contractor,"SQL, Vue.js, C#",No,Q1/2025,4.0,Mobile App Design,70.2,42,Yes,No,5,2,Low,No
E1962,29,Male,Divorced,College,Marketing,Business Analyst,8/13/2015,10,11,Full-time,"C#, GCP, Java, AWS, Vue.js",Yes,Q1/2025,3.5,API Development,85.0,52,No,No,2,5,Medium,No
E1963,22,Male,Married,College,HR,Recruiter,9/3/2017,8,10,Full-time,"Docker, GCP, Azure",Yes,Q1/2025,4.0,Cybersecurity Implementation,86.7,33,No,No,3,5,Medium,No
E1964,33,Male,Single,PhD,Marketing,Business Analyst,8/28/2012,13,13,Full-time,"Python, React, Kubernetes, Vue.js",Yes,Q1/2025,3.4,API Development,90.0,44,No,Yes,3,3,Low,No
E1965,22,Female,Divorced,Bachelor,Marketing,Content Specialist,12/2/2024,1,1,Full-time,"Python, Vue.js, Docker",Yes,Q1/2025,3.6,API Development,85.3,12,No,Yes,4,3,Low,No
E1966,27,Female,Married,Master,Finance,Accountant,2/9/2021,4,7,Full-time,"AWS, NoSQL, C#",No,Q1/2025,4.0,API Development,61.1,14,No,No,4,4,Low,No
E1967,32,Female,Single,Master,Marketing,Digital Marketer,12/8/2016,9,10,Full-time,"C#, AWS, NoSQL, GCP",No,Q1/2025,3.0,DevOps Automation,89.6,25,No,Yes,5,1,High,Yes
E1968,26,Female,Married,Bachelor,Sales,Account Manager,9/7/2015,10,10,Full-time,"SQL, Vue.js, Kubernetes, GCP",No,Q1/2025,3.6,API Development,85.6,56,No,No,5,5,Medium,No
E1969,35,Male,Single,Master,IT,Software Engineer,3/28/2022,3,5,Full-time,"SQL, Kubernetes, AWS, React, C#",No,Q1/2025,2.7,Mobile App Design,68.3,14,No,Yes,5,3,Low,No
E1970,24,Female,Single,Bachelor,Finance,Financial Analyst,4/11/2018,7,10,Full-time,"AWS, Python, Kubernetes, C#, SQL",No,Q1/2025,3.6,Cybersecurity Implementation,61.4,22,No,No,1,1,Low,No
E1971,22,Female,Married,Bachelor,Marketing,Digital Marketer,12/9/2020,5,8,Full-time,"React, GCP",Yes,Q1/2025,3.8,Cybersecurity Implementation,40.2,30,No,No,4,1,Low,No
E1972,38,Male,Married,College,Marketing,Business Analyst,2/17/2015,10,11,Full-time,"React, Azure, Docker, Kubernetes",Yes,Q1/2025,3.9,Mobile App Design,58.5,49,No,No,2,1,Low,Yes
E1973,22,Female,Single,Master,Sales,Account Manager,3/13/2016,9,12,Part-time,"SQL, React, GCP, Python, Vue.js",Yes,Q1/2025,4.6,API Development,60.2,29,No,No,3,2,High,No
E1974,34,Male,Married,Bachelor,Marketing,Content Specialist,2/20/2015,10,12,Full-time,"NoSQL, AWS, Python, GCP, Vue.js",Yes,Q1/2025,4.0,API Development,79.7,45,No,No,1,3,Medium,No
E1975,38,Male,Married,College,IT,Software Engineer,5/25/2013,12,15,Full-time,"Angular, Docker, Kubernetes, React",No,Q1/2025,4.3,Data Analytics Platform,47.5,53,No,No,5,2,Medium,Yes
E1976,22,Female,Single,Bachelor,IT,DevOps Engineer,3/17/2012,13,15,Full-time,"Azure, Docker, Kubernetes, Java",Yes,Q1/2025,2.8,Cybersecurity Implementation,97.8,38,No,Yes,2,5,Medium,No
E1977,31,Female,Married,Bachelor,IT,Software Engineer,4/3/2023,2,4,Contractor,"React, Vue.js",No,Q1/2025,4.7,Data Analytics Platform,58.7,12,No,No,3,1,Medium,No
E1978,29,Male,Single,Bachelor,Finance,Accountant,10/17/2011,14,16,Full-time,"React, AWS, SQL",No,Q1/2025,3.0,Web Application Development,70.2,49,No,Yes,1,4,Medium,No
E1979,38,Female,Married,Master,IT,DevOps Engineer,10/31/2010,15,16,Full-time,"Azure, NoSQL, Kubernetes",Yes,Q1/2025,3.9,Data Analytics Platform,88.4,36,No,No,2,1,Medium,Yes
E1980,22,Female,Single,Bachelor,Finance,Finance Manager,12/31/2020,5,8,Full-time,"SQL, Python, C#, Docker, Azure",Yes,Q1/2025,4.5,Web Application Development,73.2,49,No,No,3,5,Low,No
E1981,28,Male,Single,Master,IT,Software Engineer,11/17/2014,11,14,Full-time,"Vue.js, Kubernetes",No,Q1/2025,5.0,Web Application Development,70.4,60,No,No,5,5,Medium,No
E1982,35,Female,Married,College,HR,Recruiter,4/23/2019,6,7,Part-time,"Python, Vue.js, AWS, Azure",No,Q1/2025,4.8,AI/ML Model Deployment,65.7,31,No,No,4,4,Low,No
E1983,34,Male,Married,Bachelor,Sales,Account Manager,12/1/2022,3,3,Full-time,"NoSQL, Kubernetes, Java, React",No,Q1/2025,3.7,Web Application Development,40.8,22,No,No,1,3,Low,No
E1984,32,Male,Married,Bachelor,QA,Test Analyst,8/4/2012,13,16,Full-time,"Vue.js, C#, Docker",No,Q1/2025,3.6,API Development,64.8,52,No,No,1,1,Medium,No
E1985,25,Male,Single,Master,HR,Recruiter,3/22/2024,1,4,Full-time,"Angular, SQL, Docker, Kubernetes, Python",No,Q1/2025,3.2,AI/ML Model Deployment,78.0,10,No,Yes,5,2,High,No
E1986,38,Female,Single,Bachelor,QA,QA Engineer,1/5/2017,8,10,Full-time,"AWS, Docker, Python, React",No,Q1/2025,4.2,Mobile App Design,78.3,31,No,No,2,5,Medium,Yes
E1987,29,Male,Married,Master,HR,Recruiter,11/17/2021,4,4,Full-time,"Java, Vue.js, SQL, Kubernetes",No,Q1/2025,3.8,Cybersecurity Implementation,45.6,17,No,No,2,2,High,No
E1988,27,Other,Married,Master,Marketing,Content Specialist,1/23/2023,2,4,Full-time,"NoSQL, C#, AWS, Docker, Kubernetes",No,Q1/2025,4.5,Mobile App Design,94.9,19,No,No,2,4,Low,No
E1989,34,Female,Single,PhD,Marketing,Business Analyst,6/14/2018,7,8,Full-time,"Docker, AWS, Java",Yes,Q1/2025,4.4,Cloud Migration,80.2,34,No,No,3,1,Medium,No
E1990,36,Female,Single,PhD,HR,HR Executive,4/30/2016,9,10,Full-time,"NoSQL, Docker",Yes,Q1/2025,3.8,API Development,52.1,23,No,No,3,3,Low,No
E1991,32,Female,Married,Bachelor,Finance,Accountant,9/19/2020,5,7,Full-time,"Python, React",Yes,Q1/2025,3.5,Cybersecurity Implementation,75.3,24,No,No,4,4,Low,No
E1992,23,Female,Married,College,Marketing,Business Analyst,9/22/2024,1,3,Full-time,"Docker, AWS",Yes,Q1/2025,3.8,API Development,83.3,9,No,Yes,3,1,Medium,No
E1993,27,Male,Married,Master,Sales,Account Manager,9/25/2024,1,2,Contractor,"Angular, Kubernetes, Docker",Yes,Q1/2025,5.0,AI/ML Model Deployment,74.2,14,No,Yes,3,5,Low,No
E1994,28,Female,Married,Bachelor,Marketing,Digital Marketer,6/10/2016,9,12,Full-time,"Docker, React",Yes,Q1/2025,4.4,Mobile App Design,95.6,24,Yes,No,2,4,High,No
E1995,34,Male,Married,Bachelor,HR,Recruiter,8/5/2023,2,5,Full-time,"NoSQL, GCP, Kubernetes, Angular",Yes,Q1/2025,3.9,Mobile App Design,83.5,19,No,No,2,1,Low,No
E1996,38,Male,Married,Bachelor,Marketing,Digital Marketer,10/25/2015,10,12,Full-time,"C#, NoSQL, AWS, Angular, Vue.js",No,Q1/2025,4.3,Data Analytics Platform,75.7,53,Yes,No,3,4,Medium,Yes
E1997,32,Female,Divorced,Bachelor,Finance,Financial Analyst,7/7/2010,15,18,Full-time,"GCP, Python",Yes,Q1/2025,3.6,AI/ML Model Deployment,55.0,38,No,No,4,1,Medium,No
E1998,31,Female,Single,Bachelor,IT,System Admin,8/3/2012,13,16,Full-time,"Kubernetes, Angular",No,Q1/2025,3.5,API Development,91.3,58,No,No,2,3,Low,No
E1999,31,Female,Single,Bachelor,Finance,Finance Manager,10/5/2022,3,6,Full-time,"React, C#, Java, Docker, Vue.js",Yes,Q1/2025,3.6,Cloud Migration,83.8,22,No,No,5,2,Low,No
E2000,36,Female,Married,College,IT,Software Engineer,8/8/2020,5,8,Contractor,"NoSQL, C#, Azure, AWS, Vue.js",Yes,Q1/2025,3.8,DevOps Automation,78.2,28,No,No,1,4,Low,No
